customer_id,product,units,price,date,sales
103,D,0,19.875236858841944,2024-07-31,0.0
436,B,1,40.17461987277778,2024-05-24,40.17461987277778
861,C,3,17.97176043831122,2024-04-08,53.915281314933665
271,C,3,20.051087039879796,2024-11-05,60.15326111963939
107,B,3,40.300732093890595,2024-11-05,120.90219628167179
72,A,4,10.228512826367638,2024-06-28,40.91405130547055
701,C,4,43.10658328832985,2024-05-14,172.4263331533194
21,A,3,16.960663199934793,2024-07-08,50.88198959980438
615,C,4,7.30503819630087,2024-01-30,29.22015278520348
122,A,3,10.280421788166016,2024-03-22,30.84126536449805
467,A,5,47.864969903247065,2024-02-26,239.32484951623533
215,A,4,25.30957797697408,2024-06-22,101.23831190789632
331,B,1,16.53971476993061,2024-07-26,16.53971476993061
459,A,1,28.45719275806378,2024-11-21,28.45719275806378
88,A,1,35.70559940272101,2024-11-17,35.70559940272101
373,A,2,19.34592836198312,2024-07-01,38.69185672396624
100,C,2,37.63720414224608,2024-08-22,75.27440828449215
872,A,4,16.351342290824093,2024-04-16,65.40536916329637
664,C,2,10.055175441981826,2024-07-04,20.11035088396365
131,A,3,29.73686991660927,2024-09-22,89.21060974982781
662,A,4,11.800340415235864,2024-05-11,47.201361660943455
309,B,4,47.321819541461295,2024-11-25,189.28727816584518
770,C,4,5.020206265933284,2024-11-24,20.080825063733137
344,A,5,39.00632449849459,2024-11-13,195.03162249247296
492,C,3,17.57629417806099,2024-12-30,52.72888253418297
414,C,6,43.07390877975651,2024-06-19,258.4434526785391
806,D,2,7.706789768316886,2024-10-24,15.413579536633772
386,B,4,47.885026923480716,2024-01-24,191.54010769392286
192,B,3,9.562769772485604,2024-09-17,28.688309317456813
956,B,2,40.45472397659504,2024-12-20,80.90944795319008
277,D,5,28.2803996136022,2024-07-14,141.40199806801098
161,D,2,24.367765634491324,2024-04-08,48.73553126898265
460,B,1,17.60701036596222,2024-11-28,17.60701036596222
314,D,2,42.861629086207934,2024-04-10,85.72325817241587
22,D,2,13.988812888982755,2024-12-17,27.97762577796551
253,D,6,37.455857374678665,2024-04-29,224.735144248072
748,B,2,25.060624296260286,2024-11-16,50.12124859252057
857,B,3,49.932275321627145,2024-07-21,149.79682596488144
561,B,3,32.51295590763977,2024-03-30,97.53886772291932
475,D,4,9.688532172069579,2024-07-13,38.754128688278314
59,B,2,23.87845351183998,2024-06-25,47.75690702367996
511,D,2,7.98345411733381,2024-04-24,15.96690823466762
682,A,3,17.854503547510156,2024-11-28,53.56351064253047
476,D,4,20.44925576964971,2024-02-01,81.79702307859884
700,C,5,43.39294737528213,2024-08-02,216.96473687641063
976,B,6,42.70943644733911,2024-11-03,256.25661868403466
783,B,0,5.520074899253054,2024-10-05,0.0
190,C,3,28.952537675229156,2024-08-30,86.85761302568747
958,D,2,15.05946900214771,2024-10-12,30.11893800429542
687,A,5,19.40418941205001,2024-03-10,97.02094706025005
958,C,4,5.974307848649084,2024-03-11,23.897231394596336
563,C,1,38.73856394503908,2024-04-20,38.73856394503908
876,D,1,47.77653990885806,2024-06-06,47.77653990885806
567,B,2,14.867016814123332,2024-02-06,29.734033628246664
244,D,2,20.37977901715246,2024-10-30,40.75955803430492
832,C,2,14.289529762843891,2024-11-21,28.579059525687782
505,C,3,46.85218986386879,2024-02-04,140.55656959160638
131,B,0,5.4210185558342046,2024-11-19,0.0
485,B,0,31.27380265809658,2024-02-28,0.0
819,B,3,44.18437825049675,2024-07-25,132.55313475149023
647,D,2,13.383822835190607,2024-12-26,26.767645670381214
21,B,5,31.549788111293697,2024-03-06,157.74894055646848
841,C,4,7.279164718919821,2024-09-18,29.116658875679285
167,C,1,41.65633101055142,2024-09-26,41.65633101055142
274,A,4,17.34931052478222,2024-08-20,69.39724209912887
388,D,6,49.49390377378673,2024-06-05,296.9634226427204
601,A,2,46.49043292203996,2024-04-15,92.98086584407991
316,C,1,37.96321864697213,2024-06-02,37.96321864697213
14,A,4,27.357918861717128,2024-01-18,109.43167544686851
242,C,6,39.496510033740584,2024-09-16,236.97906020244352
777,A,2,10.877407139424296,2024-11-08,21.754814278848592
346,B,5,18.958983782637702,2024-04-28,94.79491891318851
565,A,2,6.210337485958568,2024-11-04,12.420674971917135
898,B,1,34.02610887243831,2024-04-11,34.02610887243831
340,B,1,41.24919371366815,2024-01-25,41.24919371366815
92,D,1,47.58284990809255,2024-06-28,47.58284990809255
367,B,1,35.89282332726086,2024-06-10,35.89282332726086
956,B,2,37.94410581002282,2024-12-15,75.88821162004564
455,A,2,45.2955100205728,2024-08-02,90.5910200411456
428,C,1,47.137011298615676,2024-05-03,47.137011298615676
509,D,1,27.10838974413676,2024-10-18,27.10838974413676
776,B,3,9.940432536872343,2024-06-04,29.82129761061703
943,D,3,25.988778944247077,2024-07-11,77.96633683274123
35,A,1,30.02332382925304,2024-11-23,30.02332382925304
206,B,3,33.41951471279948,2024-02-22,100.25854413839845
81,A,4,49.517805078917306,2024-06-18,198.07122031566922
932,D,3,46.29034468808467,2024-11-30,138.87103406425402
562,A,3,22.836389123557783,2024-04-07,68.50916737067335
872,D,5,10.105415882181942,2024-05-26,50.527079410909714
388,A,2,14.665621920020197,2024-10-26,29.331243840040393
2,D,1,12.820983027503924,2024-01-30,12.820983027503924
390,C,1,21.020572721704845,2024-03-14,21.020572721704845
566,A,3,44.44201777753544,2024-06-20,133.3260533326063
106,A,2,24.708582776692367,2024-03-24,49.417165553384734
772,C,6,30.527481712903572,2024-03-13,183.16489027742142
822,C,0,13.062509367742168,2024-08-19,0.0
477,A,3,27.17817264429784,2024-10-16,81.53451793289352
703,C,4,44.31324746301314,2024-05-06,177.25298985205256
402,B,5,39.80584685831346,2024-03-25,199.0292342915673
730,D,1,8.653582210955971,2024-09-10,8.653582210955971
556,D,2,43.79325209375518,2024-05-31,87.58650418751036
162,D,2,17.322264383896695,2024-11-07,34.64452876779339
202,B,2,34.957231220298524,2024-01-07,69.91446244059705
958,C,4,11.58723073142291,2024-11-02,46.34892292569164
996,C,3,35.3589966538611,2024-05-15,106.0769899615833
270,A,2,6.60656429857235,2024-07-02,13.2131285971447
863,C,1,32.0290115481598,2024-11-09,32.0290115481598
816,A,2,34.06730768426049,2024-12-06,68.13461536852098
271,B,4,16.002352132657887,2024-08-14,64.00940853063155
456,D,3,47.1639240369716,2024-11-20,141.4917721109148
462,D,4,7.068757424021577,2024-08-31,28.275029696086307
727,D,2,45.12691970532225,2024-09-20,90.2538394106445
252,C,3,22.185386943913894,2024-09-07,66.55616083174168
702,A,0,37.126163376612766,2024-06-18,0.0
296,A,3,34.3196792306571,2024-02-23,102.9590376919713
725,B,3,12.571079721259798,2024-05-11,37.71323916377939
720,C,3,19.354967401543643,2024-11-10,58.064902204630926
749,B,1,28.835306641064022,2024-04-03,28.835306641064022
338,A,3,43.092962167307306,2024-02-15,129.27888650192193
879,A,1,47.968703417096094,2024-12-15,47.968703417096094
53,D,4,5.926398500175879,2024-04-08,23.705594000703517
792,C,0,20.865121496195385,2024-08-21,0.0
922,A,4,35.06647660621082,2024-09-25,140.26590642484328
217,D,3,28.747824495920018,2024-02-06,86.24347348776006
764,C,2,47.43599521355416,2024-03-15,94.87199042710832
188,B,2,5.7636245541176505,2024-02-27,11.527249108235301
380,C,4,24.698272937793615,2024-01-19,98.79309175117446
493,C,3,35.096173151208,2024-07-06,105.28851945362399
41,A,3,14.791267124058017,2024-05-18,44.37380137217405
157,A,3,37.664212375172674,2024-05-22,112.99263712551803
15,C,7,8.655288269958882,2024-04-17,60.58701788971218
813,A,6,25.296733826659192,2024-08-08,151.78040295995515
65,A,2,35.43057302858171,2024-05-24,70.86114605716342
857,A,0,17.00407077082167,2024-12-11,0.0
839,D,3,8.323088795386825,2024-01-05,24.969266386160477
521,D,4,48.065972440974924,2024-02-25,192.2638897638997
344,C,1,46.12203629578682,2024-09-11,46.12203629578682
129,A,1,46.68664602252798,2024-08-09,46.68664602252798
648,D,6,49.03260724839776,2024-12-25,294.19564349038654
472,C,8,13.31141244851172,2024-02-17,106.49129958809375
63,A,1,12.099919900660035,2024-10-30,12.099919900660035
139,B,2,6.539656379345466,2024-06-11,13.079312758690932
499,A,4,45.13202544280021,2024-08-23,180.52810177120085
593,A,4,38.87432785111784,2024-09-04,155.49731140447136
392,D,4,33.496808500332236,2024-12-30,133.98723400132894
675,C,2,46.74542716337618,2024-04-09,93.49085432675236
419,C,5,30.87844765216237,2024-01-21,154.39223826081187
289,D,5,10.83788387264966,2024-04-11,54.189419363248305
379,A,2,12.958901372075356,2024-01-05,25.917802744150713
773,B,2,10.948276865214343,2024-07-15,21.896553730428685
490,A,6,18.84461057253646,2024-05-28,113.06766343521876
231,A,350,22.07735749011262,2024-12-10,154.54150243078834
41,B,2,40.85775791081094,2024-11-25,81.71551582162188
28,D,3,13.606426015040455,2024-07-29,40.819278045121365
135,C,2,37.641431877966596,2024-06-08,75.28286375593319
201,D,6,27.105282595152843,2024-05-25,162.63169557091706
840,D,1,49.984696450772276,2024-02-27,49.984696450772276
780,A,4,39.94621074701911,2024-12-19,159.78484298807643
930,C,1,48.60288448939817,2024-08-27,48.60288448939817
33,C,1,20.405817573589776,2024-03-19,20.405817573589776
48,D,3,10.537258692481604,2024-05-31,31.611776077444812
503,B,4,27.765311231534266,2024-01-05,111.06124492613706
407,D,5,10.59077632385633,2024-06-29,52.95388161928165
574,B,2,27.160326718792916,2024-12-17,54.32065343758583
728,C,4,17.147346177892118,2024-07-19,68.58938471156847
805,D,3,27.0971245592639,2024-05-12,81.2913736777917
99,A,3,47.733629162988464,2024-05-01,143.2008874889654
684,D,1,18.006532890057372,2024-06-17,18.006532890057372
872,C,4,49.70453222163025,2024-12-19,198.818128886521
726,A,1,15.319826123183848,2024-12-11,15.319826123183848
987,A,4,14.364877054866502,2024-11-03,57.45950821946601
547,B,1,29.515483534963515,2024-04-07,29.515483534963515
961,A,1,42.89202222422385,2024-10-08,42.89202222422385
739,A,2,38.72765836317842,2024-09-24,77.45531672635684
613,D,0,37.55916208831843,2024-11-21,0.0
943,C,1,17.71848235184589,2024-12-05,17.71848235184589
462,B,2,6.0132549231645696,2024-01-19,12.026509846329139
643,D,2,12.278673056491359,2024-05-11,24.557346112982717
769,A,0,20.726298551262765,2024-04-05,0.0
5,A,3,48.72576877565903,2024-07-28,146.1773063269771
218,B,3,46.38998560882458,2024-01-05,139.16995682647374
503,C,3,14.029006426974465,2024-05-07,42.0870192809234
767,B,1,37.653011509311305,2024-02-23,37.653011509311305
398,D,1,31.055758560652166,2024-07-16,31.055758560652166
871,B,6,7.242919253947681,2024-07-24,43.457515523686084
795,A,0,21.726752508436537,2024-06-28,0.0
393,D,2,26.873318316465614,2024-08-28,53.74663663293123
207,A,4,35.04083555075458,2024-09-30,140.16334220301832
15,C,5,18.270730220649956,2024-11-15,91.35365110324977
858,A,3,47.0218383074517,2024-05-17,141.0655149223551
554,A,2,25.33455755166513,2024-01-23,50.66911510333026
892,B,2,16.18383308526343,2024-04-29,32.36766617052686
461,A,4,19.239263926126146,2024-04-24,76.95705570450458
691,D,4,38.83484428785339,2024-03-22,155.33937715141357
575,D,1,33.812841540855345,2024-07-14,33.812841540855345
864,C,5,38.3980109650601,2024-06-28,191.99005482530052
743,D,1,18.15538213944049,2024-12-17,18.15538213944049
241,B,4,19.708187832659497,2024-06-23,78.83275133063799
564,C,2,22.852360244785327,2024-07-16,45.704720489570654
96,D,5,13.48668493227518,2024-01-26,67.4334246613759
900,B,2,36.097004522131165,2024-04-08,72.19400904426233
734,D,6,19.820728133503188,2024-08-20,118.92436880101913
485,D,2,19.68063008638736,2024-07-09,39.36126017277472
407,A,1,17.121423644921293,2024-03-06,17.121423644921293
231,D,3,25.37725121156414,2024-09-02,76.13175363469242
749,D,4,39.73892356553948,2024-04-13,158.95569426215792
655,B,3,42.6023917456223,2024-07-09,127.8071752368669
171,B,5,41.2028544957452,2024-05-20,206.014272478726
541,A,4,32.953710992534916,2024-06-27,131.81484397013966
36,D,3,17.61923907762252,2024-09-17,52.85771723286756
525,A,1,38.068484261376994,2024-06-23,38.068484261376994
160,D,3,6.771287378395792,2024-06-12,20.313862135187378
839,C,1,40.91685832897018,2024-01-19,40.91685832897018
699,C,1,40.11024038299586,2024-01-20,40.11024038299586
243,A,4,35.150050092941505,2024-10-13,140.60020037176602
86,A,3,9.406645249350998,2024-12-26,28.219935748052993
796,A,3,49.880360098773394,2024-08-26,149.64108029632018
578,B,2,39.03841365804479,2024-02-13,78.07682731608958
682,B,6,38.06630739535518,2024-07-14,228.3978443721311
557,B,3,7.880353363819018,2024-07-13,23.641060091457053
574,A,1,22.941730695780436,2024-12-22,22.941730695780436
953,D,4,8.877784984114165,2024-12-10,35.51113993645666
646,C,0,21.246665306406832,2024-02-18,0.0
796,A,5,30.67184994607325,2024-02-28,153.35924973036626
28,B,5,44.54924847604769,2024-05-11,222.74624238023844
620,B,1,17.73219798475236,2024-06-15,17.73219798475236
556,A,1,33.05365936170236,2024-05-14,33.05365936170236
340,A,2,12.409336505516254,2024-03-29,24.81867301103251
798,B,4,20.928373562400083,2024-09-27,83.71349424960033
958,D,3,47.62568638563497,2024-09-19,142.87705915690492
331,B,4,38.64384120122292,2024-04-25,154.57536480489168
640,B,4,29.56125938842273,2024-07-14,118.24503755369092
506,A,3,16.32635596202727,2024-12-19,48.979067886081815
348,D,1,22.08673501897499,2024-04-17,22.08673501897499
473,B,3,12.051200023363151,2024-12-27,36.15360007008945
231,B,2,20.90602368936774,2024-02-16,41.81204737873548
190,C,3,11.778477182923655,2024-08-28,35.33543154877097
225,A,4,40.78881648550014,2024-11-04,163.15526594200057
385,C,4,8.634159047402969,2024-08-17,34.536636189611876
377,C,4,13.52324659131973,2024-09-01,54.09298636527892
283,B,0,36.10250284013392,2024-11-11,0.0
958,A,0,45.61325205892605,2024-09-06,0.0
633,D,7,48.406622439542076,2024-03-17,338.84635707679456
628,B,3,42.621031253334955,2024-03-02,127.86309376000486
973,D,4,14.516229936480123,2024-02-28,58.06491974592049
745,D,4,17.857007862442238,2024-08-25,71.42803144976895
259,A,3,44.18385588493488,2024-07-07,132.55156765480464
359,C,5,45.01998341348499,2024-02-25,225.09991706742494
710,A,1,33.82939246190506,2024-03-18,33.82939246190506
456,D,4,19.11384946340915,2024-08-09,76.4553978536366
411,B,1,15.082549837068951,2024-02-16,15.082549837068951
649,D,4,43.35272146682359,2024-05-17,173.41088586729435
318,B,4,14.236474930239012,2024-01-24,56.94589972095605
677,B,1,34.78119578070877,2024-01-29,34.78119578070877
225,A,2,48.557900423035946,2024-05-14,97.11580084607189
819,D,3,36.73811266249075,2024-12-16,110.21433798747225
234,C,2,16.59516409240689,2024-12-15,33.19032818481378
684,D,4,17.712765557350018,2024-10-07,70.85106222940007
664,D,2,9.180264893940743,2024-10-18,18.360529787881486
975,C,8,35.880687048236545,2024-07-07,287.04549638589236
827,A,4,28.32960566587097,2024-03-11,113.31842266348389
374,D,4,14.291226479127518,2024-07-24,57.16490591651007
672,D,1,15.245073524724354,2024-08-29,15.245073524724354
608,B,3,5.40610496452324,2024-11-01,16.21831489356972
472,D,3,49.028872959799074,2024-07-02,147.08661887939724
233,C,3,42.26081834934192,2024-05-07,126.78245504802575
692,B,7,22.73764777377004,2024-08-17,159.16353441639026
113,A,3,47.57404328573413,2024-02-10,142.7221298572024
830,B,2,35.470397261948065,2024-10-07,70.94079452389613
497,C,1,38.81581410325161,2024-06-10,38.81581410325161
442,C,3,35.59799749431832,2024-11-07,106.79399248295496
564,B,3,39.05819743794308,2024-12-05,117.17459231382924
268,A,0,12.692251766100949,2024-06-06,0.0
510,B,3,30.30790988906591,2024-11-19,90.92372966719773
807,A,5,43.22193239248059,2024-01-21,216.10966196240295
386,B,4,5.879416278652626,2024-12-12,23.517665114610505
387,C,4,10.554932902484348,2024-01-10,42.21973160993739
113,D,5,16.05379143474901,2024-03-27,80.26895717374504
613,D,2,18.26270135274546,2024-02-02,36.52540270549092
625,A,3,13.221673996583075,2024-12-26,39.66502198974922
952,A,3,33.09486754689797,2024-12-04,99.28460264069392
81,A,4,18.230858203718455,2024-07-21,72.92343281487382
699,C,1,12.11449296711162,2024-01-04,12.11449296711162
113,B,2,45.76217819840601,2024-01-23,91.52435639681202
2,C,3,36.27655391962983,2024-07-15,108.8296617588895
642,D,2,16.072643595880614,2024-11-04,32.14528719176123
220,A,3,21.242913499002732,2024-09-30,63.7287404970082
566,B,5,38.335350329991435,2024-09-29,191.67675164995717
855,D,1,40.59095331067155,2024-04-16,40.59095331067155
997,D,1,12.939627443910311,2024-07-18,12.939627443910311
736,D,1,47.145923783317926,2024-12-08,47.145923783317926
225,C,1,40.33723725455055,2024-08-02,40.33723725455055
385,A,1,43.55664967102342,2024-01-02,43.55664967102342
403,D,1,11.473646313348471,2024-04-30,11.473646313348471
638,A,3,11.451521849602237,2024-04-12,34.35456554880671
130,C,2,18.741597990141535,2024-05-28,37.48319598028307
53,D,5,7.9090888831237836,2024-05-31,39.54544441561892
684,C,5,9.09802970850969,2024-02-22,45.490148542548454
730,C,2,11.444321998397175,2024-06-14,22.88864399679435
672,A,2,37.05933797082262,2024-11-01,74.11867594164524
710,D,4,6.360363123853963,2024-06-15,25.441452495415852
416,C,0,8.746015161587026,2024-11-11,0.0
247,D,2,47.488259128355665,2024-12-29,94.97651825671133
836,A,3,8.764550675255483,2024-10-21,26.29365202576645
439,C,3,29.18580666210508,2024-03-11,87.55741998631524
203,A,3,33.915793651823414,2024-05-07,101.74738095547025
184,D,1,48.13670811718828,2024-02-02,48.13670811718828
123,D,3,45.491122306023975,2024-06-05,136.47336691807192
401,A,1,24.83072452339709,2024-11-25,24.83072452339709
767,B,2,47.39738275924272,2024-09-22,94.79476551848543
294,C,2,24.451964365906314,2024-07-22,48.90392873181263
280,D,1,35.14634219617845,2024-07-13,35.14634219617845
837,D,6,16.682363182318706,2024-04-18,100.09417909391223
884,C,2,33.64900366502945,2024-06-07,67.2980073300589
610,A,7,29.21850250738995,2024-10-09,204.52951755172964
198,A,8,32.30739692394104,2024-01-27,258.45917539152833
982,A,2,35.719304060014764,2024-08-14,71.43860812002953
907,B,2,12.805488504596187,2024-09-08,25.610977009192375
511,B,6,18.556826043904785,2024-09-21,111.34095626342871
752,D,3,38.130862411648764,2024-09-18,114.39258723494629
144,A,1,12.372079382180708,2024-05-13,12.372079382180708
609,C,3,20.49080624235279,2024-01-26,61.47241872705837
201,D,0,34.99154109918918,2024-02-12,0.0
124,C,6,47.194294333625315,2024-01-19,283.1657660017519
187,D,2,8.388509305980383,2024-01-16,16.777018611960766
326,B,1,28.245235959080166,2024-04-14,28.245235959080166
464,D,3,8.685740265698925,2024-10-05,26.057220797096775
349,B,3,22.060937792819328,2024-07-21,66.18281337845798
771,D,5,12.892392683930542,2024-07-26,64.4619634196527
660,A,1,34.2247290160331,2024-06-14,34.2247290160331
764,C,2,39.10246483796122,2024-02-28,78.20492967592244
955,A,3,16.130444295149765,2024-02-17,48.391332885449295
932,D,6,37.07992170737357,2024-05-27,222.47953024424143
403,D,2,25.106852203550588,2024-10-03,50.213704407101176
346,D,3,17.761101367508154,2024-06-26,53.28330410252446
963,B,4,28.553075090903054,2024-10-15,114.21230036361221
511,C,5,22.084256471943455,2024-04-23,110.42128235971728
147,C,1,15.349831454986104,2024-10-22,15.349831454986104
148,D,4,39.05801582584929,2024-08-05,156.23206330339715
864,D,4,40.88858670208863,2024-09-22,163.55434680835452
711,B,1,41.014050833975155,2024-06-10,41.014050833975155
820,A,6,22.196425821606255,2024-11-24,133.17855492963753
489,A,5,12.62878031342178,2024-02-05,63.1439015671089
929,C,5,42.81850766783653,2024-03-15,214.09253833918262
936,B,6,19.8168744418796,2024-05-14,118.9012466512776
640,D,3,38.663006101340876,2024-09-28,115.98901830402264
551,C,1,41.785275246985165,2024-06-27,41.785275246985165
338,B,1,39.5668623921241,2024-06-07,39.5668623921241
872,A,6,22.541271381086343,2024-08-30,135.24762828651805
641,B,2,47.21075269651717,2024-10-27,94.42150539303434
779,A,4,34.70730875613721,2024-07-22,138.82923502454884
988,B,3,30.908582794459544,2024-10-09,92.72574838337863
953,C,7,36.40590959337562,2024-10-04,254.84136715362934
473,A,2,7.012720546942553,2024-05-22,14.025441093885107
946,C,4,22.57317377503871,2024-01-08,90.29269510015484
151,C,0,44.65477192307949,2024-04-25,0.0
415,A,1,12.248586567307136,2024-12-08,12.248586567307136
990,A,2,23.648029148134835,2024-09-28,47.29605829626967
298,D,7,23.236159602738688,2024-06-24,162.6531172191708
611,D,5,21.0218769816361,2024-08-01,105.1093849081805
263,D,3,30.3058097986541,2024-08-02,90.9174293959623
764,C,7,49.828912231356256,2024-02-26,348.8023856194938
144,C,2,16.51319819539834,2024-08-16,33.02639639079668
346,D,3,36.723070515874625,2024-10-26,110.16921154762387
624,C,1,39.10977489990518,2024-11-22,39.10977489990518
572,C,3,31.302431585584802,2024-02-06,93.90729475675441
881,A,3,9.386405955553144,2024-10-10,28.159217866659432
2,A,4,30.75680738053838,2024-11-19,123.02722952215352
897,C,3,47.90590140526193,2024-08-11,143.71770421578577
304,D,4,20.39270649749031,2024-10-28,81.57082598996124
254,B,2,33.785965687074274,2024-07-19,67.57193137414855
652,D,4,48.17289795913617,2024-04-09,192.6915918365447
453,B,6,40.90956265556361,2024-10-08,245.45737593338168
37,D,3,35.97384783636693,2024-03-15,107.92154350910079
160,A,4,48.70169954457413,2024-07-30,194.80679817829653
9,C,1,12.676232988446008,2024-07-09,12.676232988446008
233,C,6,39.77369548249274,2024-03-03,238.64217289495645
99,A,4,23.307609529524804,2024-04-21,93.23043811809922
659,B,2,21.219425945622692,2024-05-22,42.438851891245385
816,B,0,28.430263148088216,2024-04-08,0.0
208,B,2,6.51879764498562,2024-09-21,13.03759528997124
131,A,4,19.063832941776326,2024-08-12,76.2553317671053
404,B,3,12.479697253553535,2024-03-15,37.4390917606606
152,A,4,11.241090473778712,2024-10-04,44.96436189511485
54,D,4,20.180322950904415,2024-07-16,80.72129180361766
120,D,6,41.10189611048192,2024-07-02,246.6113766628915
673,A,3,14.049998053478092,2024-10-19,42.149994160434275
920,C,2,28.913710299458437,2024-02-26,57.82742059891687
628,D,5,38.68952873158197,2024-09-05,193.44764365790985
587,B,5,15.843719070730335,2024-04-23,79.21859535365168
625,A,4,46.58914830900974,2024-05-19,186.35659323603895
968,B,2,43.992405649922155,2024-12-24,87.98481129984431
420,B,1,16.303019528022915,2024-02-10,16.303019528022915
422,C,5,49.53371303146072,2024-06-01,247.6685651573036
104,B,6,35.11269923517573,2024-08-19,210.67619541105438
852,C,1,17.874501683918016,2024-04-14,17.874501683918016
254,D,6,35.64668548875056,2024-04-15,213.88011293250338
227,A,3,34.98117216814812,2024-10-26,104.94351650444436
112,B,4,32.2787131130448,2024-05-09,129.1148524521792
510,A,3,37.02632499853137,2024-06-09,111.07897499559411
473,B,3,17.0742060668858,2024-09-13,51.2226182006574
99,A,4,49.054346851529054,2024-08-16,196.21738740611622
153,B,1,43.60530907738212,2024-12-15,43.60530907738212
861,B,5,38.55836086831944,2024-06-30,192.79180434159719
914,B,2,6.18372471214621,2024-01-14,12.36744942429242
896,B,4,31.56734179627808,2024-04-09,126.26936718511232
878,B,5,36.79177946640712,2024-08-12,183.9588973320356
338,B,3,43.43449221985474,2024-12-23,130.3034766595642
706,B,3,47.577070480502414,2024-08-18,142.73121144150724
822,B,4,46.21338949737886,2024-02-22,184.85355798951545
163,B,2,23.27202196172097,2024-01-06,46.54404392344194
720,A,4,45.34255345882788,2024-03-30,181.37021383531152
957,C,0,5.033696414669204,2024-03-04,0.0
681,B,0,20.81638451785039,2024-03-28,0.0
996,C,4,10.124648115367714,2024-02-02,40.49859246147086
161,B,2,44.73804650225911,2024-03-12,89.47609300451822
580,B,2,46.75918574451134,2024-02-13,93.51837148902268
801,A,1,16.520378816760065,2024-09-09,16.520378816760065
398,D,2,21.52897016564585,2024-04-16,43.0579403312917
277,D,5,49.274492873769155,2024-10-16,246.37246436884578
816,A,2,30.47285586782284,2024-01-02,60.94571173564568
916,C,3,27.36751295397378,2024-05-15,82.10253886192135
504,D,0,27.519594125745975,2024-04-26,0.0
896,A,2,36.32846806727522,2024-04-30,72.65693613455043
392,A,3,47.954436564740625,2024-10-14,143.86330969422187
135,D,4,21.498009338856775,2024-11-07,85.9920373554271
195,C,6,12.769607576706932,2024-04-03,76.61764546024159
401,A,4,13.325580146884569,2024-01-07,53.302320587538276
640,B,3,5.916156713820801,2024-03-28,17.748470141462402
33,C,2,29.993472325368238,2024-06-30,59.986944650736476
688,C,5,46.810274849170284,2024-07-09,234.05137424585143
460,D,3,37.08846029205266,2024-07-26,111.26538087615798
955,D,3,49.683403695761186,2024-10-17,149.05021108728357
883,B,2,45.928733334145505,2024-12-19,91.85746666829101
470,A,3,27.133595302569088,2024-10-04,81.40078590770726
375,D,6,26.894722126603916,2024-11-10,161.3683327596235
22,D,1,33.276075342285566,2024-02-21,33.276075342285566
750,C,2,9.992101883103999,2024-09-23,19.984203766207997
670,D,2,32.34579082030714,2024-08-31,64.69158164061427
38,D,2,25.883330891531816,2024-06-30,51.76666178306363
230,D,7,33.923319200267514,2024-07-29,237.4632344018726
365,D,1,30.43444857283366,2024-07-16,30.43444857283366
563,C,3,18.967813712803338,2024-09-26,56.90344113841002
438,B,8,32.34928923582831,2024-02-02,258.79431388662647
776,B,1,21.47064587913559,2024-04-11,21.47064587913559
283,A,2,13.757951329151805,2024-11-28,27.51590265830361
27,D,4,35.37818814911142,2024-10-08,141.5127525964457
226,C,1,18.78561918583611,2024-08-24,18.78561918583611
277,A,4,45.00611509397162,2024-08-03,180.0244603758865
798,A,4,13.969960687139615,2024-11-16,55.87984274855846
609,B,4,32.00648172946313,2024-10-28,128.02592691785253
284,C,2,30.719694868216397,2024-05-06,61.439389736432794
879,C,5,13.89838103605182,2024-04-03,69.4919051802591
960,C,3,24.794907748904293,2024-03-14,74.38472324671288
481,B,3,35.39924471942574,2024-05-07,106.19773415827721
453,B,3,19.33372420204884,2024-03-14,58.00117260614651
829,B,2,10.122379583335926,2024-09-12,20.24475916667185
816,B,3,32.68583217310463,2024-04-11,98.05749651931389
659,B,0,15.085485601723224,2024-02-16,0.0
516,D,1,35.66637408513145,2024-06-13,35.66637408513145
547,D,1,42.77601934628753,2024-09-12,42.77601934628753
192,C,3,10.550991715240801,2024-10-09,31.652975145722404
49,A,5,24.69240959995854,2024-09-04,123.4620479997927
512,C,1,25.021502120696123,2024-07-22,25.021502120696123
17,A,7,33.46411633944324,2024-03-26,234.24881437610264
172,B,3,20.04835679589056,2024-11-19,60.14507038767168
220,A,2,23.835612001495107,2024-06-12,47.671224002990215
158,C,6,5.539605981271486,2024-12-30,33.23763588762892
477,C,5,10.50916600324667,2024-02-26,52.545830016233346
46,A,4,30.643794479975185,2024-07-24,122.57517791990074
373,D,3,14.715311013276263,2024-05-27,44.14593303982879
518,B,1,11.505960040836879,2024-10-27,11.505960040836879
99,B,4,19.59857455838734,2024-10-05,78.39429823354936
892,C,1,12.359106271990557,2024-10-16,12.359106271990557
745,D,1,7.683009641514633,2024-01-21,7.683009641514633
37,A,5,17.773621211487892,2024-05-16,88.86810605743946
280,B,2,12.3961298614498,2024-01-10,24.7922597228996
349,D,4,40.97280840506764,2024-11-03,163.89123362027055
497,B,6,7.819563511879841,2024-02-14,46.917381071279046
302,D,3,38.634945654501145,2024-09-05,115.90483696350344
181,D,1,22.22583563674408,2024-01-30,22.22583563674408
607,C,3,35.389458920722774,2024-08-12,106.16837676216832
99,B,2,7.371024635002513,2024-06-25,14.742049270005026
700,A,4,46.43167976553069,2024-04-05,185.72671906212275
993,C,2,39.531906376322425,2024-01-17,79.06381275264485
116,C,5,11.306438234340177,2024-01-28,56.53219117170089
191,A,3,14.845296696231216,2024-05-05,44.53589008869365
253,C,4,33.97983046877686,2024-10-27,135.91932187510744
981,D,3,46.47031719324576,2024-09-29,139.4109515797373
928,D,3,25.06245759528051,2024-07-05,75.18737278584153
983,B,0,26.853475775981256,2024-05-21,0.0
161,B,3,15.701011762506335,2024-05-17,47.103035287519006
256,A,0,22.23548940295095,2024-12-02,0.0
323,B,3,17.870796627363756,2024-08-16,53.612389882091264
128,D,5,20.775701733701588,2024-08-01,103.87850866850795
18,A,2,5.926893113990625,2024-09-30,11.85378622798125
793,A,0,6.847733510250698,2024-10-17,0.0
735,B,5,35.63089402590063,2024-02-27,178.15447012950315
566,D,3,35.68078350151829,2024-01-18,107.04235050455488
570,A,2,19.860377015112572,2024-06-28,39.720754030225145
323,D,3,44.84580785392266,2024-06-06,134.53742356176798
872,D,2,16.97504522899655,2024-09-12,33.9500904579931
686,D,3,22.810315188825214,2024-02-06,68.43094556647564
792,B,4,37.91190309274202,2024-10-22,151.6476123709681
626,C,1,38.46056530058151,2024-09-18,38.46056530058151
288,C,3,43.75245932173327,2024-03-19,131.2573779651998
943,A,2,6.307656885768309,2024-06-02,12.615313771536618
854,D,2,13.26914065135213,2024-12-26,26.53828130270426
663,B,0,33.82572968015274,2024-12-12,0.0
962,D,3,20.218989615638165,2024-06-06,60.656968846914495
639,D,3,6.9602751918890675,2024-03-15,20.880825575667203
155,B,2,31.39100032580098,2024-02-24,62.78200065160196
490,C,1,22.688293930916522,2024-07-24,22.688293930916522
386,D,3,21.384268634480765,2024-08-02,64.1528059034423
986,D,4,16.896392810862164,2024-01-09,67.58557124344865
785,C,4,5.2699051902633185,2024-04-15,21.079620761053274
104,B,5,13.20620076367821,2024-11-13,66.03100381839104
929,A,5,26.340588401837227,2024-09-01,131.70294200918613
393,C,2,17.408140388951306,2024-11-02,34.81628077790261
811,A,3,44.34749056685548,2024-04-12,133.04247170056644
246,A,3,11.434984797036488,2024-10-01,34.30495439110946
176,C,2,44.390312916629064,2024-11-20,88.78062583325813
39,D,2,23.217161382306827,2024-12-03,46.434322764613654
477,A,4,17.412814088092137,2024-02-02,69.65125635236855
682,A,1,18.69313363316778,2024-04-17,18.69313363316778
759,B,6,19.853185677304644,2024-09-25,119.11911406382787
538,D,1,27.795379310707013,2024-03-13,27.795379310707013
867,A,4,20.924704006871202,2024-12-11,83.69881602748481
818,B,2,34.12428561671844,2024-06-29,68.24857123343688
921,D,4,24.1330553187319,2024-09-24,96.5322212749276
408,C,3,35.22396693572181,2024-05-31,105.67190080716543
525,C,5,32.19918882582209,2024-03-08,160.99594412911046
828,B,5,16.000428759316762,2024-12-13,80.00214379658381
506,C,1,41.57479795325397,2024-07-15,41.57479795325397
903,A,4,40.954166049781556,2024-10-21,163.81666419912622
825,D,2,49.50412101573689,2024-02-01,99.00824203147378
36,A,3,12.877256049505538,2024-04-17,38.63176814851661
685,A,1,43.152719867315845,2024-03-19,43.152719867315845
20,C,4,44.23914151441768,2024-09-15,176.95656605767073
321,A,3,33.89738749710666,2024-06-23,101.69216249131999
776,C,4,27.78731500022107,2024-01-15,111.14926000088428
512,D,4,48.0766800276065,2024-02-20,192.306720110426
400,D,4,48.77113675443482,2024-04-16,195.08454701773928
654,A,3,33.87638553539905,2024-07-28,101.62915660619716
972,B,1,21.18019360658731,2024-07-20,21.18019360658731
883,C,5,41.77243325596748,2024-10-03,208.8621662798374
471,C,5,9.016496024671532,2024-08-05,45.08248012335766
143,A,4,18.07680398134039,2024-02-10,72.30721592536156
92,C,5,49.34994326477826,2024-09-15,246.7497163238913
354,C,3,41.645002424313624,2024-07-21,124.93500727294088
834,B,2,47.28121122061057,2024-12-01,94.56242244122114
800,B,5,31.765755712359063,2024-04-08,158.8287785617953
727,A,6,23.345260616665218,2024-05-28,140.07156369999132
959,B,3,49.08605465259671,2024-04-14,147.25816395779012
854,A,0,18.924151363571966,2024-07-21,0.0
51,D,3,39.08364255090155,2024-04-04,117.25092765270466
665,A,1,30.11931310550937,2024-06-25,30.11931310550937
698,D,0,15.282821548150942,2024-03-05,0.0
575,A,1,5.78674793338442,2024-02-10,5.78674793338442
190,C,4,22.269384072683756,2024-08-11,89.07753629073503
125,B,2,29.64584267947889,2024-03-07,59.29168535895778
150,D,8,13.243568042905999,2024-09-11,105.94854434324799
314,A,7,23.654969863755202,2024-10-24,165.5847890462864
570,B,3,32.68354687965319,2024-03-09,98.05064063895958
342,A,3,37.1715406889506,2024-06-19,111.5146220668518
305,B,3,7.3734138457941825,2024-04-10,22.120241537382547
692,B,0,34.888136981106236,2024-05-19,0.0
682,A,3,7.550028899497394,2024-07-24,22.65008669849218
838,D,3,6.26834729117047,2024-11-15,18.80504187351141
783,D,4,11.858541165972758,2024-12-29,47.43416466389103
54,C,1,34.413982574520446,2024-11-02,34.413982574520446
444,B,3,7.37696492980055,2024-03-13,22.13089478940165
613,C,4,5.940329549250836,2024-02-29,23.761318197003344
993,C,4,10.308178010639924,2024-12-01,41.2327120425597
264,A,2,47.737444581975694,2024-06-04,95.47488916395139
53,A,5,45.82749874672474,2024-05-03,229.13749373362373
572,A,2,8.890968879484431,2024-01-14,17.781937758968862
620,B,4,18.680593258245338,2024-09-20,74.72237303298135
5,A,3,47.628159757127,2024-01-27,142.884479271381
103,A,3,9.395945305542554,2024-09-01,28.187835916627662
196,B,2,9.25681918914654,2024-02-19,18.51363837829308
774,B,2,8.870175398062802,2024-07-05,17.740350796125604
877,D,1,48.941430759440415,2024-02-26,48.941430759440415
992,A,3,38.43988309770946,2024-09-15,115.31964929312838
884,A,5,14.65179653116843,2024-06-03,73.25898265584215
350,A,1,7.067626758342633,2024-02-03,7.067626758342633
47,D,2,48.435867901019,2024-01-26,96.871735802038
867,A,3,24.1470068791861,2024-09-06,72.4410206375583
823,D,2,31.926892473273856,2024-03-26,63.85378494654771
936,C,3,17.563830507415645,2024-06-08,52.691491522246935
820,D,4,39.126214503091965,2024-07-18,156.50485801236786
656,C,1,13.856105565230742,2024-04-15,13.856105565230742
269,A,1,40.41103700189815,2024-10-01,40.41103700189815
370,C,3,15.37713695007656,2024-10-15,46.13141085022968
636,D,3,9.406050155786456,2024-09-14,28.21815046735937
106,B,3,26.547014953886162,2024-08-07,79.64104486165849
670,C,2,41.594756310304284,2024-01-15,83.18951262060857
659,C,1,22.318911340797616,2024-01-21,22.318911340797616
657,A,3,6.299314280117603,2024-11-29,18.89794284035281
120,D,5,29.898937053421868,2024-02-28,149.49468526710933
831,C,0,35.621212501558745,2024-12-25,0.0
787,C,8,38.3312725401203,2024-03-22,306.6501803209624
604,C,4,23.086622943917778,2024-04-27,92.34649177567111
58,C,1,9.365883417158026,2024-04-22,9.365883417158026
951,B,6,31.294689550852386,2024-10-21,187.76813730511432
346,D,0,19.82965483571818,2024-10-02,0.0
741,A,7,47.60993670236839,2024-09-13,333.2695569165787
474,A,1,27.622044862759747,2024-11-24,27.622044862759747
117,B,3,26.25197210595404,2024-09-21,78.75591631786212
830,D,1,18.914428954326056,2024-08-22,18.914428954326056
791,C,1,20.245392742259657,2024-02-20,20.245392742259657
127,B,2,28.073965283596042,2024-06-14,56.147930567192084
393,D,8,18.799915789174765,2024-08-18,150.39932631339812
908,C,2,45.15371979657855,2024-08-08,90.3074395931571
641,B,6,24.75580695930989,2024-09-27,148.53484175585933
58,D,3,18.140993780586093,2024-03-24,54.42298134175828
634,A,3,11.992767509351722,2024-08-17,35.97830252805517
513,A,5,35.25578268351612,2024-10-23,176.27891341758058
751,D,8,6.160412447851282,2024-08-09,49.28329958281026
802,A,3,25.249810422647318,2024-06-02,75.74943126794196
96,D,2,29.755481916525074,2024-02-23,59.51096383305015
638,C,2,20.290307489614925,2024-04-28,40.58061497922985
118,D,3,38.74179862737526,2024-07-16,116.22539588212578
560,C,6,35.40472235770724,2024-09-29,212.42833414624346
601,B,3,48.712954440648275,2024-07-16,146.13886332194483
488,D,4,27.894505968035688,2024-05-07,111.57802387214275
237,B,4,29.201556408322233,2024-04-01,116.80622563328893
885,A,3,16.062769363721998,2024-01-09,48.18830809116599
897,C,4,22.346775082882424,2024-08-14,89.3871003315297
272,D,5,6.208726602123678,2024-02-15,31.043633010618393
189,B,6,36.017365486896026,2024-05-13,216.10419292137615
999,C,3,19.0230259857593,2024-01-16,57.0690779572779
704,C,4,29.316515435001406,2024-08-02,117.26606174000563
447,A,6,16.474657838492707,2024-04-21,98.84794703095625
581,A,2,32.94662901528464,2024-12-08,65.89325803056929
790,C,8,25.141212182931998,2024-06-05,201.12969746345598
861,C,3,26.68372935738324,2024-11-13,80.05118807214971
247,D,1,47.417321291689674,2024-12-25,47.417321291689674
963,C,4,36.77721454057371,2024-10-22,147.10885816229484
76,D,4,16.785488102003328,2024-07-16,67.14195240801331
154,C,1,27.676481798364144,2024-02-27,27.676481798364144
656,A,1,26.000276857339024,2024-03-18,26.000276857339024
435,D,5,40.77736730952637,2024-08-29,203.88683654763184
997,B,4,42.50098013432911,2024-04-08,170.00392053731645
86,A,3,17.754927023377643,2024-01-06,53.264781070132926
697,D,2,41.95181542578064,2024-10-05,83.90363085156127
285,D,1,13.077563238095065,2024-11-13,13.077563238095065
974,B,5,39.32467495419629,2024-07-30,196.62337477098146
220,D,5,16.195304471061235,2024-09-29,80.97652235530617
69,C,2,18.406902083598315,2024-03-24,36.81380416719663
47,B,4,43.36105280850472,2024-04-21,173.4442112340189
94,A,6,23.903368927533364,2024-07-16,143.42021356520019
750,A,2,49.57546211853332,2024-12-25,99.15092423706665
958,C,4,11.83743634583485,2024-01-28,47.3497453833394
453,A,3,25.850706711785755,2024-05-20,77.55212013535726
204,D,4,37.96026489090213,2024-06-21,151.84105956360852
912,D,5,5.241517609032835,2024-01-20,26.207588045164172
218,C,0,11.833487518685782,2024-04-26,0.0
474,A,4,5.916053723494114,2024-02-23,23.664214893976457
432,A,1,49.67950394222392,2024-08-14,49.67950394222392
341,C,1,39.228109808966174,2024-04-18,39.228109808966174
551,B,3,21.810159398597012,2024-08-18,65.43047819579104
612,A,2,12.032822061354908,2024-11-15,24.065644122709816
289,B,1,9.06724592615528,2024-11-03,9.06724592615528
254,A,2,28.935824024791035,2024-08-16,57.87164804958207
734,A,2,48.91510931896395,2024-10-25,97.8302186379279
357,A,4,35.35749250959938,2024-03-27,141.42997003839753
23,A,5,21.431226571642828,2024-09-30,107.15613285821414
762,D,3,27.538293795686972,2024-08-15,82.61488138706092
522,B,3,49.950651557275336,2024-12-05,149.851954671826
758,B,1,28.34448029980027,2024-11-05,28.34448029980027
837,A,0,48.38906685993601,2024-11-11,0.0
100,A,3,5.73627734680217,2024-03-11,17.208832040406513
802,B,7,37.443340770537766,2024-08-15,262.10338539376437
180,D,1,33.222265214590244,2024-04-22,33.222265214590244
223,C,8,35.83984363057947,2024-10-19,286.7187490446358
906,C,4,30.675519016585376,2024-10-31,122.7020760663415
762,B,5,6.987954930874513,2024-10-17,34.93977465437256
659,A,3,11.730377097132166,2024-04-14,35.1911312913965
442,A,4,46.501307165084654,2024-10-17,186.00522866033862
608,D,4,15.481625376520247,2024-01-09,61.92650150608099
769,C,3,49.68217711971238,2024-06-13,149.04653135913713
325,D,4,35.58148179775776,2024-02-29,142.32592719103104
516,C,4,24.995952055678305,2024-11-07,99.98380822271322
16,B,4,46.4021985396218,2024-04-15,185.6087941584872
792,C,3,40.7743785327855,2024-04-20,122.32313559835649
336,D,7,24.303428581320592,2024-03-29,170.12400006924415
759,D,3,8.086683752031023,2024-09-24,24.26005125609307
258,D,1,44.073705854052534,2024-08-17,44.073705854052534
497,B,5,39.42679691112535,2024-11-22,197.13398455562674
988,C,3,40.58306767808216,2024-03-11,121.74920303424648
896,C,4,38.51864297265,2024-04-28,154.0745718906
160,D,3,17.40895202201373,2024-12-16,52.22685606604119
475,C,3,43.64805738512019,2024-11-01,130.94417215536058
852,A,4,5.100464891484894,2024-04-12,20.401859565939574
664,A,0,15.67743252726887,2024-07-20,0.0
908,A,3,7.095181947088806,2024-01-23,21.28554584126642
690,C,5,9.976840550103201,2024-03-30,49.88420275051601
675,B,3,28.957061188287746,2024-04-02,86.87118356486323
380,B,2,6.676528547346549,2024-09-20,13.353057094693098
545,B,2,13.16214714651708,2024-10-11,26.32429429303416
929,B,4,15.473306632587247,2024-06-19,61.89322653034899
957,A,5,34.49024623117498,2024-11-04,172.4512311558749
691,A,6,26.096923600170435,2024-08-08,156.5815416010226
427,D,4,25.628563537495623,2024-01-24,102.51425414998249
613,C,3,39.5794649415931,2024-07-20,118.7383948247793
268,C,7,25.55246354334508,2024-05-03,178.86724480341556
835,B,2,20.681993431312087,2024-05-21,41.363986862624174
577,A,2,48.310297052194976,2024-02-21,96.62059410438995
417,B,3,5.373198924703565,2024-03-10,16.119596774110693
168,D,2,18.742685003392275,2024-09-16,37.48537000678455
842,C,3,32.42267223708754,2024-07-04,97.26801671126262
43,C,2,40.22641562237624,2024-07-25,80.45283124475247
556,B,2,41.73858296413539,2024-10-19,83.47716592827078
285,D,3,7.073290933482761,2024-10-30,21.219872800448286
397,C,6,36.91094250009145,2024-02-08,221.4656550005487
12,D,2,37.41141395623176,2024-12-13,74.82282791246352
607,D,7,14.633573965532065,2024-03-06,102.43501775872446
302,B,3,10.07487628115414,2024-01-13,30.22462884346242
898,A,4,38.7358770962886,2024-07-12,154.9435083851544
253,B,1,16.227500280677514,2024-11-11,16.227500280677514
499,A,0,5.0753211837654755,2024-10-14,0.0
754,D,3,15.060767160958747,2024-05-12,45.18230148287624
35,A,4,6.398060396734065,2024-07-13,25.59224158693626
727,D,2,16.213400901235786,2024-11-17,32.42680180247157
849,C,3,20.075881204931942,2024-03-18,60.227643614795824
90,C,6,17.213007179207818,2024-09-06,103.2780430752469
776,C,3,46.397168023066,2024-08-19,139.191504069198
605,B,2,15.463982632337808,2024-06-28,30.927965264675617
922,B,1,26.03906702501456,2024-06-25,26.03906702501456
970,D,3,48.084241722982114,2024-01-29,144.25272516894634
602,C,4,44.563977111659995,2024-06-14,178.25590844663998
418,B,3,18.91663135397426,2024-11-21,56.74989406192278
115,C,2,19.69206327308609,2024-08-13,39.38412654617218
617,B,3,31.69982311292524,2024-05-15,95.09946933877572
903,A,0,46.30382828394035,2024-07-05,0.0
196,A,2,5.449990795511149,2024-02-24,10.899981591022298
826,C,6,22.690390648333157,2024-01-02,136.14234388999893
501,D,2,43.23989688630007,2024-11-14,86.47979377260015
626,B,3,23.471149027404916,2024-01-17,70.41344708221474
493,B,5,37.40246938489726,2024-02-28,187.01234692448628
75,A,3,36.1366206085491,2024-03-28,108.40986182564731
413,A,3,14.245641933366528,2024-08-10,42.736925800099584
376,D,2,25.231752696514246,2024-09-28,50.46350539302849
420,D,3,30.478402076570237,2024-02-27,91.43520622971072
729,D,0,37.19583208598404,2024-07-10,0.0
277,C,2,42.007533420878836,2024-02-19,84.01506684175767
761,A,1,39.1969945026272,2024-07-31,39.1969945026272
676,C,1,6.274016032335357,2024-08-17,6.274016032335357
394,A,3,35.17870287207494,2024-06-02,105.53610861622482
869,A,7,27.379195873505292,2024-09-29,191.65437111453704
457,B,3,30.823778113411407,2024-02-15,92.47133434023422
920,A,2,21.783479573564463,2024-12-27,43.56695914712893
192,A,2,37.131179656410744,2024-11-01,74.26235931282149
739,C,3,35.324983045360995,2024-04-27,105.97494913608298
689,A,6,31.076891665536447,2024-06-24,186.46134999321868
99,C,3,43.77224896651916,2024-03-08,131.31674689955747
548,D,2,9.585501120123773,2024-09-07,19.171002240247546
978,A,3,18.546047416412765,2024-08-17,55.6381422492383
999,A,6,27.280868684127253,2024-07-18,163.6852121047635
96,C,1,48.13721650847909,2024-05-25,48.13721650847909
664,D,2,8.238352382681864,2024-02-20,16.476704765363728
663,B,5,20.16848704931767,2024-07-04,100.84243524658834
190,D,4,46.665074917667745,2024-11-15,186.66029967067098
736,C,2,45.407640535212344,2024-07-17,90.81528107042469
37,D,2,43.936050681842104,2024-05-24,87.87210136368421
780,C,3,18.877570520062278,2024-02-28,56.632711560186834
369,C,3,43.10761008879525,2024-07-13,129.32283026638575
695,B,3,27.74027353531634,2024-05-22,83.22082060594903
525,A,6,32.89004798190631,2024-08-10,197.34028789143784
279,C,0,15.74712074573911,2024-04-09,0.0
217,C,4,36.80032500135955,2024-01-26,147.2013000054382
867,B,1,19.746369691503766,2024-01-14,19.746369691503766
873,C,4,20.474619175429318,2024-05-01,81.89847670171727
798,A,1,33.6567729242109,2024-09-21,33.6567729242109
273,B,1,15.79243649783319,2024-01-07,15.79243649783319
881,A,3,15.099742546061746,2024-08-06,45.299227638185236
62,A,2,21.612332416823488,2024-08-07,43.224664833646976
596,B,0,40.01286312766551,2024-07-01,0.0
880,C,2,15.110692207841717,2024-04-17,30.221384415683435
729,A,3,40.42932757491439,2024-12-12,121.28798272474316
342,A,3,36.30223747241375,2024-05-03,108.90671241724125
397,A,2,35.55859462115673,2024-06-18,71.11718924231346
699,A,10,26.364005317103473,2024-09-13,263.6400531710347
19,B,4,38.5649525011708,2024-01-09,154.2598100046832
177,B,2,5.608378404674556,2024-10-06,11.216756809349112
612,D,2,18.752326617443984,2024-05-04,37.50465323488797
396,D,3,35.56118587207165,2024-06-10,106.68355761621494
445,A,3,49.42829409193772,2024-02-05,148.28488227581317
233,C,3,5.113145348792417,2024-01-04,15.339436046377251
915,A,0,27.948751926516852,2024-03-27,0.0
76,C,0,46.5726393066661,2024-09-20,0.0
265,A,4,43.859272316750314,2024-03-31,175.43708926700126
455,D,2,6.041128763948963,2024-10-21,12.082257527897927
796,D,4,28.830115730780832,2024-02-27,115.32046292312333
718,C,2,5.19291956376201,2024-05-19,10.38583912752402
735,A,1,40.5308726704569,2024-06-20,40.5308726704569
384,C,2,18.89936789402056,2024-09-16,37.79873578804112
564,D,2,39.451579786187985,2024-01-25,78.90315957237597
851,A,4,47.51570037666073,2024-07-16,190.06280150664293
506,A,2,48.923827436981675,2024-03-07,97.84765487396335
367,C,3,45.23500313951627,2024-04-27,135.70500941854883
144,B,0,14.186455392873478,2024-10-06,0.0
885,C,2,13.75700764675986,2024-01-06,27.51401529351972
69,D,1,33.16011947988025,2024-04-06,33.16011947988025
99,D,5,29.48241570115891,2024-03-12,147.41207850579454
396,D,4,5.429057351060698,2024-09-14,21.716229404242792
25,D,6,22.62773080180981,2024-02-07,135.76638481085888
948,D,3,45.80109524827289,2024-10-22,137.40328574481867
891,B,11,45.42615585139379,2024-02-25,499.68771436533166
469,A,1,14.175809784321569,2024-04-12,14.175809784321569
484,C,1,22.188338112076735,2024-04-12,22.188338112076735
565,C,2,30.216470494823717,2024-08-03,60.432940989647435
151,D,4,43.375291929150094,2024-01-21,173.50116771660038
144,C,2,28.93974976586067,2024-04-24,57.87949953172134
569,D,2,48.56899156083657,2024-07-28,97.13798312167314
39,B,2,40.95734620945496,2024-10-17,81.91469241890992
109,B,3,47.889134284037986,2024-07-21,143.66740285211395
693,A,1,37.91714982693545,2024-11-18,37.91714982693545
42,B,0,44.49308627131385,2024-07-06,0.0
186,B,1,42.39517065700323,2024-05-30,42.39517065700323
935,A,3,16.422731678350758,2024-07-09,49.26819503505227
398,C,7,15.329139055442093,2024-08-01,107.30397338809465
223,D,4,43.89725414555292,2024-02-11,175.58901658221168
634,D,6,8.810498188414531,2024-07-12,52.862989130487186
133,C,5,23.385362211487934,2024-09-06,116.92681105743966
163,A,2,41.92959966285016,2024-03-21,83.85919932570032
215,C,3,41.59576993285281,2024-02-10,124.78730979855843
733,B,5,11.245226480612128,2024-01-20,56.226132403060646
235,A,5,26.946941038574423,2024-01-09,134.73470519287213
843,A,3,26.592458122630887,2024-11-08,79.77737436789266
658,A,4,19.56746535976483,2024-05-03,78.26986143905933
751,D,3,46.27315152789515,2024-07-21,138.81945458368546
588,C,0,34.39029254025793,2024-03-18,0.0
9,A,7,49.10843704299668,2024-07-28,343.75905930097673
74,A,2,8.004479487204147,2024-01-18,16.008958974408294
954,A,5,22.74575778099193,2024-08-23,113.72878890495966
492,C,1,42.58119029444648,2024-11-14,42.58119029444648
913,D,1,24.020855114547164,2024-07-18,24.020855114547164
253,B,1,16.78451121694959,2024-12-14,16.78451121694959
230,D,3,49.90133949426982,2024-10-08,149.70401848280946
519,A,3,44.290620036604125,2024-09-08,132.87186010981236
174,D,1,29.591314758475182,2024-12-05,29.591314758475182
653,D,3,30.27691563109734,2024-08-26,90.83074689329202
168,B,3,5.308833226444396,2024-09-25,15.926499679333187
170,C,7,49.14475613974003,2024-04-28,344.01329297818023
393,C,4,41.283282285837124,2024-10-08,165.1331291433485
946,D,3,6.652821179508299,2024-12-02,19.958463538524896
795,D,3,12.934858647162041,2024-12-10,38.80457594148612
634,C,1,41.946405363384116,2024-01-07,41.946405363384116
194,C,5,8.908949672238231,2024-09-29,44.544748361191154
517,B,2,47.380357737930524,2024-09-09,94.76071547586105
29,A,2,49.99509779677813,2024-12-07,99.99019559355627
165,D,2,44.88947643111315,2024-05-07,89.7789528622263
422,C,5,38.25067952108825,2024-04-01,191.25339760544125
339,D,2,26.927705802594794,2024-11-01,53.85541160518959
648,D,1,8.709330935631812,2024-01-06,8.709330935631812
496,C,7,37.87008043289909,2024-03-14,265.0905630302936
365,B,6,22.85893193125489,2024-02-25,137.15359158752935
833,D,2,30.66028840160035,2024-10-21,61.3205768032007
342,B,2,18.202571426373268,2024-11-05,36.405142852746536
500,C,3,15.897020428163366,2024-08-25,47.6910612844901
657,A,4,19.593363139088225,2024-01-22,78.3734525563529
511,A,2,41.62226105361708,2024-02-10,83.24452210723416
327,D,2,24.192119307180196,2024-12-11,48.38423861436039
217,C,2,19.02685603831467,2024-09-22,38.05371207662934
301,B,4,24.48366787737144,2024-09-14,97.93467150948575
132,D,5,6.452931467591074,2024-02-17,32.26465733795537
804,C,3,45.077192726692246,2024-10-24,135.23157818007672
70,C,3,29.829270162509523,2024-05-18,89.48781048752858
252,B,2,9.717180220429931,2024-07-20,19.434360440859862
415,D,5,17.978311937711084,2024-05-19,89.89155968855542
787,C,2,49.259873699499856,2024-05-21,98.51974739899971
445,C,3,31.68758418817654,2024-10-12,95.06275256452962
876,C,3,18.113219910493044,2024-08-20,54.33965973147913
182,B,2,24.18555476146974,2024-11-11,48.37110952293948
167,D,1,16.63136507459007,2024-06-06,16.63136507459007
91,D,1,6.431191570379282,2024-02-07,6.431191570379282
714,D,4,42.891351446842435,2024-03-15,171.56540578736974
858,D,1,18.16153887685982,2024-11-16,18.16153887685982
531,A,3,42.728483248475534,2024-06-23,128.1854497454266
39,A,2,26.535068002126554,2024-02-08,53.07013600425311
126,D,1,13.230258662643223,2024-03-13,13.230258662643223
451,B,6,41.084091194209634,2024-02-27,246.5045471652578
173,A,2,21.970016647510754,2024-12-28,43.94003329502151
653,C,4,36.847813451297924,2024-03-29,147.3912538051917
754,A,4,42.675335106292955,2024-09-29,170.70134042517182
220,C,7,48.334354535473416,2024-05-13,338.3404817483139
638,D,2,8.861653966380887,2024-05-22,17.723307932761774
58,A,8,5.37739168281968,2024-04-04,43.01913346255744
660,B,3,29.679124168510135,2024-06-04,89.03737250553041
476,A,4,16.890843284375006,2024-07-19,67.56337313750002
456,A,4,26.109580538460932,2024-06-08,104.43832215384373
829,A,5,8.269640922024836,2024-07-29,41.34820461012418
895,D,1,27.571507100301186,2024-06-20,27.571507100301186
361,B,3,10.618504393016318,2024-03-10,31.855513179048955
935,A,2,42.7364491189573,2024-11-14,85.4728982379146
1,B,1,39.17690611864055,2024-11-09,39.17690611864055
387,D,2,8.333311019775897,2024-05-24,16.666622039551793
973,C,3,42.63576596275704,2024-06-15,127.90729788827113
348,A,7,19.623132159108017,2024-11-14,137.36192511375612
190,B,4,20.87868842947989,2024-04-26,83.51475371791956
505,B,1,13.09116084087027,2024-07-03,13.09116084087027
191,D,1,42.58868546716151,2024-07-21,42.58868546716151
508,A,1,23.211759373179117,2024-06-10,23.211759373179117
369,C,4,7.197614180614116,2024-11-04,28.790456722456465
409,B,6,48.48123325217733,2024-12-03,290.887399513064
824,A,6,16.514924628238802,2024-07-06,99.08954776943281
929,C,0,47.127977505791236,2024-02-12,0.0
934,B,8,18.555726319104224,2024-07-19,148.4458105528338
117,B,3,42.414196761415134,2024-08-18,127.24259028424541
134,C,4,34.88987716066359,2024-01-04,139.55950864265435
58,C,2,43.75775443953041,2024-08-27,87.51550887906082
556,D,2,48.92530940163038,2024-07-24,97.85061880326076
685,A,2,44.21676575554758,2024-11-26,88.43353151109515
672,A,0,23.164932267500923,2024-04-03,0.0
173,D,6,41.65265666728232,2024-08-19,249.91594000369395
829,B,4,37.02428646381919,2024-12-28,148.09714585527675
815,C,3,7.772165187424403,2024-12-12,23.31649556227321
149,C,3,46.83920439819309,2024-12-14,140.51761319457927
80,C,1,25.968249123207404,2024-06-08,25.968249123207404
886,B,5,11.050275456331516,2024-04-22,55.25137728165758
213,C,3,24.14201437391657,2024-09-08,72.42604312174971
203,C,4,32.14135603046648,2024-08-09,128.56542412186593
764,D,2,30.782575628775934,2024-12-11,61.56515125755187
229,B,0,30.865714105383635,2024-04-03,0.0
676,A,1,16.512767741828014,2024-06-15,16.512767741828014
227,D,1,33.471610223953505,2024-05-17,33.471610223953505
659,D,4,45.833667519994826,2024-12-13,183.3346700799793
532,A,0,22.490012594822034,2024-12-26,0.0
441,D,2,33.376112717904945,2024-07-28,66.75222543580989
402,B,3,15.979415315326078,2024-09-12,47.93824594597823
47,C,3,7.172645908491583,2024-03-13,21.51793772547475
233,B,3,31.35791137637323,2024-08-01,94.07373412911969
305,A,1,7.139741098335164,2024-09-22,7.139741098335164
526,A,2,37.5613067714213,2024-12-25,75.1226135428426
143,D,3,35.165871401079386,2024-05-30,105.49761420323816
415,B,4,21.619625850559192,2024-08-22,86.47850340223677
513,B,4,23.508054934159183,2024-08-03,94.03221973663673
373,A,1,46.299242141478494,2024-10-30,46.299242141478494
566,B,0,5.591013148537823,2024-04-18,0.0
886,A,3,30.34865213703464,2024-12-10,91.04595641110393
259,B,4,46.551250658050854,2024-10-26,186.20500263220342
656,B,0,46.129426149631854,2024-12-14,0.0
471,B,1,31.309509372111165,2024-11-15,31.309509372111165
953,A,4,22.155349950931907,2024-10-22,88.62139980372763
971,D,2,9.450658684956828,2024-04-29,18.901317369913656
12,B,5,12.820289171555771,2024-11-23,64.10144585777886
330,A,5,35.58530098416476,2024-04-07,177.9265049208238
736,A,4,5.748533771439552,2024-07-28,22.99413508575821
784,B,2,44.756850938359214,2024-02-01,89.51370187671843
968,B,5,31.45705115656476,2024-11-25,157.2852557828238
358,D,6,7.031599801914387,2024-08-13,42.18959881148632
972,A,1,15.789533908623465,2024-08-02,15.789533908623465
408,A,2,31.73904097554446,2024-05-02,63.47808195108892
668,C,2,6.602056945691681,2024-05-26,13.204113891383361
373,A,2,40.0994330880993,2024-12-05,80.1988661761986
8,D,3,46.396493007377146,2024-02-21,139.18947902213142
122,C,1,48.25491769858718,2024-06-28,48.25491769858718
348,C,4,38.014666110523635,2024-10-16,152.05866444209454
676,C,2,43.55714618777827,2024-07-05,87.11429237555654
90,B,0,32.48183580483814,2024-12-02,0.0
648,B,1,25.63446490437085,2024-04-17,25.63446490437085
698,A,5,37.09106390174932,2024-05-05,185.4553195087466
316,C,5,15.088129891821275,2024-09-17,75.44064945910637
178,D,3,9.94029467879976,2024-07-12,29.820884036399278
540,B,2,39.283293925800436,2024-10-23,78.56658785160087
732,D,1,48.118405684364106,2024-02-03,48.118405684364106
869,D,2,30.98656995476106,2024-10-02,61.97313990952212
41,B,3,26.714406694903715,2024-06-30,80.14322008471115
740,B,3,29.048190407248303,2024-08-26,87.14457122174491
704,B,5,26.530888297317464,2024-11-17,132.65444148658733
923,B,3,24.89901265297572,2024-12-13,74.69703795892715
502,C,2,47.61660623657958,2024-05-25,95.23321247315916
959,C,5,26.589343600771176,2024-02-13,132.9467180038559
145,C,3,8.649609845629035,2024-12-24,25.948829536887104
201,C,4,39.44825055816064,2024-10-30,157.79300223264255
929,A,4,22.62027215335616,2024-10-17,90.48108861342465
724,C,4,36.98120955869976,2024-10-21,147.92483823479904
461,B,5,31.0806211808483,2024-09-15,155.4031059042415
732,D,4,37.093102932013274,2024-01-19,148.3724117280531
752,C,4,7.78972806660558,2024-08-02,31.15891226642232
925,A,0,6.524299520052038,2024-07-29,0.0
909,B,4,22.034373118301353,2024-08-18,88.13749247320541
558,D,2,36.19247620198733,2024-12-04,72.38495240397467
547,D,5,15.065713710769735,2024-01-05,75.32856855384867
253,C,5,24.503032308315742,2024-11-06,122.5151615415787
390,D,2,49.13646187878385,2024-09-25,98.2729237575677
594,C,4,14.669354953280548,2024-06-10,58.67741981312219
883,C,0,43.15745577971136,2024-08-03,0.0
256,B,2,42.14573981650385,2024-09-30,84.2914796330077
709,B,0,45.11084833800448,2024-11-19,0.0
815,A,6,46.181378463295424,2024-04-09,277.08827077977253
921,B,4,27.82940865791595,2024-06-19,111.3176346316638
450,B,5,35.68702024380091,2024-09-08,178.43510121900454
10,C,6,32.850091040706246,2024-06-17,197.10054624423748
824,B,5,18.902684316450063,2024-02-07,94.51342158225032
798,C,5,17.59044137696183,2024-08-15,87.95220688480916
242,C,2,20.37064862754911,2024-05-04,40.74129725509822
251,B,3,14.830597940346147,2024-10-04,44.49179382103844
877,A,9,39.082259772175796,2024-10-11,351.74033794958217
5,A,0,48.40577907919321,2024-05-16,0.0
119,D,1,44.049728382713525,2024-04-17,44.049728382713525
801,D,3,14.807318183977126,2024-03-08,44.42195455193138
374,B,6,7.336196182048092,2024-04-13,44.017177092288556
65,A,1,39.06922581824788,2024-09-02,39.06922581824788
146,C,5,22.559621265887728,2024-06-13,112.79810632943864
224,D,3,42.10756772750217,2024-07-10,126.32270318250652
239,C,5,40.06561084639035,2024-07-13,200.32805423195174
177,D,7,33.143461339955344,2024-05-11,232.00422937968742
779,B,5,16.49027004707279,2024-10-22,82.45135023536395
853,A,6,9.681609552356615,2024-05-23,58.08965731413969
282,D,1,16.369174672526086,2024-08-06,16.369174672526086
63,A,2,27.939186290546022,2024-01-26,55.878372581092044
217,C,1,49.075833903907196,2024-09-07,49.075833903907196
854,B,5,7.865925809016139,2024-04-04,39.329629045080694
827,A,2,14.003240036716932,2024-12-19,28.006480073433863
795,B,2,33.227575596159134,2024-07-18,66.45515119231827
689,A,2,18.696397760016247,2024-04-12,37.39279552003249
461,C,2,43.63269347479479,2024-07-11,87.26538694958958
929,C,2,11.273764417951776,2024-01-02,22.547528835903552
610,B,2,48.342088561277365,2024-09-03,96.68417712255473
105,C,6,46.05687011824371,2024-03-31,276.3412207094623
99,D,0,44.938807520482456,2024-02-14,0.0
511,A,1,12.788106879353723,2024-01-03,12.788106879353723
385,C,4,19.827325591368993,2024-12-01,79.30930236547597
405,D,6,41.184357900508736,2024-03-04,247.10614740305243
823,B,3,41.351362950197576,2024-05-14,124.05408885059273
518,D,3,36.732893684320956,2024-10-17,110.19868105296287
476,B,3,25.16228966901883,2024-10-04,75.48686900705648
977,B,4,19.02151718030467,2024-06-24,76.08606872121868
709,A,1,48.333107128177716,2024-10-08,48.333107128177716
863,A,4,11.266802144975571,2024-04-29,45.067208579902285
645,D,4,6.9689327432880255,2024-09-18,27.875730973152102
870,A,4,5.4108733995437515,2024-06-22,21.643493598175006
771,A,1,39.876210933515985,2024-04-27,39.876210933515985
437,A,2,7.551731568503277,2024-12-06,15.103463137006553
23,D,1,29.238962201236042,2024-07-03,29.238962201236042
997,C,2,21.528159848028608,2024-08-30,43.056319696057216
565,A,2,11.610855053249313,2024-08-01,23.221710106498627
677,A,3,38.32679690992414,2024-04-30,114.98039072977242
714,D,2,7.475307396977055,2024-03-03,14.95061479395411
458,C,5,19.327722736345358,2024-05-28,96.63861368172678
83,A,5,30.298605143904098,2024-10-02,151.4930257195205
145,B,3,23.108707551031348,2024-01-29,69.32612265309405
85,D,5,16.661668939664004,2024-10-25,83.30834469832001
78,A,3,46.670045211772106,2024-08-12,140.01013563531632
457,A,8,46.89366748243988,2024-06-21,375.14933985951905
878,B,8,23.72425428241519,2024-08-31,189.7940342593215
1,B,4,22.718498754263898,2024-11-16,90.87399501705559
51,D,1,18.83232713690154,2024-05-10,18.83232713690154
685,D,0,43.50902868105622,2024-12-17,0.0
717,B,3,30.556187869770696,2024-01-20,91.66856360931209
772,D,4,9.028499580610484,2024-03-21,36.11399832244194
446,B,3,43.39943164032654,2024-10-19,130.1982949209796
449,A,6,29.069882148065034,2024-10-20,174.4192928883902
881,B,4,23.70163118476588,2024-08-22,94.80652473906352
488,B,4,20.203922463960104,2024-10-27,80.81568985584042
800,C,3,9.474196564082519,2024-08-08,28.422589692247556
34,B,2,48.05159703803913,2024-06-18,96.10319407607825
348,B,5,38.355958286253575,2024-02-15,191.77979143126788
95,C,4,10.929990339454132,2024-02-29,43.71996135781653
72,D,3,28.007096861067545,2024-04-05,84.02129058320264
551,C,5,30.000883900382913,2024-09-25,150.00441950191455
154,A,2,12.55499406638401,2024-01-31,25.10998813276802
250,C,2,24.224968798803676,2024-11-19,48.44993759760735
674,A,2,34.05857519543036,2024-04-25,68.11715039086071
438,D,3,17.780475731664204,2024-03-02,53.34142719499261
118,C,3,19.922402970047678,2024-05-25,59.76720891014303
771,C,3,10.491281467925363,2024-11-26,31.47384440377609
891,D,0,23.595828994659026,2024-12-27,0.0
306,A,4,31.27357781187326,2024-02-22,125.09431124749304
268,C,4,10.243649331469264,2024-02-20,40.974597325877056
961,A,2,32.6652961475766,2024-06-17,65.3305922951532
54,C,4,22.900694663876557,2024-12-22,91.60277865550623
236,B,2,35.518201447586364,2024-12-22,71.03640289517273
389,C,1,19.167663898257167,2024-07-13,19.167663898257167
990,D,50,30.582465723122183,2024-03-23,30.582465723122183
734,D,1,32.57612817169106,2024-05-13,32.57612817169106
763,A,1,36.07283296157651,2024-09-24,36.07283296157651
825,C,2,39.06225425917847,2024-03-21,78.12450851835693
401,A,1,11.135826945495857,2024-08-06,11.135826945495857
624,A,5,48.43592339901248,2024-01-02,242.17961699506242
767,B,2,42.96404370441928,2024-11-04,85.92808740883856
303,B,1,30.304345216937776,2024-09-07,30.304345216937776
919,D,3,45.066149185026106,2024-08-23,135.1984475550783
207,A,5,22.20948355913372,2024-06-04,111.0474177956686
229,D,3,6.542894822276006,2024-02-06,19.62868446682802
853,C,3,37.71641213905744,2024-08-16,113.14923641717232
910,A,1,47.4504867209912,2024-05-24,47.4504867209912
578,A,2,12.283459860888605,2024-11-20,24.56691972177721
75,C,3,33.97432761573509,2024-02-25,101.92298284720528
435,C,2,41.60415022935426,2024-04-30,83.20830045870852
103,D,4,45.728017323713736,2024-11-09,182.91206929485494
422,D,4,17.443749160183373,2024-07-29,69.77499664073349
704,C,4,10.79302142231292,2024-09-16,43.17208568925168
764,D,2,16.153255124417065,2024-04-12,32.30651024883413
738,C,3,30.9974738458611,2024-10-31,92.99242153758331
806,A,1,46.34277154229892,2024-08-22,46.34277154229892
306,A,3,31.214111503932777,2024-02-07,93.64233451179834
98,B,2,46.38295853761984,2024-10-27,92.76591707523968
850,A,0,39.65166606610486,2024-04-17,0.0
798,C,3,31.927525887551415,2024-08-11,95.78257766265425
335,D,4,5.980932916849832,2024-10-19,23.923731667399327
859,B,1,19.988409554426354,2024-07-02,19.988409554426354
435,D,2,7.585680075120782,2024-06-03,15.171360150241563
447,C,5,19.50090576233128,2024-02-01,97.5045288116564
994,A,0,7.805007417129836,2024-08-21,0.0
308,B,1,12.55171376525281,2024-09-06,12.55171376525281
249,C,2,23.4808662309084,2024-02-27,46.9617324618168
166,B,2,28.169813544484132,2024-11-28,56.339627088968264
481,B,2,14.771375973178468,2024-06-11,29.542751946356937
984,A,4,37.9659820666095,2024-01-17,151.863928266438
335,C,3,31.56640798401589,2024-09-10,94.69922395204767
542,D,3,36.1292238843475,2024-05-25,108.3876716530425
759,B,2,37.9744556492036,2024-08-16,75.9489112984072
106,B,3,37.71141523614606,2024-08-27,113.13424570843819
563,D,1,47.130525553858384,2024-10-12,47.130525553858384
81,C,2,15.674915026160015,2024-12-11,31.34983005232003
133,B,0,17.15700376540707,2024-01-16,0.0
797,B,4,9.239048060096781,2024-03-15,36.956192240387125
900,B,4,31.66638608439964,2024-09-16,126.66554433759856
138,C,6,22.783347843703943,2024-12-26,136.70008706222364
184,C,3,27.32894963004933,2024-01-04,81.986848890148
401,D,4,12.641965597136291,2024-09-07,50.567862388545166
330,C,1,34.20771127571224,2024-03-25,34.20771127571224
785,C,3,32.8558712287753,2024-03-03,98.5676136863259
508,A,1,16.915299211940876,2024-04-09,16.915299211940876
852,D,3,25.94375106917333,2024-11-17,77.83125320751999
984,B,2,45.243542214827585,2024-08-30,90.48708442965517
69,C,5,39.80745654466094,2024-10-21,199.03728272330468
546,B,4,15.212474454349927,2024-06-10,60.84989781739971
774,B,1,44.548468362482154,2024-06-26,44.548468362482154
53,A,4,8.029083803969428,2024-11-23,32.11633521587771
450,C,2,23.62678547249355,2024-11-23,47.2535709449871
205,D,1,8.605320239182824,2024-09-08,8.605320239182824
126,C,6,46.589638738391976,2024-02-11,279.53783243035184
747,B,1,6.831609881901951,2024-08-29,6.831609881901951
43,D,4,11.80581332485604,2024-12-07,47.22325329942416
752,C,4,46.1767974726448,2024-03-31,184.7071898905792
971,B,6,31.19709402052832,2024-01-28,187.18256412316993
883,B,300,40.78345887933197,2024-06-03,244.70075327599181
111,A,1,5.73830421178078,2024-04-28,5.73830421178078
761,A,4,23.859278174989278,2024-08-07,95.43711269995711
663,A,6,49.30095336234263,2024-12-12,295.8057201740558
183,B,6,31.091857971357015,2024-09-20,186.5511478281421
848,C,2,43.235725486996344,2024-04-30,86.47145097399269
95,A,4,48.36017646035954,2024-02-15,193.44070584143816
971,C,4,35.8268229060083,2024-10-06,143.3072916240332
374,A,3,19.743370776193135,2024-04-24,59.23011232857941
912,D,2,18.887312042201025,2024-06-16,37.77462408440205
520,D,0,8.20748335444106,2024-09-02,0.0
900,A,3,24.249744590274478,2024-10-06,72.74923377082344
360,B,0,46.19252370298462,2024-08-21,0.0
900,A,1,26.512809196729137,2024-01-22,26.512809196729137
696,A,3,45.99477095570514,2024-07-20,137.98431286711542
281,B,3,41.77138699527075,2024-03-08,125.31416098581226
195,D,1,49.2884200980476,2024-05-15,49.2884200980476
864,C,8,47.64628768514284,2024-08-18,381.1703014811427
195,A,3,36.79174710738454,2024-02-27,110.37524132215361
667,B,1,44.20477790941887,2024-01-15,44.20477790941887
93,A,2,38.663496573456904,2024-09-20,77.32699314691381
672,B,3,36.6527531588998,2024-06-18,109.9582594766994
946,C,1,37.2001810054011,2024-10-17,37.2001810054011
61,C,3,37.44696539110829,2024-06-17,112.34089617332488
634,D,3,22.07385553376968,2024-02-17,66.22156660130904
51,B,5,24.060308722366287,2024-04-05,120.30154361183143
403,B,5,18.23320216278699,2024-11-22,91.16601081393496
789,D,6,11.671725905209826,2024-02-13,70.03035543125895
5,D,4,25.62995301503866,2024-12-18,102.51981206015463
466,B,1,45.49771801725272,2024-08-27,45.49771801725272
604,D,1,34.3069117978023,2024-10-17,34.3069117978023
682,C,5,7.528116187315003,2024-10-09,37.64058093657502
829,A,4,41.503997505409345,2024-03-10,166.01599002163738
534,C,3,47.093068724787514,2024-09-09,141.27920617436254
405,D,1,42.32400979940468,2024-03-06,42.32400979940468
838,B,1,37.73936363700861,2024-11-22,37.73936363700861
513,B,1,11.755417811599466,2024-12-01,11.755417811599466
645,C,1,20.704995151366465,2024-10-11,20.704995151366465
233,B,2,30.437909975661363,2024-01-31,60.875819951322725
524,D,0,8.45873507202753,2024-08-01,0.0
346,C,0,9.782159636110318,2024-06-29,0.0
46,B,2,47.04142649050174,2024-07-20,94.08285298100348
546,A,0,36.62110369741926,2024-03-08,0.0
945,A,5,17.3789170723074,2024-01-25,86.894585361537
78,D,4,19.73121393926065,2024-09-04,78.9248557570426
730,B,2,22.299318692607624,2024-12-02,44.59863738521525
813,D,1,8.378208166042262,2024-12-08,8.378208166042262
923,C,2,38.26296494214927,2024-06-08,76.52592988429853
73,A,1,12.957530544104253,2024-10-06,12.957530544104253
794,C,2,41.23040111693196,2024-09-13,82.46080223386392
249,B,5,43.06425933996201,2024-04-20,215.32129669981003
47,D,6,33.72953798423589,2024-02-16,202.37722790541534
121,D,4,39.643472452951094,2024-06-27,158.57388981180438
214,D,2,12.732582500871953,2024-02-05,25.465165001743905
239,C,3,30.917254220178656,2024-07-16,92.75176266053597
56,A,4,35.45596915007591,2024-02-11,141.82387660030363
350,C,1,34.7702261384425,2024-11-27,34.7702261384425
107,C,0,10.278044493943135,2024-03-30,0.0
831,B,7,20.497210811601715,2024-12-10,143.480475681212
48,B,2,19.626688466705147,2024-03-08,39.253376933410294
573,B,6,30.76370926686088,2024-03-10,184.5822556011653
337,A,2,39.43567079904889,2024-04-19,78.87134159809779
26,A,3,30.67656647765962,2024-12-16,92.02969943297886
804,B,6,38.96723473932444,2024-01-22,233.80340843594664
257,B,4,9.453541851455366,2024-10-03,37.814167405821465
8,A,2,44.51624108902748,2024-07-13,89.03248217805496
625,D,7,29.147768121391685,2024-02-14,204.0343768497418
867,A,5,6.687439721022779,2024-04-20,33.43719860511389
253,A,5,33.94458513600918,2024-07-27,169.7229256800459
692,A,0,28.280623431338398,2024-08-17,0.0
719,B,2,14.916630598185423,2024-06-26,29.833261196370845
303,D,1,39.39914563751096,2024-09-06,39.39914563751096
639,A,5,47.010571304359104,2024-11-23,235.05285652179552
56,B,3,19.520755422957762,2024-01-11,58.56226626887329
726,C,8,27.226205726736605,2024-09-08,217.80964581389284
526,C,2,10.767874941429309,2024-12-09,21.535749882858617
474,A,3,46.84098756671673,2024-08-22,140.52296270015017
28,C,2,19.34582268286548,2024-05-15,38.69164536573096
983,D,3,13.765310766478663,2024-09-10,41.29593229943599
78,C,5,26.529290454625496,2024-02-23,132.64645227312747
216,C,8,6.947712027553133,2024-05-08,55.581696220425066
386,D,3,16.37765740518822,2024-08-13,49.13297221556466
365,A,3,8.044598142113486,2024-01-20,24.133794426340458
666,A,5,10.73170195223899,2024-04-09,53.65850976119495
526,D,2,10.047089788964065,2024-10-16,20.09417957792813
699,D,4,44.258897975808075,2024-02-26,177.0355919032323
312,D,3,46.869568161558256,2024-08-13,140.60870448467477
883,C,5,26.353497460106574,2024-05-20,131.76748730053288
7,D,4,33.36876895340053,2024-05-04,133.47507581360213
3,B,4,36.31558537683493,2024-11-04,145.26234150733973
623,C,2,22.609099619242706,2024-02-21,45.21819923848541
919,A,4,21.659471016929952,2024-05-13,86.63788406771981
750,A,5,35.40060586506513,2024-10-18,177.00302932532566
363,A,3,21.95215318603573,2024-06-01,65.85645955810719
751,C,0,31.14542837975797,2024-12-12,0.0
508,B,3,28.183676486515598,2024-07-04,84.5510294595468
274,D,6,28.600727040544164,2024-08-26,171.60436224326497
506,D,5,42.3211488294403,2024-07-01,211.60574414720148
806,A,3,36.682569900441344,2024-12-16,110.04770970132404
739,A,1,48.230719431714185,2024-01-03,48.230719431714185
883,C,6,40.59394822632108,2024-10-10,243.56368935792648
15,B,3,11.560663156995307,2024-07-14,34.681989470985926
192,D,2,38.231748634992925,2024-06-14,76.46349726998585
985,C,3,34.95413992852109,2024-10-16,104.86241978556326
631,D,6,34.071979078010685,2024-12-05,204.4318744680641
485,A,1,26.633508178640163,2024-05-20,26.633508178640163
28,D,3,7.810876391719389,2024-04-20,23.432629175158166
714,B,1,47.81681453795314,2024-09-17,47.81681453795314
39,B,4,43.33661126259854,2024-07-06,173.34644505039415
953,A,1,26.906361683533607,2024-12-09,26.906361683533607
273,B,2,12.136143543386378,2024-12-23,24.272287086772756
231,B,5,42.10126960350914,2024-09-29,210.5063480175457
86,C,2,24.38022224341336,2024-07-03,48.76044448682672
474,D,3,22.555126557786174,2024-10-13,67.66537967335853
126,A,4,34.94220043697156,2024-04-01,139.76880174788624
812,A,3,39.140392933969316,2024-07-12,117.42117880190796
537,A,6,7.827833147920614,2024-12-25,46.96699888752368
145,A,3,39.54003874175808,2024-12-14,118.62011622527424
525,A,3,38.027322560823265,2024-12-03,114.0819676824698
212,B,3,31.51443247349196,2024-11-06,94.54329742047588
25,C,2,20.228851146116043,2024-11-24,40.457702292232085
580,A,3,12.416096626512253,2024-02-16,37.248289879536756
394,C,4,9.619383613273847,2024-05-23,38.47753445309539
67,C,3,5.053266217335558,2024-05-28,15.159798652006675
233,B,3,14.290707906144178,2024-12-15,42.87212371843253
109,A,3,23.51016365224878,2024-11-18,70.53049095674635
146,B,2,15.963994913003795,2024-12-18,31.92798982600759
111,A,5,18.904057412225445,2024-04-29,94.52028706112722
228,B,4,22.570358691244557,2024-05-13,90.28143476497823
111,C,0,18.871803880944398,2024-07-15,0.0
470,A,2,37.607946739642884,2024-02-06,75.21589347928577
34,D,5,27.127705512423645,2024-07-05,135.6385275621182
623,C,3,5.869721648841831,2024-07-31,17.609164946525492
776,D,1,15.200070411303653,2024-04-19,15.200070411303653
936,C,1,36.93462100855388,2024-07-05,36.93462100855388
369,B,2,18.54187354790536,2024-03-18,37.08374709581072
748,A,2,46.406379726457196,2024-10-24,92.81275945291439
595,C,5,37.06988213513393,2024-11-25,185.34941067566965
554,B,3,18.04671391458386,2024-05-04,54.140141743751585
425,A,7,28.238443077804984,2024-11-11,197.66910154463488
613,A,5,35.02575635810764,2024-11-15,175.1287817905382
518,C,3,13.70146394016929,2024-11-09,41.10439182050787
692,A,6,16.078436054908803,2024-01-02,96.47061632945281
282,C,4,27.820568563801544,2024-11-29,111.28227425520618
320,A,2,46.62026251206315,2024-03-11,93.2405250241263
738,D,1,20.480466508592684,2024-07-30,20.480466508592684
443,B,3,23.095864764531793,2024-01-08,69.28759429359538
952,D,2,13.577909480668112,2024-07-02,27.155818961336223
315,C,4,31.69439128728993,2024-06-12,126.77756514915971
877,D,6,38.30678362629493,2024-09-25,229.84070175776958
966,C,2,24.82890198393292,2024-10-21,49.65780396786584
741,A,3,38.76122208469183,2024-12-23,116.28366625407548
377,A,2,18.617212551558083,2024-03-21,37.234425103116166
289,C,6,36.81429881128257,2024-09-18,220.88579286769541
437,D,1,16.62550399267044,2024-10-01,16.62550399267044
662,A,8,40.129229379720655,2024-04-14,321.03383503776524
277,B,3,42.37887102346443,2024-11-04,127.13661307039328
710,A,6,40.897565076190496,2024-01-28,245.385390457143
582,B,1,14.69626726327817,2024-02-16,14.69626726327817
503,D,4,36.241224705227246,2024-11-08,144.96489882090899
624,B,1,29.234317431935715,2024-02-24,29.234317431935715
516,B,0,49.371664549507145,2024-03-19,0.0
350,B,0,21.270956944057883,2024-01-01,0.0
843,B,4,39.70631087775683,2024-06-16,158.8252435110273
446,A,4,21.653515267579262,2024-01-23,86.61406107031705
830,B,4,22.858586336931886,2024-08-15,91.43434534772754
350,A,2,9.994648298229382,2024-10-24,19.989296596458765
607,B,3,15.784753362178611,2024-09-16,47.35426008653583
664,C,3,12.401792895755161,2024-09-20,37.20537868726548
823,D,4,12.16402524697672,2024-06-12,48.65610098790688
137,B,7,5.405743744333526,2024-01-10,37.84020621033468
759,C,0,40.7201346262743,2024-04-25,0.0
899,B,3,26.056904807285637,2024-06-06,78.17071442185691
243,B,4,41.187540558234105,2024-12-21,164.75016223293642
543,B,4,32.56476841394622,2024-09-28,130.25907365578487
40,C,3,42.41019481162292,2024-06-06,127.23058443486877
229,D,3,27.66942514568485,2024-11-15,83.00827543705455
548,C,3,9.231845951247553,2024-12-29,27.69553785374266
920,D,2,32.75436394552733,2024-07-20,65.50872789105466
223,B,2,35.499418801823296,2024-04-30,70.99883760364659
6,A,4,33.192687573547474,2024-05-18,132.7707502941899
322,B,2,41.06013418519609,2024-06-10,82.12026837039218
468,D,4,37.917465980279594,2024-07-26,151.66986392111838
732,C,4,24.46846021394911,2024-02-24,97.87384085579644
75,B,4,41.85966449548595,2024-12-04,167.4386579819438
4,C,4,36.130394396420954,2024-09-16,144.52157758568381
847,C,4,10.416503233175495,2024-02-13,41.66601293270198
646,C,2,29.29428119524189,2024-06-07,58.58856239048378
118,B,2,37.78501128034723,2024-10-30,75.57002256069445
881,C,4,29.897969077322617,2024-12-20,119.59187630929047
606,C,4,47.70628929282189,2024-04-07,190.82515717128757
504,B,7,9.567107069394629,2024-01-26,66.9697494857624
998,C,3,37.50447617954725,2024-12-24,112.51342853864173
947,B,2,42.10028651432752,2024-07-16,84.20057302865504
574,D,2,36.61939377073275,2024-04-06,73.2387875414655
441,D,1,22.351325227898283,2024-08-26,22.351325227898283
194,D,0,22.34661409414967,2024-01-12,0.0
847,C,3,31.39553772837557,2024-02-14,94.1866131851267
715,A,2,22.869411635953696,2024-01-09,45.73882327190739
392,A,2,44.74323488146239,2024-01-01,89.48646976292478
26,C,1,9.946877823250269,2024-11-22,9.946877823250269
435,A,0,33.76208065877386,2024-07-28,0.0
173,B,4,11.035173234813698,2024-02-23,44.14069293925479
300,A,1,29.307191112456877,2024-04-13,29.307191112456877
645,C,4,37.201154108481276,2024-05-31,148.8046164339251
326,C,6,12.447991245211202,2024-01-10,74.68794747126722
410,B,1,36.6814949670344,2024-02-09,36.6814949670344
118,D,3,11.29910140449909,2024-02-13,33.89730421349727
836,C,2,32.92491855331126,2024-09-24,65.84983710662252
787,B,5,27.749886319529853,2024-10-04,138.74943159764928
724,A,3,18.413372921416773,2024-06-03,55.24011876425032
225,A,1,10.019692888488612,2024-03-22,10.019692888488612
532,B,1,38.11343628204124,2024-07-15,38.11343628204124
113,B,3,22.18123100196527,2024-02-21,66.5436930058958
140,C,2,8.893884977292936,2024-08-10,17.787769954585873
559,A,4,39.77552022227298,2024-02-28,159.10208088909192
1,B,5,15.480260756771932,2024-10-20,77.40130378385966
90,A,3,38.140342416748425,2024-10-02,114.42102725024527
654,B,2,30.42044086733315,2024-11-29,60.8408817346663
320,A,4,13.753805521057306,2024-10-02,55.01522208422922
550,D,1,8.43825772286564,2024-12-22,8.43825772286564
805,C,4,31.69620569311816,2024-04-19,126.78482277247264
894,A,2,6.134532450774296,2024-01-30,12.269064901548592
139,D,3,7.945901818885077,2024-04-16,23.837705456655232
511,A,3,36.59985868850153,2024-10-23,109.79957606550458
868,A,1,29.24932286305864,2024-12-05,29.24932286305864
845,D,2,19.683286954446963,2024-11-22,39.366573908893926
259,A,2,29.265257420079067,2024-11-14,58.53051484015813
673,A,4,31.624219738621377,2024-04-04,126.49687895448551
902,C,3,30.437863981000987,2024-10-11,91.31359194300296
690,D,2,33.914930518197075,2024-07-25,67.82986103639415
10,D,2,47.31296450856652,2024-11-28,94.62592901713305
261,B,3,22.494988403781147,2024-06-20,67.48496521134344
919,A,2,18.551813605590926,2024-03-19,37.10362721118185
650,C,3,6.729570996357637,2024-09-06,20.18871298907291
172,A,4,11.61828755855451,2024-08-05,46.47315023421804
898,A,2,9.78124171465142,2024-12-04,19.56248342930284
13,B,2,20.0949884092608,2024-02-26,40.1899768185216
168,A,1,32.4495827966775,2024-05-26,32.4495827966775
642,C,3,7.085025101056254,2024-08-21,21.255075303168763
596,C,3,37.74492520046082,2024-01-17,113.23477560138247
321,B,3,22.884482748998266,2024-07-15,68.6534482469948
319,A,4,48.35770321048046,2024-07-07,193.43081284192183
613,C,3,30.577323883637238,2024-05-11,91.73197165091172
329,A,2,39.711304057481996,2024-09-04,79.42260811496399
785,A,3,43.75315545336649,2024-05-29,131.25946636009945
777,A,4,44.99808355964873,2024-07-20,179.9923342385949
971,B,6,28.330778735591323,2024-07-31,169.98467241354794
911,A,3,22.85341512939865,2024-08-04,68.56024538819594
920,C,3,30.223174535979776,2024-01-06,90.66952360793933
550,A,3,23.093168072784255,2024-06-06,69.27950421835277
419,C,3,15.83217361774587,2024-12-14,47.49652085323761
606,A,5,19.576392222500033,2024-03-15,97.88196111250016
95,C,4,15.474643530736952,2024-09-07,61.89857412294781
817,C,1,17.124693376768775,2024-10-30,17.124693376768775
581,A,3,9.212348175607417,2024-02-15,27.63704452682225
318,A,4,24.19082243257571,2024-12-07,96.76328973030284
956,C,2,15.587775797145069,2024-12-13,31.175551594290138
236,D,2,25.176494857751425,2024-11-10,50.35298971550285
946,B,1,40.64892053793319,2024-08-16,40.64892053793319
334,D,4,25.174055895942974,2024-06-30,100.6962235837719
885,D,1,47.95753418193719,2024-03-23,47.95753418193719
376,A,3,11.652660253760939,2024-05-24,34.95798076128281
459,B,2,43.26192458770436,2024-02-19,86.52384917540871
137,D,0,16.171615133284437,2024-04-09,0.0
930,A,1,47.02700528847384,2024-12-08,47.02700528847384
588,D,1,15.221656690189455,2024-08-07,15.221656690189455
995,D,3,38.61328036841625,2024-05-18,115.83984110524875
547,A,3,7.795305538698657,2024-01-14,23.385916616095972
513,A,4,33.34160467220799,2024-01-13,133.36641868883197
296,A,3,14.840339806217335,2024-12-09,44.521019418652
320,B,3,35.157764374170625,2024-09-06,105.47329312251188
918,D,4,33.61232019311811,2024-12-01,134.44928077247243
572,A,4,46.5663145847073,2024-06-20,186.2652583388292
832,C,3,33.20043937792017,2024-11-14,99.60131813376051
349,D,1,23.37119652424585,2024-12-24,23.37119652424585
840,C,2,13.710551218214139,2024-04-15,27.421102436428278
779,B,0,34.58529538448629,2024-07-07,0.0
873,A,3,10.236497176527461,2024-01-17,30.709491529582383
229,C,3,42.28325721147955,2024-02-19,126.84977163443865
270,B,1,16.130054612248866,2024-09-05,16.130054612248866
828,A,2,28.587150421192838,2024-08-14,57.174300842385676
798,C,4,31.817628694822798,2024-03-19,127.27051477929119
291,C,2,21.31204956788691,2024-09-28,42.62409913577382
725,B,5,34.87431999075109,2024-07-31,174.37159995375544
165,A,4,16.25976315014585,2024-01-17,65.0390526005834
5,A,3,6.558105819946795,2024-12-11,19.674317459840385
851,C,3,48.16704812607213,2024-09-07,144.5011443782164
379,C,4,19.40206241044175,2024-12-05,77.608249641767
78,C,3,37.105800559721,2024-03-24,111.317401679163
410,A,2,27.839012311417132,2024-07-15,55.678024622834265
574,B,6,35.10494047008519,2024-09-21,210.62964282051115
132,B,1,9.992143513205498,2024-01-18,9.992143513205498
601,A,3,28.348154380224457,2024-08-08,85.04446314067337
749,D,2,22.64987990804992,2024-11-26,45.29975981609984
42,B,4,25.33323050751684,2024-08-22,101.33292203006737
89,C,2,48.47937498249063,2024-06-24,96.95874996498127
402,D,3,11.133000717660153,2024-03-12,33.39900215298046
296,D,2,38.96150793851292,2024-03-31,77.92301587702585
840,B,2,19.865425737797665,2024-11-17,39.73085147559533
295,D,3,18.0661094430693,2024-01-23,54.198328329207904
616,D,3,17.184982815466938,2024-07-31,51.554948446400815
526,B,4,20.69516989503009,2024-10-20,82.78067958012036
800,B,4,21.070267681712274,2024-05-07,84.2810707268491
691,D,2,17.18361523318871,2024-02-28,34.36723046637742
637,C,2,35.03719164980642,2024-11-19,70.07438329961283
422,A,4,7.147489266511222,2024-03-25,28.58995706604489
865,D,2,19.953221261264787,2024-08-16,39.906442522529574
23,D,2,17.60925230762312,2024-09-24,35.21850461524624
575,C,8,38.81381092474415,2024-04-21,310.5104873979532
143,D,3,11.592434480879884,2024-04-25,34.77730344263965
993,D,3,47.33092139437548,2024-08-25,141.99276418312644
665,A,4,12.673337542031973,2024-02-21,50.69335016812789
145,A,1,21.651231382859805,2024-03-24,21.651231382859805
225,A,4,13.986508704760517,2024-04-20,55.94603481904207
503,B,4,17.901407456244073,2024-07-18,71.60562982497629
962,B,4,39.24611153006562,2024-08-06,156.98444612026248
974,A,3,26.438212343226198,2024-08-16,79.3146370296786
821,A,3,12.31590727896125,2024-11-12,36.94772183688375
616,B,2,7.098569539005817,2024-01-21,14.197139078011634
104,C,2,15.346229907662376,2024-06-24,30.692459815324753
947,D,2,47.55212503367094,2024-02-25,95.10425006734188
39,D,2,43.039253668461505,2024-10-17,86.07850733692301
947,A,3,24.80781721658039,2024-10-26,74.42345164974117
198,C,0,26.689784987569233,2024-10-21,0.0
646,B,4,45.47147627205477,2024-05-22,181.8859050882191
579,A,3,31.61054220690809,2024-08-13,94.83162662072426
391,C,6,44.63451793169435,2024-01-08,267.8071075901661
179,C,4,27.132759695855327,2024-05-03,108.53103878342131
968,C,1,14.004392860347167,2024-09-02,14.004392860347167
554,B,4,37.66671409740057,2024-04-10,150.6668563896023
448,B,6,28.687699381055566,2024-11-18,172.1261962863334
500,D,3,35.079781098581094,2024-12-15,105.23934329574328
15,D,2,12.075391251477258,2024-04-02,24.150782502954517
623,C,1,34.142081086352555,2024-09-10,34.142081086352555
669,C,4,22.201571633230422,2024-03-20,88.80628653292169
289,B,4,19.93989887650382,2024-10-24,79.75959550601527
478,D,3,35.216399348267096,2024-01-31,105.6491980448013
231,C,2,31.650760096743046,2024-11-25,63.30152019348609
923,D,4,34.209834302151705,2024-10-25,136.83933720860682
420,D,6,48.43998789041711,2024-10-08,290.63992734250263
157,C,3,36.5538411306238,2024-01-12,109.66152339187141
550,B,2,33.840453302280075,2024-05-06,67.68090660456015
441,C,5,32.609886882863194,2024-12-25,163.04943441431595
97,C,1,22.942141220918266,2024-07-05,22.942141220918266
997,D,1,42.763626101398174,2024-03-09,42.763626101398174
411,C,1,22.14223711275698,2024-11-24,22.14223711275698
951,B,1,36.51096354465028,2024-01-11,36.51096354465028
289,C,2,18.191464012160022,2024-10-29,36.382928024320044
254,B,3,11.64903987948292,2024-01-23,34.94711963844876
196,B,1,10.839348828409825,2024-12-02,10.839348828409825
598,D,1,33.555148551085935,2024-11-28,33.555148551085935
834,A,2,19.75797187158156,2024-07-27,39.51594374316312
522,A,3,17.37721798665771,2024-08-02,52.13165395997312
517,D,5,31.642669821041036,2024-05-02,158.21334910520517
635,C,4,6.155138950947586,2024-03-13,24.620555803790342
842,D,3,16.080154339310354,2024-07-28,48.24046301793106
865,B,1,20.324627839268942,2024-11-06,20.324627839268942
118,A,2,36.87681157732391,2024-09-30,73.75362315464783
806,D,0,29.525056122368774,2024-04-03,0.0
909,C,2,43.519487770690226,2024-08-23,87.03897554138045
159,D,2,20.05278633493281,2024-06-02,40.10557266986562
815,A,5,18.339844652393705,2024-09-30,91.69922326196853
228,D,3,6.493883385425473,2024-07-31,19.48165015627642
877,D,2,47.82727852872589,2024-05-07,95.65455705745178
216,A,4,27.567146587778076,2024-08-20,110.2685863511123
948,B,5,27.613576161221673,2024-02-10,138.06788080610835
696,B,3,46.55462654055192,2024-10-15,139.66387962165578
15,A,2,18.04632061678609,2024-02-12,36.09264123357218
157,D,0,19.944775852058562,2024-09-26,0.0
648,A,3,34.53564624778144,2024-11-09,103.60693874334433
261,B,1,40.33291797047274,2024-01-28,40.33291797047274
157,C,6,36.4689826444621,2024-09-26,218.8138958667726
47,D,4,40.49232271350252,2024-03-14,161.96929085401007
324,B,3,30.87986176807687,2024-05-24,92.63958530423062
844,D,7,43.827056722022164,2024-06-10,306.78939705415513
685,A,4,29.754802853112373,2024-09-02,119.0192114124495
130,C,3,15.320328226304408,2024-09-26,45.96098467891322
411,A,1,29.37654979243782,2024-07-29,29.37654979243782
95,C,2,37.08251083206296,2024-10-06,74.16502166412592
627,D,1,34.410890273671015,2024-08-10,34.410890273671015
755,D,4,15.935754333683112,2024-12-25,63.74301733473245
932,A,2,6.848520260185333,2024-03-10,13.697040520370667
292,C,1,16.361634217576984,2024-01-20,16.361634217576984
794,C,2,49.28189320641738,2024-04-30,98.56378641283476
811,D,1,13.300980817570215,2024-06-21,13.300980817570215
283,A,3,25.896729132090208,2024-02-03,77.69018739627063
69,C,1,33.725560971090204,2024-03-11,33.725560971090204
660,D,3,44.5762933272294,2024-02-02,133.7288799816882
11,B,3,39.211638688859345,2024-09-18,117.63491606657803
254,A,1,45.90288975022714,2024-09-28,45.90288975022714
842,B,2,32.19726621103183,2024-04-18,64.39453242206366
872,A,3,43.93934636575144,2024-01-23,131.8180390972543
550,D,6,16.872934871264427,2024-05-25,101.23760922758656
134,C,3,24.37541789764391,2024-01-14,73.12625369293173
712,C,5,42.969761345717345,2024-11-01,214.84880672858674
23,C,1,19.65036505000345,2024-11-12,19.65036505000345
815,A,2,44.20499649072777,2024-02-05,88.40999298145555
346,D,3,21.340178054975215,2024-09-27,64.02053416492565
302,B,3,21.352761667550407,2024-09-17,64.05828500265122
363,D,1,18.9064811656015,2024-02-22,18.9064811656015
396,B,3,29.612438763690587,2024-02-17,88.83731629107176
218,A,3,10.808093250442397,2024-01-11,32.42427975132719
141,A,1,6.647119333160866,2024-09-14,6.647119333160866
616,B,3,45.383584098694584,2024-12-08,136.15075229608374
958,B,2,46.802221455820636,2024-10-06,93.60444291164127
210,B,4,8.42767978513662,2024-07-28,33.71071914054648
985,D,4,29.73638997326717,2024-11-19,118.94555989306868
993,B,3,29.285697188983153,2024-11-30,87.85709156694946
623,A,4,21.759380618792783,2024-01-12,87.03752247517113
616,A,5,30.600716922707456,2024-09-07,153.00358461353727
828,C,3,25.61537055776292,2024-11-18,76.84611167328876
683,B,2,27.033575639204955,2024-06-08,54.06715127840991
460,D,6,38.99015703892552,2024-02-05,233.9409422335531
356,D,2,28.66821203003527,2024-05-28,57.33642406007054
324,D,2,19.564614176239658,2024-07-16,39.129228352479316
133,C,4,31.165525044003008,2024-09-02,124.66210017601203
888,A,1,33.83392986842565,2024-07-22,33.83392986842565
805,D,0,34.80401047997142,2024-02-13,0.0
840,A,4,32.82379929396376,2024-11-10,131.29519717585504
127,C,4,34.90712441342599,2024-11-14,139.62849765370396
106,B,2,18.954175265026628,2024-07-24,37.908350530053255
604,B,0,25.076026088568376,2024-08-28,0.0
799,B,3,35.09177761644565,2024-02-10,105.27533284933693
378,D,6,38.94658437220905,2024-03-16,233.6795062332543
905,B,4,24.53657578962029,2024-07-20,98.14630315848116
51,D,3,21.439977958262528,2024-12-28,64.31993387478758
29,C,1,37.21471948277863,2024-04-04,37.21471948277863
462,C,4,14.997793092590285,2024-01-28,59.99117237036114
296,D,4,5.427148799119935,2024-05-23,21.70859519647974
297,A,2,26.20247011026993,2024-02-28,52.40494022053986
726,B,7,12.801791967185338,2024-05-08,89.61254377029736
779,B,2,22.022724156635395,2024-12-07,44.04544831327079
407,B,4,18.105536761849223,2024-01-01,72.42214704739689
769,D,1,39.97678498313551,2024-10-13,39.97678498313551
814,C,3,19.913382472992364,2024-01-22,59.74014741897709
613,B,0,33.83041061251953,2024-08-13,0.0
405,C,1,35.326066846969454,2024-07-22,35.326066846969454
346,B,3,25.54044284985599,2024-07-05,76.62132854956796
622,B,2,8.648507098801023,2024-10-10,17.297014197602046
420,D,2,36.51642887339327,2024-11-27,73.03285774678653
182,A,2,8.382556160391545,2024-01-27,16.76511232078309
983,D,4,9.46458318653159,2024-12-08,37.85833274612636
825,B,2,13.819881594869997,2024-05-08,27.639763189739995
1,B,3,17.616910900467104,2024-12-28,52.85073270140131
831,A,4,43.09032651444718,2024-04-04,172.3613060577887
950,C,3,35.37147996970238,2024-03-06,106.11443990910713
567,C,5,22.42457547875421,2024-06-25,112.12287739377105
371,B,1,49.0382353022339,2024-10-01,49.0382353022339
936,C,6,15.962114402741562,2024-06-04,95.77268641644937
911,B,3,32.44164743229145,2024-01-19,97.32494229687434
661,A,4,43.124634902888715,2024-11-15,172.49853961155486
431,A,4,41.09101600805533,2024-02-27,164.3640640322213
969,B,4,9.063848685453202,2024-09-29,36.25539474181281
309,A,2,36.37734006535443,2024-07-16,72.75468013070886
137,D,6,16.603868999871136,2024-03-19,99.6232139992268
202,D,1,21.008006512946004,2024-02-10,21.008006512946004
436,A,6,27.004639204002448,2024-08-13,162.0278352240147
313,B,3,40.58375747294271,2024-09-17,121.75127241882812
117,B,3,12.479064920107126,2024-09-01,37.437194760321375
666,A,2,9.884985576782753,2024-01-23,19.769971153565507
937,C,3,11.904856026964008,2024-07-15,35.71456808089202
803,D,5,14.820059101639242,2024-08-23,74.10029550819621
575,C,4,7.67758342149631,2024-05-05,30.71033368598524
244,B,4,46.686041130653486,2024-09-22,186.74416452261394
537,B,2,19.358753318993678,2024-11-19,38.717506637987356
602,C,4,12.963903343988925,2024-05-19,51.8556133759557
75,A,5,33.70253916569316,2024-11-11,168.5126958284658
806,C,3,40.414825344498304,2024-05-06,121.24447603349492
386,C,5,38.895537452063756,2024-10-12,194.4776872603188
903,D,1,37.34182367541915,2024-04-23,37.34182367541915
210,D,4,7.27384889470852,2024-11-20,29.09539557883408
475,C,3,40.19717836492008,2024-01-13,120.59153509476023
418,C,6,27.584538856333616,2024-08-15,165.5072331380017
347,B,4,34.20887090141826,2024-01-09,136.83548360567303
529,D,3,48.03910810426519,2024-05-25,144.11732431279557
640,D,2,41.48026423133252,2024-06-11,82.96052846266504
939,B,3,42.14174041517022,2024-08-10,126.42522124551066
955,A,3,13.166024849517724,2024-08-03,39.49807454855317
876,D,1,26.438770684537904,2024-06-17,26.438770684537904
763,D,2,47.719646825466015,2024-01-26,95.43929365093203
179,A,3,31.220836343181745,2024-05-04,93.66250902954523
182,D,4,9.616386639390722,2024-10-26,38.46554655756289
664,D,3,37.93189211983586,2024-09-06,113.79567635950758
25,A,1,6.931708119727245,2024-01-10,6.931708119727245
967,A,1,38.40337701516824,2024-04-14,38.40337701516824
180,C,1,44.58976822051913,2024-04-15,44.58976822051913
710,B,4,24.13625632760007,2024-01-01,96.54502531040028
501,B,2,23.612578834328925,2024-06-30,47.22515766865785
856,A,4,18.689511976462697,2024-10-28,74.75804790585079
161,A,2,44.46222282966797,2024-05-20,88.92444565933594
177,D,3,29.65030718217741,2024-08-17,88.95092154653223
285,C,5,31.066697328557847,2024-03-04,155.33348664278924
63,C,4,34.776832588247956,2024-03-18,139.10733035299182
662,A,3,18.510392640329467,2024-08-19,55.5311779209884
666,D,1,24.47538401076853,2024-03-27,24.47538401076853
156,D,4,38.37225929928345,2024-07-01,153.4890371971338
882,B,4,49.34691358425434,2024-11-14,197.38765433701735
469,B,3,6.54374930290386,2024-05-25,19.63124790871158
49,D,4,6.919182407595535,2024-11-12,27.67672963038214
967,B,4,24.26371168923177,2024-04-01,97.05484675692708
849,A,3,34.6829825664326,2024-05-02,104.0489476992978
84,D,1,22.38640811758926,2024-10-02,22.38640811758926
361,B,1,49.98373942843307,2024-03-04,49.98373942843307
689,C,4,13.791166613876113,2024-11-27,55.16466645550445
148,D,4,5.356645610334238,2024-08-06,21.42658244133695
630,D,3,13.55582130407461,2024-07-10,40.66746391222383
342,C,2,44.907906879558546,2024-04-16,89.81581375911709
476,A,3,11.531704679080907,2024-09-03,34.59511403724272
63,C,3,26.553865113798835,2024-02-26,79.6615953413965
701,D,4,23.867428132465164,2024-02-14,95.46971252986066
360,A,3,34.9576394581008,2024-03-26,104.8729183743024
561,B,0,7.456801388875382,2024-02-07,0.0
327,B,5,34.64375769798017,2024-06-30,173.21878848990085
769,B,2,20.96382397920509,2024-06-12,41.92764795841018
736,D,2,46.671780158712444,2024-09-01,93.34356031742489
141,C,3,43.199929831365765,2024-11-18,129.5997894940973
990,A,2,22.977781181491373,2024-05-05,45.95556236298275
215,B,2,49.68013295830337,2024-07-25,99.36026591660674
435,A,2,7.337468869531123,2024-09-23,14.674937739062246
891,D,1,40.48844990288858,2024-12-19,40.48844990288858
952,B,3,24.522643581231318,2024-03-27,73.56793074369395
723,D,4,24.49873150644134,2024-05-24,97.99492602576537
318,C,1,12.65602091654042,2024-05-01,12.65602091654042
32,D,2,28.16959639875174,2024-04-07,56.33919279750348
670,D,3,8.812332359603836,2024-10-15,26.43699707881151
285,C,2,32.745973055016975,2024-05-12,65.49194611003395
305,A,4,15.871569838424927,2024-12-02,63.48627935369971
429,C,0,37.618612059621654,2024-11-13,0.0
477,C,4,32.33126832154577,2024-03-05,129.32507328618308
286,D,2,38.588225393815065,2024-07-17,77.17645078763013
144,A,7,38.73839316053951,2024-05-04,271.1687521237766
424,B,4,13.851907034919854,2024-12-11,55.40762813967942
19,C,2,5.030362826896823,2024-07-26,10.060725653793646
18,A,2,21.45925667267319,2024-07-26,42.91851334534638
769,C,6,46.358114710842905,2024-10-26,278.14868826505744
590,C,2,31.00547230861254,2024-04-30,62.01094461722508
371,C,8,37.73759025312576,2024-05-21,301.9007220250061
175,C,3,44.580665188559884,2024-12-12,133.74199556567964
194,D,2,45.77262114761137,2024-02-26,91.54524229522274
502,A,2,28.806132078924225,2024-10-30,57.61226415784845
988,A,4,29.342393821042478,2024-05-24,117.36957528416991
113,A,4,43.29224785549024,2024-02-13,173.16899142196095
114,C,6,41.33684458805062,2024-05-11,248.02106752830372
222,D,4,36.44863699574505,2024-03-21,145.7945479829802
678,C,4,32.20089323523379,2024-12-18,128.80357294093517
947,C,5,32.77467961603521,2024-01-30,163.87339808017603
831,A,3,21.33101050805233,2024-12-06,63.99303152415699
644,C,2,42.8412986330761,2024-07-27,85.6825972661522
897,B,3,32.80008672892674,2024-08-30,98.40026018678023
264,C,2,15.058762800868895,2024-07-01,30.11752560173779
925,B,2,15.792947532929226,2024-06-06,31.585895065858452
55,C,8,43.77213561979533,2024-05-25,350.1770849583626
871,D,2,33.15683955364649,2024-12-05,66.31367910729298
643,D,4,22.94168577925693,2024-12-19,91.76674311702772
800,A,8,13.41953416558794,2024-08-20,107.35627332470352
778,C,5,32.45971879603408,2024-04-01,162.2985939801704
458,B,7,13.293967100877728,2024-11-24,93.0577697061441
979,B,3,26.157516404823546,2024-06-20,78.47254921447063
878,C,1,35.48797404085563,2024-07-08,35.48797404085563
162,B,2,30.443694544450434,2024-01-31,60.88738908890087
380,D,2,46.494495505682075,2024-04-18,92.98899101136415
993,B,2,6.787454083329604,2024-09-28,13.574908166659208
87,A,6,17.590769413313126,2024-04-04,105.54461647987875
55,D,2,7.568874555709149,2024-03-17,15.137749111418298
476,D,5,13.757190350967479,2024-05-30,68.7859517548374
800,D,2,10.57925011304888,2024-05-21,21.15850022609776
178,C,4,37.969773215910415,2024-08-18,151.87909286364166
391,C,5,21.62191735824791,2024-09-14,108.10958679123955
349,D,1,46.626992204135924,2024-05-07,46.626992204135924
8,C,4,6.051997476143174,2024-12-13,24.207989904572695
833,B,1,34.381588322488014,2024-08-11,34.381588322488014
313,C,5,48.67451601194697,2024-07-02,243.37258005973484
759,C,6,12.912742391450838,2024-10-06,77.47645434870503
835,D,4,24.909450362851185,2024-10-19,99.63780145140474
984,A,3,36.585045102662335,2024-01-29,109.755135307987
983,A,1,33.49120996954255,2024-10-24,33.49120996954255
443,A,1,30.471220875455185,2024-01-18,30.471220875455185
767,B,1,19.704025717448232,2024-05-10,19.704025717448232
328,C,3,37.76899790898056,2024-09-25,113.30699372694167
54,A,2,34.39648746807514,2024-04-15,68.79297493615027
761,D,0,12.326012844968815,2024-06-05,0.0
239,A,1,48.38408290875633,2024-02-28,48.38408290875633
229,A,6,30.005280902305376,2024-04-01,180.03168541383226
579,C,4,28.64577204661557,2024-09-16,114.58308818646228
51,C,2,43.17065049143613,2024-02-20,86.34130098287226
609,C,4,33.81860797830395,2024-05-12,135.2744319132158
604,B,5,8.351567897286888,2024-06-15,41.757839486434435
264,B,0,27.796521820561697,2024-10-23,0.0
418,A,0,40.126842180230604,2024-01-05,0.0
803,C,4,36.49910540796011,2024-05-15,145.99642163184043
96,A,3,48.684592586423605,2024-08-13,146.05377775927082
88,D,4,6.1212325858668954,2024-07-02,24.484930343467582
78,D,1,16.754853048818084,2024-03-31,16.754853048818084
288,C,3,29.712040532709146,2024-11-03,89.13612159812743
120,C,4,32.87704095593371,2024-07-07,131.50816382373483
814,D,2,17.346019365848484,2024-10-29,34.69203873169697
491,C,5,42.20607498691389,2024-12-03,211.03037493456947
912,B,2,12.39565068122058,2024-11-17,24.79130136244116
452,B,4,5.038209932977316,2024-05-12,20.152839731909264
500,C,2,47.85761292692583,2024-06-20,95.71522585385166
165,D,3,22.62005574935449,2024-09-06,67.86016724806346
182,A,3,48.087041043024215,2024-03-01,144.26112312907264
469,C,0,17.506922015535082,2024-02-19,0.0
910,C,5,7.855188580905166,2024-08-10,39.27594290452583
735,A,5,39.76338220488604,2024-06-20,198.81691102443023
823,C,2,42.61187893215642,2024-11-14,85.22375786431284
944,A,2,27.143910448143615,2024-08-12,54.28782089628723
978,D,1,8.323265308003908,2024-07-09,8.323265308003908
7,B,0,34.4360333738002,2024-12-24,0.0
330,D,5,13.196478851382079,2024-09-21,65.9823942569104
775,B,2,43.22216966703279,2024-08-31,86.44433933406557
673,A,5,17.3310403793986,2024-03-19,86.655201896993
151,B,3,43.14678756412675,2024-12-08,129.44036269238023
85,D,1,24.21160438520837,2024-12-30,24.21160438520837
147,B,1,31.841952766166777,2024-01-22,31.841952766166777
624,A,4,40.53031325694349,2024-02-05,162.12125302777395
381,B,5,6.81976593423191,2024-11-25,34.09882967115955
915,C,1,41.95247027854032,2024-06-04,41.95247027854032
548,D,0,11.239161879447392,2024-02-25,0.0
285,C,1,21.12882598413439,2024-12-20,21.12882598413439
700,A,7,26.27514635499784,2024-09-04,183.92602448498488
82,B,4,45.29419626508829,2024-09-17,181.17678506035315
514,C,5,6.009828255301599,2024-09-16,30.049141276507996
897,C,2,30.164117373355342,2024-01-15,60.328234746710685
815,B,4,33.913512502807755,2024-07-06,135.65405001123102
709,B,200,19.24620390945831,2024-01-26,76.98481563783324
916,D,0,18.07190470892569,2024-01-23,0.0
523,C,3,27.07111213297104,2024-04-12,81.21333639891313
746,C,3,13.419518803910266,2024-01-29,40.2585564117308
386,A,5,26.06535183222316,2024-12-07,130.3267591611158
707,D,3,39.426139557056636,2024-02-26,118.2784186711699
471,A,5,43.042797687223164,2024-03-02,215.2139884361158
119,C,4,22.332262320450532,2024-02-17,89.32904928180213
396,A,0,32.77857709146585,2024-02-04,0.0
532,C,2,5.0009233082402735,2024-02-15,10.001846616480547
261,C,1,29.76586176521535,2024-02-02,29.76586176521535
805,A,3,48.885633742662044,2024-11-22,146.65690122798614
934,A,5,19.051926222254515,2024-08-13,95.25963111127257
256,B,6,31.764925589416073,2024-09-22,190.58955353649645
734,B,2,39.30276459405258,2024-08-03,78.60552918810517
905,B,2,32.40198594453392,2024-08-04,64.80397188906784
226,C,6,23.832498671007773,2024-06-24,142.99499202604665
53,A,9,11.865900798928914,2024-02-13,106.79310719036023
940,D,3,25.866562885620386,2024-08-06,77.59968865686116
867,C,0,18.265289413036623,2024-05-05,0.0
500,D,3,36.316412994258386,2024-11-14,108.94923898277516
506,A,1,24.88607454715145,2024-10-31,24.88607454715145
854,C,3,43.24458940732947,2024-07-18,129.7337682219884
364,D,3,13.699509660192938,2024-03-25,41.09852898057881
280,D,2,23.79740549241081,2024-02-10,47.59481098482162
593,B,0,30.08772393776637,2024-07-29,0.0
714,B,4,10.670660421273283,2024-12-19,42.68264168509313
158,B,3,31.455953502552,2024-02-08,94.36786050765599
632,C,2,18.09146323974092,2024-12-28,36.18292647948184
59,A,1,15.329173106689678,2024-09-25,15.329173106689678
727,A,3,11.385983287820515,2024-12-27,34.157949863461546
128,B,0,20.744686653508005,2024-06-29,0.0
736,B,4,46.8042086837393,2024-08-18,187.2168347349572
721,B,4,6.3952636698976315,2024-03-10,25.581054679590526
882,D,1,43.34702937385726,2024-11-08,43.34702937385726
115,B,3,22.881240400331336,2024-03-16,68.64372120099401
209,D,3,30.272073742687304,2024-10-02,90.81622122806192
526,A,3,28.07655336164172,2024-08-21,84.22966008492517
521,C,6,46.65831177232551,2024-11-13,279.9498706339531
552,C,5,39.65581711425711,2024-11-14,198.27908557128555
962,C,5,49.31705908975771,2024-05-15,246.58529544878857
237,C,3,40.74934782297638,2024-06-02,122.24804346892915
281,D,2,18.314982239300928,2024-10-20,36.629964478601856
359,D,5,48.32976557116913,2024-12-13,241.64882785584567
201,B,5,49.26046058635655,2024-04-08,246.30230293178275
758,D,6,10.539216662751477,2024-12-29,63.235299976508855
278,B,1,45.54698827023397,2024-12-26,45.54698827023397
235,B,4,34.889098230192296,2024-12-28,139.55639292076918
494,C,1,46.48971965149012,2024-12-23,46.48971965149012
4,D,1,46.20825590985441,2024-05-09,46.20825590985441
666,D,4,45.11178640342475,2024-01-07,180.447145613699
442,B,5,44.837401715707045,2024-04-14,224.18700857853523
29,B,2,10.294080754694836,2024-11-02,20.58816150938967
109,A,1,11.458206872521789,2024-02-19,11.458206872521789
610,A,5,10.300073871963502,2024-08-11,51.50036935981751
727,B,5,9.096308996012837,2024-03-04,45.481544980064186
805,A,1,20.89783782832948,2024-06-29,20.89783782832948
75,A,3,35.7781286446089,2024-03-15,107.3343859338267
838,B,7,20.96116758826632,2024-09-22,146.72817311786423
146,B,3,37.413514997379266,2024-07-07,112.2405449921378
128,D,2,41.91274062590912,2024-07-01,83.82548125181825
853,B,2,34.97966330658876,2024-12-20,69.95932661317752
42,B,5,25.929712682733594,2024-03-08,129.64856341366797
356,C,2,18.29828478159306,2024-06-18,36.59656956318612
41,D,2,10.598151310485388,2024-11-17,21.196302620970776
934,D,3,27.21433225601227,2024-06-20,81.64299676803681
34,D,2,37.381952901645384,2024-10-10,74.76390580329077
17,C,3,29.670944517682173,2024-04-16,89.01283355304652
677,B,2,37.466686368070825,2024-04-20,74.93337273614165
153,D,2,20.08488525545753,2024-03-18,40.16977051091506
998,D,0,8.005822837490662,2024-07-04,0.0
378,A,7,39.69940667146595,2024-09-09,277.89584670026164
588,D,5,14.88758503233002,2024-08-23,74.4379251616501
599,B,1,32.73282771062108,2024-04-02,32.73282771062108
629,B,1,41.19317350496299,2024-05-09,41.19317350496299
874,A,2,11.259950083010452,2024-07-01,22.519900166020903
342,D,3,31.93226195059741,2024-02-03,95.79678585179224
981,D,2,36.02184628280422,2024-10-29,72.04369256560844
27,D,3,38.5938890068516,2024-08-09,115.78166702055479
825,C,4,11.644997501366941,2024-10-08,46.579990005467764
287,D,3,42.13022728907171,2024-12-05,126.39068186721514
646,B,9,9.236685476771148,2024-01-01,83.13016929094033
731,B,3,28.38125606705633,2024-04-06,85.143768201169
168,C,4,24.953571328904598,2024-03-27,99.81428531561839
610,C,1,14.979473340599897,2024-11-26,14.979473340599897
268,D,4,18.586883365125765,2024-09-08,74.34753346050306
749,A,1,12.399610248000583,2024-12-29,12.399610248000583
821,C,4,24.1576787669564,2024-01-15,96.6307150678256
455,C,2,6.597991740675209,2024-05-21,13.195983481350417
906,D,5,45.001187388327,2024-11-06,225.00593694163499
685,D,3,12.356930076646789,2024-10-15,37.070790229940364
401,C,4,44.87079904051769,2024-03-10,179.48319616207075
922,A,1,43.860983006030146,2024-11-07,43.860983006030146
981,C,2,25.325474322095904,2024-10-05,50.65094864419181
476,D,3,27.397657049679154,2024-02-23,82.19297114903746
702,D,6,18.586109324051662,2024-12-11,111.51665594430997
634,C,5,49.85935699889886,2024-10-28,249.29678499449432
558,A,4,35.184748576560054,2024-09-08,140.73899430624022
576,C,3,47.83137286709985,2024-09-03,143.49411860129956
130,C,5,23.665857997468013,2024-05-13,118.32928998734006
822,D,3,44.73574607447539,2024-08-31,134.20723822342615
363,A,3,25.170558494768017,2024-08-26,75.51167548430405
705,B,5,44.007299244559064,2024-01-17,220.03649622279534
819,A,5,10.891695177268684,2024-12-14,54.45847588634342
693,C,3,33.65844920458291,2024-10-05,100.97534761374872
292,C,4,35.5416581677616,2024-08-20,142.1666326710464
371,C,2,34.52768137788924,2024-12-17,69.05536275577848
794,A,2,25.116242811770466,2024-06-02,50.23248562354093
29,D,1,35.776224951385814,2024-07-04,35.776224951385814
149,C,3,15.775839536746687,2024-03-23,47.32751861024006
779,C,4,31.81318675236888,2024-02-24,127.25274700947551
296,A,1,29.940571600219815,2024-03-02,29.940571600219815
11,B,3,19.325278495869213,2024-12-23,57.97583548760764
512,B,5,40.04887140415532,2024-02-28,200.2443570207766
676,D,1,8.639242945640644,2024-05-21,8.639242945640644
113,D,4,12.71478475814315,2024-05-28,50.8591390325726
187,C,1,26.2017517828747,2024-06-22,26.2017517828747
807,A,9,45.12815140662931,2024-11-06,406.15336265966374
744,C,2,30.88217995375763,2024-03-02,61.76435990751526
227,D,0,42.89300829226369,2024-06-15,0.0
310,A,2,28.2906373616417,2024-06-18,56.5812747232834
98,A,3,40.34551858749256,2024-10-30,121.03655576247769
55,D,1,19.660882763553133,2024-04-12,19.660882763553133
623,B,2,41.68140427344371,2024-01-28,83.36280854688742
664,B,4,23.075873175459595,2024-03-24,92.30349270183838
758,A,1,30.14740226353352,2024-05-13,30.14740226353352
406,C,2,12.914667118857244,2024-02-28,25.829334237714487
69,B,2,46.41948608475005,2024-03-30,92.8389721695001
312,C,0,36.56566037467738,2024-03-10,0.0
289,B,2,43.64846686172205,2024-07-03,87.2969337234441
762,B,4,14.353830821994459,2024-02-29,57.415323287977834
548,C,5,8.045795987115639,2024-05-24,40.228979935578195
751,D,3,20.174416848995662,2024-06-16,60.523250546986986
148,B,6,28.25084259297193,2024-03-06,169.50505555783158
467,B,2,41.106644733156585,2024-05-03,82.21328946631317
739,C,3,22.897688697773976,2024-07-31,68.69306609332193
244,D,4,17.14812462054762,2024-06-30,68.59249848219048
491,B,5,21.76453005869212,2024-03-11,108.8226502934606
849,B,1,36.662333470752,2024-02-13,36.662333470752
958,D,3,20.129814362795763,2024-12-05,60.38944308838729
507,B,1,49.06245318598137,2024-07-13,49.06245318598137
365,D,4,12.874058992433284,2024-02-26,51.496235969733135
482,D,4,38.88932560853012,2024-10-18,155.5573024341205
201,C,3,31.512362557209045,2024-02-26,94.53708767162713
154,A,1,15.489302007044378,2024-06-19,15.489302007044378
450,D,3,38.91261367133053,2024-10-26,116.7378410139916
501,C,0,25.139309475103303,2024-11-13,0.0
73,A,2,35.707922399435915,2024-03-23,71.41584479887183
713,B,2,34.801576032408896,2024-11-12,69.60315206481779
296,A,8,9.97895449616298,2024-04-03,79.83163596930385
17,D,0,42.79923611877862,2024-09-23,0.0
641,D,0,35.666370787024356,2024-11-28,0.0
217,D,4,40.12640206864991,2024-06-09,160.50560827459964
61,D,1,25.149462573383094,2024-04-11,25.149462573383094
939,D,0,13.777777476625845,2024-04-21,0.0
616,C,4,19.679608568629916,2024-03-06,78.71843427451967
42,D,5,45.566115277741524,2024-04-19,227.8305763887076
25,C,4,47.210837083314274,2024-04-29,188.8433483332571
39,B,3,26.68398793372795,2024-10-05,80.05196380118385
803,D,5,18.445800881722736,2024-08-29,92.22900440861368
131,D,3,37.8640005848824,2024-05-27,113.59200175464719
498,A,1,39.46968546198237,2024-08-29,39.46968546198237
229,B,1,41.69598338331115,2024-08-09,41.69598338331115
108,D,0,6.39877148251232,2024-09-27,0.0
172,D,5,5.438024257848491,2024-10-12,27.190121289242455
435,B,3,21.072003272683364,2024-01-04,63.2160098180501
478,C,2,11.862347799942942,2024-11-15,23.724695599885884
102,D,2,41.22418363313515,2024-11-16,82.4483672662703
866,A,4,28.977973411038903,2024-01-08,115.91189364415561
524,D,3,42.1406656862809,2024-02-21,126.42199705884269
275,A,2,12.96108845348608,2024-05-21,25.92217690697216
613,A,3,33.225021898782245,2024-11-09,99.67506569634673
44,D,3,31.107744087587296,2024-09-23,93.32323226276189
955,D,2,20.31702353776708,2024-11-10,40.63404707553416
817,A,3,28.268658525099266,2024-10-06,84.8059755752978
957,B,2,31.506239170612336,2024-03-28,63.01247834122467
17,B,2,45.02695120411197,2024-06-08,90.05390240822393
330,D,3,7.503727314028279,2024-10-28,22.51118194208484
569,C,4,42.05182400711423,2024-01-28,168.2072960284569
823,B,5,49.10703751764263,2024-01-16,245.53518758821315
497,D,4,37.92987761488846,2024-10-24,151.71951045955385
815,B,3,38.180614201735565,2024-12-24,114.5418426052067
12,C,5,14.808843384804325,2024-09-28,74.04421692402163
318,D,2,28.538297642711175,2024-04-09,57.07659528542235
592,C,4,36.767314408246946,2024-07-22,147.06925763298779
216,D,3,32.10264519588141,2024-07-08,96.30793558764422
339,C,4,22.330922320255137,2024-02-03,89.32368928102055
776,B,4,47.305328452508974,2024-10-20,189.2213138100359
991,B,1,28.12940336245431,2024-10-04,28.12940336245431
661,C,2,48.64441394459878,2024-12-01,97.28882788919756
81,C,4,30.37440566760904,2024-12-09,121.49762267043616
727,C,3,40.70225510073174,2024-09-15,122.10676530219521
485,D,3,38.391039641921914,2024-09-13,115.17311892576575
374,B,6,34.7370698836817,2024-02-22,208.4224193020902
976,D,4,5.65073805892149,2024-07-10,22.60295223568596
710,B,6,8.484311772513724,2024-06-20,50.905870635082344
200,A,4,31.166792969208878,2024-02-16,124.66717187683551
537,D,1,46.03016397808775,2024-07-09,46.03016397808775
466,B,4,32.05137500882802,2024-02-10,128.20550003531207
89,B,3,15.619819812702453,2024-07-12,46.85945943810736
268,D,5,19.409828072699618,2024-03-06,97.04914036349808
655,D,3,33.04219433361223,2024-02-12,99.12658300083669
571,B,2,31.867450952675778,2024-07-08,63.734901905351556
922,D,1,48.00663095967971,2024-03-29,48.00663095967971
489,C,2,28.808805380339706,2024-06-24,57.61761076067941
877,D,5,20.975669688795776,2024-01-26,104.87834844397888
538,D,2,28.62467405336382,2024-04-08,57.24934810672764
47,D,5,40.380529247186075,2024-03-01,201.90264623593038
288,B,4,29.31637126027445,2024-09-06,117.2654850410978
778,C,1,19.672364762947122,2024-11-13,19.672364762947122
16,A,2,20.237947299728532,2024-08-12,40.475894599457064
711,A,1,39.056531865905775,2024-03-22,39.056531865905775
401,C,2,7.990172458757684,2024-06-30,15.980344917515367
919,C,2,17.363987427853054,2024-07-06,34.72797485570611
794,C,3,11.886691568384371,2024-02-13,35.660074705153114
981,B,3,47.51040349387541,2024-11-07,142.53121048162623
86,A,6,9.054241842568032,2024-09-15,54.325451055408195
250,C,6,39.118262431831546,2024-04-07,234.7095745909893
391,B,2,33.36915062611266,2024-12-18,66.73830125222533
782,A,4,33.4761980301937,2024-03-31,133.9047921207748
335,D,5,39.35448622165483,2024-11-10,196.77243110827416
629,B,3,23.021958743320706,2024-11-24,69.06587622996211
519,A,3,23.03345142487733,2024-05-20,69.100354274632
137,B,3,17.991760200685505,2024-11-04,53.975280602056515
883,A,5,31.898751659854735,2024-09-08,159.49375829927368
688,A,2,46.84123634496162,2024-07-26,93.68247268992324
840,D,3,46.579243972591904,2024-06-27,139.7377319177757
498,B,3,36.633230248162334,2024-10-24,109.899690744487
827,C,3,45.77835969648726,2024-07-05,137.33507908946177
727,D,2,48.35834727600958,2024-11-20,96.71669455201916
477,D,3,40.77972243512561,2024-04-19,122.33916730537683
594,A,2,23.35249980245058,2024-08-06,46.70499960490116
223,C,5,26.74512348492673,2024-12-13,133.72561742463364
990,B,4,46.90656140430193,2024-01-03,187.62624561720773
372,C,4,35.15036338736196,2024-02-10,140.60145354944785
935,C,2,41.93122825337789,2024-05-04,83.86245650675578
995,C,3,10.225131608543801,2024-09-13,30.675394825631404
402,C,5,13.725563679078988,2024-07-11,68.62781839539494
443,C,2,20.484881029533597,2024-04-24,40.96976205906719
490,A,5,13.470829500179862,2024-03-10,67.35414750089932
615,A,0,45.79092790931931,2024-11-01,0.0
273,D,2,14.760074614886225,2024-12-01,29.52014922977245
526,A,0,30.07326714487232,2024-04-06,0.0
159,D,1,8.845424156726466,2024-08-03,8.845424156726466
152,D,3,11.973283093574091,2024-11-10,35.919849280722275
995,B,4,16.133681073704224,2024-08-11,64.5347242948169
620,C,3,49.23020306679737,2024-11-25,147.69060920039212
188,A,6,40.867869065176045,2024-11-14,245.20721439105625
813,B,3,35.30997764463061,2024-10-07,105.92993293389182
98,A,3,46.231789273241084,2024-11-28,138.69536781972326
131,D,5,48.02938967154267,2024-05-08,240.14694835771334
805,A,5,25.410781142543716,2024-04-08,127.05390571271857
171,C,1,19.746025224918263,2024-09-26,19.746025224918263
936,D,3,19.189189708442342,2024-09-03,57.567569125327026
986,D,3,6.607809593665184,2024-07-04,19.823428780995553
183,B,4,17.583714217685205,2024-08-31,70.33485687074082
983,C,6,20.97706852371848,2024-02-07,125.86241114231088
364,D,4,6.660447775193013,2024-09-13,26.641791100772053
39,C,5,44.71721670285031,2024-12-05,223.58608351425153
527,A,4,43.15355311098846,2024-09-04,172.61421244395385
888,C,3,16.317541397048124,2024-05-12,48.95262419114437
497,D,2,41.11515051393135,2024-02-13,82.2303010278627
516,B,3,40.829534558677146,2024-07-11,122.48860367603143
349,D,2,20.075574188077272,2024-02-26,40.151148376154545
982,C,4,36.36806173839924,2024-09-04,145.47224695359697
921,C,3,18.04360271135605,2024-04-13,54.130808134068154
397,D,2,8.162430614946498,2024-02-14,16.324861229892996
722,C,4,27.715902526804037,2024-02-29,110.86361010721615
161,A,1,24.72471683955767,2024-03-06,24.72471683955767
16,D,3,11.216881153372054,2024-08-10,33.65064346011616
493,B,3,27.0749001645538,2024-02-16,81.2247004936614
426,D,3,47.721908559061234,2024-08-25,143.1657256771837
108,A,4,37.91269162351086,2024-01-26,151.65076649404344
894,A,0,38.24925394756073,2024-11-02,0.0
450,A,2,39.08978577870306,2024-04-03,78.17957155740612
311,A,2,38.50852132708455,2024-04-19,77.0170426541691
739,A,100,5.895564593027303,2024-09-17,11.791129186054606
170,B,5,46.61109210622693,2024-09-10,233.05546053113463
546,C,2,42.356199399744796,2024-10-21,84.71239879948959
414,A,2,17.35607333448512,2024-11-19,34.71214666897024
251,A,2,29.87345771764836,2024-02-09,59.74691543529672
759,D,3,32.67526684789252,2024-10-18,98.02580054367758
781,B,3,10.937526310231029,2024-09-10,32.812578930693086
141,B,5,16.428351958570737,2024-04-06,82.14175979285369
274,C,3,6.046269587786842,2024-01-26,18.138808763360526
416,B,2,43.87782740244194,2024-04-13,87.75565480488387
608,D,6,6.12072813857902,2024-04-12,36.72436883147412
739,D,5,19.341312703739014,2024-03-15,96.70656351869508
891,C,4,8.52109218258004,2024-03-25,34.08436873032016
39,D,3,40.16326667769735,2024-08-01,120.48980003309205
814,A,3,46.62422478820345,2024-04-22,139.87267436461036
29,A,1,30.326702891800657,2024-11-07,30.326702891800657
958,D,2,11.280506778874475,2024-02-26,22.56101355774895
477,C,5,30.117238622874567,2024-04-10,150.58619311437283
318,B,2,39.665355775370536,2024-09-06,79.33071155074107
245,C,5,37.32872923518352,2024-05-14,186.6436461759176
748,B,5,38.37735526399498,2024-05-20,191.8867763199749
697,D,2,17.562822914906494,2024-03-24,35.12564582981299
272,D,5,8.318188516290903,2024-07-25,41.59094258145451
440,A,5,11.70336373468026,2024-08-17,58.516818673401296
748,B,2,47.99779182855233,2024-12-21,95.99558365710466
239,C,4,32.608129419319155,2024-10-28,130.43251767727662
377,D,1,37.75548226387665,2024-03-01,37.75548226387665
266,C,3,45.45790663012727,2024-08-04,136.3737198903818
926,A,6,43.373955494808136,2024-02-25,260.2437329688488
921,B,4,14.828083237360357,2024-01-29,59.312332949441426
359,B,2,7.612702007393916,2024-04-20,15.225404014787832
340,D,300,46.63076903885564,2024-04-01,279.7846142331338
389,B,5,49.175073168699065,2024-05-21,245.87536584349533
577,D,4,30.530488708128885,2024-04-11,122.12195483251554
990,A,7,44.97808616770008,2024-03-11,314.8466031739005
689,B,5,15.4317222371639,2024-01-13,77.1586111858195
3,D,4,9.99674170654331,2024-06-05,39.98696682617324
429,C,3,27.491762183378633,2024-03-21,82.4752865501359
142,D,2,41.50325387677037,2024-04-09,83.00650775354075
376,B,3,34.459413045814955,2024-03-23,103.37823913744487
670,A,3,33.679407566469436,2024-08-05,101.03822269940831
324,B,3,5.785650870132477,2024-08-24,17.35695261039743
146,B,3,19.28718015642911,2024-05-04,57.86154046928733
958,D,0,47.27731039351166,2024-07-19,0.0
293,C,6,11.042309278261556,2024-01-02,66.25385566956933
665,B,3,37.68646753342194,2024-03-02,113.05940260026583
432,C,4,39.169001921362,2024-01-20,156.676007685448
705,D,0,37.97749594365299,2024-07-28,0.0
949,C,1,49.51782023450794,2024-12-11,49.51782023450794
975,D,2,23.414369510836615,2024-06-28,46.82873902167323
585,A,1,35.698702649405874,2024-03-02,35.698702649405874
399,C,4,13.714480102271107,2024-09-29,54.85792040908443
817,C,2,22.98694621419896,2024-10-21,45.97389242839792
889,A,4,27.120227109490692,2024-08-28,108.48090843796277
344,C,4,14.66723934950115,2024-09-07,58.6689573980046
964,A,2,45.806483406148686,2024-01-10,91.61296681229737
140,B,5,37.22890237103131,2024-07-05,186.14451185515657
187,D,5,17.769099564162264,2024-04-19,88.84549782081132
805,A,1,11.073039768391741,2024-01-28,11.073039768391741
61,C,5,17.95402977901285,2024-03-01,89.77014889506424
997,A,2,33.034342200938795,2024-02-27,66.06868440187759
939,C,1,42.18838872396286,2024-10-26,42.18838872396286
380,B,5,27.64257156748222,2024-12-04,138.2128578374111
710,A,6,9.612260307703131,2024-09-08,57.67356184621879
807,B,1,16.21916898849906,2024-09-12,16.21916898849906
440,D,5,20.531476372529855,2024-05-24,102.65738186264927
319,C,3,33.6261314169962,2024-03-19,100.8783942509886
302,C,0,16.098951891275384,2024-12-06,0.0
344,B,1,15.526777669425135,2024-10-20,15.526777669425135
11,D,5,17.879084087953743,2024-10-12,89.39542043976871
62,A,2,31.6638070004097,2024-10-14,63.3276140008194
845,A,3,27.16836277739752,2024-08-01,81.50508833219256
226,C,3,42.87361789860984,2024-01-20,128.6208536958295
153,B,4,36.40695414859908,2024-12-23,145.6278165943963
711,B,3,35.006984238034875,2024-08-17,105.02095271410462
564,A,4,11.959252790207612,2024-03-04,47.83701116083045
772,D,3,7.485250937548358,2024-02-05,22.455752812645073
571,D,7,27.949948905167222,2024-07-29,195.64964233617056
584,A,3,8.223874941719128,2024-06-19,24.671624825157384
660,A,3,21.380806216685137,2024-01-26,64.14241865005542
861,B,1,6.175055676271487,2024-09-19,6.175055676271487
575,D,3,12.956403948343304,2024-10-16,38.86921184502991
310,A,2,9.96655409101523,2024-06-12,19.93310818203046
885,A,5,41.04432517891436,2024-03-02,205.22162589457182
243,C,6,20.575676865476915,2024-03-26,123.45406119286149
493,A,4,8.548093322239847,2024-03-13,34.19237328895939
366,A,4,16.946609204285565,2024-02-29,67.78643681714226
330,D,2,35.726363873145914,2024-11-15,71.45272774629183
107,B,3,38.553587247756,2024-06-26,115.660761743268
226,D,5,10.39393084322846,2024-02-21,51.9696542161423
825,B,2,40.035489797027004,2024-05-24,80.07097959405401
218,C,3,21.675162119768512,2024-11-11,65.02548635930553
937,A,3,35.57222010207515,2024-03-17,106.71666030622545
753,C,3,35.21785051836248,2024-04-28,105.65355155508745
506,B,4,40.71167244849377,2024-07-27,162.8466897939751
259,D,3,36.37322511390708,2024-06-30,109.11967534172125
888,D,0,6.749076050262509,2024-05-17,0.0
774,C,3,28.376649990029673,2024-05-04,85.12994997008902
517,B,2,12.478152806193734,2024-06-01,24.956305612387467
773,C,6,48.64840418717106,2024-01-18,291.8904251230264
54,C,1,16.512554232999403,2024-03-04,16.512554232999403
47,A,2,23.904830807115044,2024-08-23,47.80966161423009
727,C,2,13.851596829804684,2024-03-19,27.70319365960937
689,A,1,11.056511021808344,2024-02-28,11.056511021808344
521,A,4,32.04183202716696,2024-09-07,128.16732810866785
99,D,5,27.193084193368428,2024-11-09,135.96542096684215
20,A,2,21.85968803463686,2024-03-01,43.71937606927372
890,A,4,8.84385599681864,2024-04-27,35.37542398727456
753,D,4,38.11817141008556,2024-03-19,152.47268564034223
573,C,3,5.26353340542885,2024-08-24,15.79060021628655
891,B,4,25.594771474819325,2024-11-22,102.3790858992773
490,B,2,33.46573913579004,2024-06-19,66.93147827158008
419,B,2,24.381987602420608,2024-08-31,48.763975204841216
690,C,3,10.679404276003737,2024-07-26,32.03821282801121
850,A,3,40.02124487832658,2024-12-09,120.06373463497974
62,B,2,19.577477853662977,2024-03-27,39.15495570732595
145,C,2,11.063999803186988,2024-05-18,22.127999606373976
216,A,6,29.76196166358817,2024-03-28,178.57176998152903
3,D,2,5.8627200903806855,2024-05-12,11.725440180761371
160,B,4,19.5828660835225,2024-02-08,78.33146433409
739,A,2,38.778906631703045,2024-06-24,77.55781326340609
998,B,4,46.07200982138785,2024-03-20,184.2880392855514
781,B,3,31.62773567482196,2024-01-20,94.88320702446588
120,B,0,14.792521342877684,2024-08-08,0.0
893,A,4,14.900006782136591,2024-12-02,59.600027128546365
89,C,2,32.17422488955788,2024-10-01,64.34844977911575
329,A,2,23.304276807742838,2024-07-06,46.608553615485675
580,B,3,12.97689344491566,2024-06-02,38.93068033474698
910,A,6,40.43286678531742,2024-05-22,242.59720071190452
357,D,5,14.010936642555375,2024-09-07,70.05468321277688
610,C,5,19.473837559177934,2024-07-30,97.36918779588967
267,A,0,7.764324745014691,2024-05-28,0.0
617,D,4,36.56174508961979,2024-06-23,146.24698035847916
952,C,4,17.387506742096626,2024-06-20,69.5500269683865
323,D,3,15.479013305675352,2024-05-13,46.437039917026055
635,C,4,18.651122871001405,2024-04-25,74.60449148400562
988,A,2,44.335873983771855,2024-12-22,88.67174796754371
541,D,2,28.31083567127738,2024-07-21,56.62167134255476
649,B,1,12.104812844023847,2024-10-21,12.104812844023847
195,D,5,39.85163992781054,2024-05-25,199.2581996390527
921,C,2,14.38039605332684,2024-08-25,28.76079210665368
738,A,0,23.561426668530807,2024-08-15,0.0
332,C,3,30.56341186615378,2024-09-11,91.69023559846133
170,D,3,31.29993116283695,2024-10-18,93.89979348851085
521,D,4,8.106445242827212,2024-06-04,32.425780971308846
463,B,2,42.65620212663692,2024-12-04,85.31240425327384
40,A,4,26.574384197203795,2024-12-15,106.29753678881518
537,A,4,49.51673148730517,2024-08-30,198.0669259492207
261,D,0,37.28490835764165,2024-07-25,0.0
395,A,1,49.665600692776316,2024-09-10,49.665600692776316
955,B,4,25.40638616292993,2024-09-14,101.62554465171972
226,C,1,11.33516332583051,2024-03-13,11.33516332583051
984,A,3,37.72892196633411,2024-02-04,113.18676589900234
124,D,2,39.999212711740235,2024-05-08,79.99842542348047
975,C,3,43.37758705471231,2024-07-06,130.13276116413692
38,C,0,18.56520615228398,2024-11-14,0.0
328,B,0,27.980779285189715,2024-04-04,0.0
251,D,4,43.58775080121791,2024-08-07,174.35100320487163
901,A,1,43.91313064753546,2024-10-27,43.91313064753546
176,D,2,6.155772937526341,2024-05-04,12.311545875052682
602,C,1,35.19125528240712,2024-07-03,35.19125528240712
914,D,5,32.07593073068519,2024-02-06,160.37965365342592
454,A,1,8.750199981254262,2024-09-19,8.750199981254262
37,A,3,46.85612357803818,2024-04-19,140.56837073411452
316,B,2,25.041753222915673,2024-06-26,50.08350644583135
688,A,3,35.34159695573324,2024-05-21,106.02479086719971
973,A,1,44.72590079764021,2024-05-13,44.72590079764021
796,D,5,10.855448188874826,2024-05-28,54.27724094437413
965,D,1,43.51294145771303,2024-10-14,43.51294145771303
973,C,3,37.59375333790206,2024-09-14,112.78126001370617
593,B,4,42.78165448807217,2024-02-08,171.12661795228868
114,D,4,27.267606732824174,2024-10-31,109.0704269312967
40,A,1,6.506818409198505,2024-10-09,6.506818409198505
301,C,4,35.17321296697844,2024-11-07,140.69285186791376
224,D,1,21.85395927890786,2024-01-14,21.85395927890786
318,B,2,23.10871254632977,2024-12-24,46.21742509265954
349,B,3,24.85679906778713,2024-12-26,74.57039720336138
115,C,5,27.180933610181796,2024-10-07,135.90466805090898
698,C,3,34.78704046546716,2024-02-22,104.36112139640147
323,C,5,37.70490543133435,2024-01-11,188.52452715667175
568,C,1,39.95790288627314,2024-06-11,39.95790288627314
40,C,2,35.22227859956622,2024-07-01,70.44455719913245
866,A,2,41.15657389643346,2024-07-04,82.31314779286691
40,A,4,10.496714355077051,2024-02-06,41.986857420308205
859,D,1,42.65679497890278,2024-01-09,42.65679497890278
973,B,2,22.427558922175706,2024-01-28,44.85511784435141
749,A,1,28.794950409379112,2024-11-06,28.794950409379112
289,A,2,24.520073022269866,2024-06-22,49.04014604453973
262,A,4,26.407274198369244,2024-05-06,105.62909679347698
216,D,1,17.844245830601302,2024-03-10,17.844245830601302
147,C,8,12.647790985985273,2024-10-09,101.18232788788218
336,D,6,9.720262986947237,2024-09-22,58.32157792168342
168,B,4,25.312947758063036,2024-05-30,101.25179103225214
92,B,4,10.63674484483724,2024-05-28,42.54697937934896
353,B,2,16.024481264657318,2024-08-05,32.048962529314636
571,B,3,11.01271485317743,2024-05-05,33.03814455953229
571,A,5,9.910455420888043,2024-01-03,49.552277104440215
816,A,3,44.71075165314881,2024-07-05,134.13225495944644
681,D,3,35.3311678853908,2024-02-12,105.9935036561724
781,C,1,46.5691600341013,2024-04-08,46.5691600341013
363,B,3,33.98054712048099,2024-09-19,101.94164136144298
557,D,3,42.977796081523124,2024-07-08,128.93338824456936
345,A,3,29.988436517133792,2024-02-11,89.96530955140138
693,A,3,25.81835228038512,2024-04-06,77.45505684115537
170,C,2,28.781483045152864,2024-09-16,57.56296609030573
356,C,3,19.410147251454873,2024-08-05,58.23044175436462
191,C,3,34.608757594720615,2024-05-15,103.82627278416184
667,D,5,45.3728705751806,2024-12-05,226.864352875903
422,A,1,40.20590509195056,2024-05-24,40.20590509195056
700,A,3,25.79000048317784,2024-01-05,77.37000144953353
7,C,5,47.926358862214144,2024-05-15,239.63179431107073
133,B,2,49.34403923531494,2024-01-07,98.68807847062988
747,C,2,27.189527437859013,2024-02-06,54.379054875718026
557,D,2,43.908792859075156,2024-11-06,87.81758571815031
826,C,3,5.214661528015619,2024-03-07,15.643984584046859
761,C,1,7.999501628600306,2024-11-20,7.999501628600306
31,D,2,6.007523401795007,2024-01-05,12.015046803590014
535,C,1,39.792334880642954,2024-09-29,39.792334880642954
426,A,2,8.590060014945571,2024-02-27,17.180120029891143
394,B,2,5.767274572888034,2024-06-03,11.534549145776069
672,C,2,11.63384480098668,2024-12-25,23.26768960197336
363,D,3,18.783265608434462,2024-04-22,56.349796825303386
437,B,2,25.911530685385564,2024-04-01,51.82306137077113
670,D,1,7.94314781222527,2024-11-19,7.94314781222527
551,B,4,27.45420050979156,2024-08-31,109.81680203916623
927,B,3,16.162765747007015,2024-10-10,48.488297241021044
82,C,3,17.346717279393,2024-03-29,52.040151838179
356,A,1,41.98560132415383,2024-06-26,41.98560132415383
258,C,7,49.41156092235522,2024-08-15,345.8809264564866
718,D,5,25.873881316772792,2024-12-27,129.36940658386396
589,D,1,19.479681281952338,2024-03-07,19.479681281952338
989,B,5,46.9151679271806,2024-05-01,234.57583963590298
524,B,3,27.52018009098424,2024-06-07,82.56054027295272
295,A,7,37.86591070313246,2024-12-22,265.0613749219272
962,C,2,23.61830139319477,2024-09-24,47.23660278638954
224,D,2,14.114685994617176,2024-07-01,28.22937198923435
525,B,2,34.46983006554316,2024-12-22,68.93966013108631
46,A,3,34.91791922915239,2024-01-04,104.75375768745717
667,D,3,25.708273253552782,2024-04-30,77.12481976065834
113,B,2,17.147733578637634,2024-08-17,34.29546715727527
233,D,2,42.431607142823694,2024-10-24,84.86321428564739
17,A,1,17.38931559735098,2024-08-06,17.38931559735098
360,A,4,34.65607938200564,2024-06-30,138.62431752802257
223,D,8,22.279353075171354,2024-10-04,178.23482460137083
866,C,5,26.26163050719782,2024-09-13,131.3081525359891
700,D,3,14.513119767521243,2024-10-30,43.539359302563724
448,B,4,34.22659754657144,2024-02-12,136.90639018628576
856,C,3,15.162162512863318,2024-12-23,45.486487538589955
365,B,3,26.857132097342614,2024-01-18,80.57139629202784
675,D,5,19.7806726915883,2024-07-16,98.90336345794151
326,C,4,48.36225797530797,2024-06-25,193.44903190123188
467,B,3,49.199949315209636,2024-03-16,147.5998479456289
414,D,1,38.90710883021196,2024-06-29,38.90710883021196
455,D,3,49.276287268464756,2024-05-29,147.82886180539427
586,C,6,10.109778926348213,2024-03-22,60.658673558089276
233,D,2,49.65460943060522,2024-01-10,99.30921886121044
224,A,1,9.660016236687987,2024-10-06,9.660016236687987
994,B,3,23.695329815558942,2024-07-30,71.08598944667682
831,B,4,15.752640656950415,2024-05-19,63.01056262780166
412,D,2,47.9230683532336,2024-09-16,95.8461367064672
572,D,1,33.61054706596137,2024-08-15,33.61054706596137
335,A,3,31.870739022054877,2024-12-01,95.61221706616463
222,C,2,49.8847327199297,2024-01-05,99.7694654398594
37,D,7,32.55917467508392,2024-03-23,227.91422272558748
989,D,3,34.077194642121526,2024-01-06,102.23158392636458
278,D,3,7.014843468354156,2024-05-31,21.044530405062467
196,D,6,43.65727709150918,2024-08-10,261.9436625490551
916,B,5,48.65402442839557,2024-06-29,243.27012214197788
864,D,5,48.2140017735659,2024-09-19,241.07000886782947
484,B,5,14.949752429213095,2024-09-22,74.74876214606547
242,D,7,15.16619047865716,2024-06-15,106.16333335060013
324,C,1,21.47212063459302,2024-03-18,21.47212063459302
731,A,4,18.95945319129051,2024-02-11,75.83781276516204
192,C,0,18.752659132887302,2024-03-02,0.0
17,D,4,32.23475227107911,2024-10-04,128.93900908431644
524,D,6,41.25236030766274,2024-11-08,247.51416184597645
918,D,2,47.154567230357,2024-12-17,94.309134460714
401,C,2,8.053721535979957,2024-01-31,16.107443071959914
906,D,3,17.50903143728518,2024-01-04,52.52709431185554
886,C,2,16.475619804932972,2024-04-18,32.951239609865944
705,B,7,21.084784860822673,2024-04-02,147.5934940257587
22,A,2,24.095041840155695,2024-04-08,48.19008368031139
474,A,4,22.512716226635977,2024-07-10,90.05086490654391
120,C,3,47.846624422153994,2024-11-28,143.539873266462
210,B,2,24.67080752379736,2024-07-30,49.34161504759472
306,C,3,29.821665698818606,2024-03-23,89.46499709645582
270,B,2,38.6884976218658,2024-07-25,77.3769952437316
704,D,1,37.62881586439347,2024-04-24,37.62881586439347
687,B,3,31.233405501255593,2024-09-08,93.70021650376678
285,B,3,43.73744105746355,2024-03-01,131.21232317239065
716,B,0,33.088158902337256,2024-12-21,0.0
676,A,2,44.364148132486974,2024-09-09,88.72829626497395
763,B,3,18.62445877621267,2024-03-19,55.87337632863801
227,D,1,10.941065461100102,2024-07-14,10.941065461100102
948,D,2,41.878420544717116,2024-09-18,83.75684108943423
381,D,5,22.21330585887092,2024-11-17,111.06652929435461
460,B,4,34.29880572385581,2024-11-27,137.19522289542323
7,C,2,38.179003841131696,2024-10-22,76.35800768226339
29,C,3,19.701971394226202,2024-08-23,59.1059141826786
907,D,2,27.73235248565176,2024-06-17,55.46470497130352
33,A,2,45.27169318127768,2024-01-07,90.54338636255537
646,C,6,44.59069558573123,2024-01-22,267.5441735143874
879,B,2,38.7210684880744,2024-03-12,77.4421369761488
79,C,3,39.32327893745761,2024-04-15,117.96983681237282
928,D,2,45.39580020865994,2024-05-18,90.79160041731988
947,A,3,38.13495742804623,2024-01-30,114.40487228413869
459,C,4,20.281341168657292,2024-11-19,81.12536467462917
570,C,1,10.43522058380084,2024-03-29,10.43522058380084
983,D,2,23.984784498863178,2024-06-01,47.969568997726356
538,A,6,8.930453713415435,2024-03-13,53.58272228049261
482,A,1,10.209684964585477,2024-11-23,10.209684964585477
430,D,1,47.75774417764563,2024-08-25,47.75774417764563
738,B,3,35.41491322711204,2024-11-17,106.24473968133611
285,C,3,43.32239152116346,2024-12-06,129.96717456349037
516,B,1,33.930463697307076,2024-09-07,33.930463697307076
977,C,2,23.8343012780032,2024-10-31,47.6686025560064
99,C,2,6.132145210771224,2024-01-08,12.264290421542448
397,B,3,48.012666663876686,2024-07-25,144.03799999163004
489,D,4,8.191961242366155,2024-09-14,32.76784496946462
39,D,2,32.45733797089247,2024-10-10,64.91467594178494
271,C,4,9.599144527873193,2024-05-18,38.39657811149277
887,D,4,17.78664553653058,2024-02-15,71.14658214612231
797,C,4,13.361785578445764,2024-05-05,53.447142313783054
157,D,5,29.917261182149456,2024-01-21,149.58630591074728
75,C,4,44.918390530494506,2024-06-18,179.67356212197802
884,D,5,33.603003850897224,2024-02-01,168.0150192544861
800,A,2,34.888460877781725,2024-05-29,69.77692175556345
130,B,2,45.90191732959862,2024-07-24,91.80383465919724
687,A,5,38.72413525869974,2024-11-28,193.6206762934987
974,B,1,43.968012637281475,2024-01-21,43.968012637281475
84,B,1,23.73764413369394,2024-10-16,23.73764413369394
22,C,1,43.9410351997454,2024-05-17,43.9410351997454
459,B,3,34.063762485463,2024-03-05,102.191287456389
539,A,2,11.102350223360215,2024-03-05,22.20470044672043
707,A,6,6.7420628765179735,2024-03-28,40.45237725910784
849,D,1,15.981548615860298,2024-11-18,15.981548615860298
382,A,1,22.025734197201103,2024-02-12,22.025734197201103
748,D,2,42.69055397363856,2024-05-20,85.38110794727712
440,B,3,38.35600506613835,2024-01-04,115.06801519841505
604,A,3,47.991907751311295,2024-10-05,143.9757232539339
989,B,3,30.16286594359277,2024-11-21,90.4885978307783
21,A,0,38.64837432235976,2024-02-10,0.0
303,A,3,17.387752335918115,2024-03-30,52.163257007754346
976,D,3,35.58100518028882,2024-09-12,106.74301554086645
869,B,1,36.77680411413287,2024-11-03,36.77680411413287
955,A,1,43.178689778880255,2024-05-24,43.178689778880255
84,C,2,29.13815798937877,2024-11-02,58.27631597875754
774,B,4,34.205231641782966,2024-11-06,136.82092656713186
659,B,4,14.137196454720447,2024-07-02,56.54878581888179
953,B,5,38.154159055690315,2024-04-28,190.77079527845157
453,D,4,42.72852751880608,2024-04-22,170.91411007522433
387,C,3,31.718198578388737,2024-10-17,95.15459573516621
507,B,0,10.205350806838918,2024-09-05,0.0
257,A,3,19.078581034037434,2024-11-19,57.2357431021123
570,A,4,26.398159295508048,2024-04-01,105.59263718203219
892,D,3,35.47230761312754,2024-02-28,106.41692283938262
934,A,3,19.414719853935146,2024-09-25,58.24415956180544
527,B,1,42.81309731026014,2024-11-13,42.81309731026014
162,A,3,21.73054061144316,2024-04-03,65.19162183432948
957,B,0,6.927635657613235,2024-09-10,0.0
163,A,4,40.729748750142576,2024-06-23,162.9189950005703
832,C,0,33.99004262799686,2024-01-03,0.0
793,D,4,41.088042262881395,2024-01-21,164.35216905152558
792,D,4,20.700041597010205,2024-04-13,82.80016638804082
524,C,2,5.793358646869063,2024-11-16,11.586717293738126
786,C,3,8.318881564602258,2024-09-25,24.956644693806773
271,D,3,10.031035131537225,2024-11-28,30.093105394611676
492,C,8,41.231641017006574,2024-07-27,329.8531281360526
208,B,5,18.56456394620708,2024-12-30,92.8228197310354
539,A,3,49.905432924010825,2024-04-05,149.71629877203247
584,D,2,39.12747784235984,2024-04-02,78.25495568471968
60,C,3,32.05197288906043,2024-02-14,96.15591866718128
430,B,3,49.26287353983911,2024-03-02,147.78862061951733
985,D,1,19.233913474243305,2024-01-30,19.233913474243305
657,C,4,12.452700610452702,2024-09-26,49.81080244181081
605,D,8,38.17728363430919,2024-01-10,305.4182690744735
309,C,1,17.513752045533874,2024-01-06,17.513752045533874
520,D,5,48.24666176300408,2024-01-19,241.2333088150204
591,B,5,49.46311905125769,2024-01-12,247.31559525628847
27,B,4,46.68819777614092,2024-07-10,186.75279110456367
686,A,10,47.51427933092951,2024-04-12,475.14279330929514
562,D,5,32.704466783736194,2024-09-06,163.52233391868097
199,A,3,36.14533923058835,2024-08-31,108.43601769176504
387,D,3,9.241077099771248,2024-12-03,27.723231299313746
349,C,2,39.337257187790996,2024-07-13,78.67451437558199
960,C,4,14.09285133846025,2024-09-21,56.371405353841
940,A,2,42.81467268669723,2024-05-13,85.62934537339446
693,D,2,48.26893192749506,2024-12-14,96.53786385499012
536,A,2,14.556993312446298,2024-06-25,29.113986624892597
828,B,3,8.51140029225296,2024-12-20,25.53420087675888
378,A,5,26.775056267055042,2024-04-08,133.87528133527522
899,A,5,40.619721737673906,2024-01-30,203.09860868836952
916,C,4,39.678807647458534,2024-10-17,158.71523058983414
558,A,6,36.35683275454629,2024-03-03,218.14099652727774
527,D,4,41.93131956056335,2024-01-28,167.7252782422534
153,C,1,12.87447586678187,2024-05-25,12.87447586678187
734,A,6,34.337199104867565,2024-10-14,206.0231946292054
206,B,3,32.25556921539424,2024-03-09,96.76670764618271
455,A,1,11.904427569186193,2024-09-08,11.904427569186193
273,A,3,23.649218178734646,2024-06-10,70.94765453620394
894,A,2,43.36383736892964,2024-04-19,86.72767473785927
236,C,2,48.731081182167195,2024-12-18,97.46216236433439
852,D,4,34.94435799098083,2024-05-11,139.77743196392333
740,B,3,46.487346889380994,2024-09-27,139.46204066814298
521,A,2,10.942215376253781,2024-07-06,21.884430752507562
678,D,2,48.87772365393263,2024-01-20,97.75544730786525
944,D,2,6.507792463132106,2024-10-02,13.015584926264212
956,C,1,28.726667306199566,2024-06-25,28.726667306199566
831,B,3,18.095374826186863,2024-04-08,54.28612447856059
726,C,3,41.62590980531642,2024-09-03,124.87772941594926
501,D,2,14.789463444387982,2024-11-19,29.578926888775964
117,D,0,5.518851652991246,2024-01-18,0.0
386,D,2,23.657425665628693,2024-10-15,47.31485133125739
344,C,3,7.884859894990017,2024-05-04,23.654579684970052
584,B,4,18.05416561344871,2024-11-15,72.21666245379484
395,A,4,33.96864612500142,2024-06-01,135.87458450000568
64,C,1,18.261642947745468,2024-03-09,18.261642947745468
717,D,1,16.06069522945547,2024-05-25,16.06069522945547
721,C,2,11.997304838165281,2024-02-14,23.994609676330562
72,D,8,11.082752333803327,2024-01-20,88.66201867042662
789,A,2,28.663581793163864,2024-10-17,57.32716358632773
274,A,8,35.667816032456216,2024-09-03,285.3425282596497
990,B,0,25.372994258103603,2024-12-12,0.0
320,D,4,10.562139457153272,2024-07-21,42.24855782861309
338,B,3,34.14903347846868,2024-01-09,102.44710043540604
366,B,4,30.070485424473716,2024-06-28,120.28194169789487
495,A,6,22.157395486945116,2024-06-04,132.9443729216707
607,C,5,19.852109470670612,2024-01-19,99.26054735335306
166,C,1,13.24188010175639,2024-04-12,13.24188010175639
544,B,5,11.583475647415561,2024-09-02,57.917378237077806
11,A,4,20.24472625109147,2024-03-25,80.97890500436588
301,D,4,6.873400584655487,2024-11-14,27.493602338621947
729,C,0,24.648233576058832,2024-12-16,0.0
801,B,2,32.070826817822116,2024-08-21,64.14165363564423
102,C,5,47.37444238818008,2024-05-14,236.8722119409004
425,C,6,33.16226644749817,2024-02-06,198.973598684989
392,D,1,33.08342210851549,2024-12-10,33.08342210851549
779,A,6,21.848666252162253,2024-04-01,131.09199751297353
214,D,3,10.99927203264729,2024-10-18,32.99781609794187
691,A,2,25.1121943965129,2024-01-17,50.2243887930258
88,C,6,31.94043435803813,2024-03-30,191.64260614822877
553,B,1,37.58151184951118,2024-12-13,37.58151184951118
401,D,4,42.173904825294386,2024-06-13,168.69561930117754
588,A,2,16.516764143065465,2024-09-09,33.03352828613093
889,C,5,15.854903385254936,2024-10-31,79.27451692627469
46,A,1,30.438493839703312,2024-03-21,30.438493839703312
672,A,1,30.47068324104932,2024-07-02,30.47068324104932
463,A,3,14.807650851624844,2024-10-16,44.422952554874534
592,C,1,31.43638896580729,2024-09-05,31.43638896580729
310,B,4,20.56454824884777,2024-08-02,82.25819299539108
86,B,3,33.76917134953848,2024-06-06,101.30751404861545
92,B,2,18.097012115249072,2024-06-27,36.194024230498144
660,A,2,31.65313064322094,2024-01-20,63.30626128644188
673,C,5,39.573951855661534,2024-05-26,197.86975927830767
714,A,3,49.1071449065872,2024-03-08,147.3214347197616
936,B,4,45.998062541229075,2024-03-17,183.9922501649163
928,B,2,27.659243629735354,2024-04-11,55.31848725947071
242,C,6,26.975708749292814,2024-05-19,161.8542524957569
865,A,2,24.696500267108693,2024-03-13,49.393000534217386
2,D,2,6.248776909488729,2024-07-25,12.497553818977458
225,D,2,12.467952386881775,2024-07-31,24.93590477376355
801,B,4,7.66350897368251,2024-03-19,30.65403589473004
745,C,2,36.33597881488944,2024-04-22,72.67195762977887
973,A,2,23.59555925981745,2024-09-09,47.1911185196349
926,A,2,7.869644512943431,2024-05-12,15.739289025886862
929,B,5,36.07587849442415,2024-07-15,180.37939247212077
589,B,6,33.99961382725748,2024-01-25,203.99768296354486
116,A,3,37.39832738107237,2024-04-10,112.19498214321712
666,A,3,31.99253529927061,2024-09-01,95.97760589781183
918,B,0,12.269280197627783,2024-01-31,0.0
103,A,1,7.762653398397596,2024-10-16,7.762653398397596
194,D,1,41.77134366021668,2024-09-12,41.77134366021668
166,B,4,14.71140495346397,2024-07-24,58.84561981385588
871,A,4,29.413815821338233,2024-03-08,117.65526328535293
90,B,2,26.83476566294842,2024-08-02,53.66953132589684
686,C,4,46.447364319643135,2024-05-01,185.78945727857254
122,B,6,29.859789238443426,2024-02-15,179.15873543066056
143,B,4,31.10075984242178,2024-03-09,124.40303936968712
994,C,2,19.377726517211574,2024-01-27,38.75545303442315
106,D,1,48.14126157958975,2024-06-19,48.14126157958975
887,A,3,32.55682170826556,2024-09-01,97.67046512479668
428,C,2,5.224117261606613,2024-10-27,10.448234523213227
305,B,6,30.02370186807335,2024-09-30,180.1422112084401
872,A,0,21.373942473734054,2024-10-14,0.0
971,C,0,6.445049193447449,2024-09-05,0.0
317,A,2,24.4197403478188,2024-01-02,48.8394806956376
963,A,4,39.81049197703834,2024-01-20,159.24196790815336
635,C,5,27.67052560803631,2024-10-20,138.35262804018154
902,A,2,33.77565887629976,2024-09-13,67.55131775259952
9,D,6,33.788365957414264,2024-09-05,202.73019574448557
774,C,1,35.19586861175421,2024-06-01,35.19586861175421
73,D,4,22.441828755585895,2024-05-16,89.76731502234358
359,B,12,21.650217757558025,2024-08-09,259.8026130906963
223,A,3,5.206303910537386,2024-07-29,15.618911731612158
416,B,3,11.940010723801448,2024-07-07,35.82003217140434
553,B,5,47.78645957516982,2024-08-19,238.93229787584912
370,A,5,42.90875221046944,2024-05-15,214.54376105234718
716,C,2,17.379879682545635,2024-01-16,34.75975936509127
264,A,4,23.053637701660247,2024-04-23,92.21455080664099
840,B,3,47.296459552308484,2024-09-20,141.88937865692546
690,B,2,16.270001579910975,2024-10-05,32.54000315982195
860,C,3,28.963983618001844,2024-03-13,86.89195085400553
318,A,4,5.993590282493205,2024-08-11,23.97436112997282
84,B,4,32.8880676358763,2024-02-03,131.5522705435052
318,D,1,46.85331191784777,2024-09-01,46.85331191784777
111,B,6,44.813452317801,2024-08-25,268.880713906806
251,B,2,27.588614928238997,2024-01-18,55.17722985647799
383,C,2,34.23388875247247,2024-12-30,68.46777750494493
7,D,3,30.640918730597846,2024-02-13,91.92275619179354
459,B,2,8.013840986937899,2024-05-22,16.027681973875797
84,B,4,12.142556909453564,2024-01-15,48.570227637814256
208,D,3,48.371779164639186,2024-04-02,145.11533749391756
900,A,3,16.518591359225297,2024-10-05,49.55577407767589
390,A,4,22.300214724337973,2024-08-02,89.20085889735189
314,B,1,27.902493857952823,2024-09-05,27.902493857952823
22,B,3,49.06094582270037,2024-03-11,147.1828374681011
410,A,0,36.04970778033994,2024-04-18,0.0
895,C,1,33.33193239786644,2024-10-14,33.33193239786644
515,D,1,28.59799875983867,2024-06-08,28.59799875983867
127,D,3,36.53034865675507,2024-10-15,109.59104597026521
809,C,2,34.8807150737756,2024-06-19,69.7614301475512
700,C,4,45.627840151744195,2024-01-13,182.51136060697678
874,C,5,29.382588741408018,2024-08-07,146.91294370704009
14,C,3,23.96761646857204,2024-07-03,71.90284940571613
971,C,3,41.32229126287421,2024-11-18,123.96687378862262
978,C,4,40.99025006090683,2024-07-27,163.96100024362732
12,D,6,12.642639710543936,2024-10-14,75.85583826326362
87,C,3,15.655639903540505,2024-11-24,46.96691971062152
524,A,3,48.13872175848676,2024-12-26,144.4161652754603
909,C,2,24.984929227207314,2024-04-15,49.96985845441463
537,C,3,28.384731343903532,2024-07-30,85.1541940317106
301,D,1,18.957205606091442,2024-11-20,18.957205606091442
243,D,4,26.648196030380905,2024-08-19,106.59278412152362
122,C,3,38.45104732380452,2024-07-31,115.35314197141355
147,D,1,26.705529385865386,2024-11-20,26.705529385865386
567,B,1,19.165310598139932,2024-07-14,19.165310598139932
750,D,1,9.320045197746943,2024-09-05,9.320045197746943
356,D,0,46.7717684241916,2024-11-12,0.0
685,D,2,44.2246020260853,2024-09-20,88.4492040521706
904,D,3,40.6114224507375,2024-08-04,121.83426735221249
733,A,2,36.23319337291542,2024-09-19,72.46638674583085
631,A,3,28.197944800276254,2024-06-18,84.59383440082877
309,A,3,45.38285537551027,2024-06-04,136.1485661265308
695,C,6,40.62656807586725,2024-03-10,243.75940845520347
288,C,2,41.72048788210082,2024-08-21,83.44097576420164
307,B,3,18.929771284975992,2024-02-23,56.789313854927975
812,A,4,24.055622303107924,2024-06-18,96.2224892124317
594,C,2,36.80610188554664,2024-02-05,73.61220377109328
966,D,4,21.69780364434892,2024-11-17,86.79121457739568
914,D,8,27.228859397396644,2024-09-15,217.83087517917315
723,A,1,34.093083546730554,2024-09-07,34.093083546730554
662,B,3,24.699128071292648,2024-01-13,74.09738421387794
549,B,3,40.686782322330046,2024-06-07,122.06034696699014
352,D,1,10.232547749803173,2024-01-29,10.232547749803173
312,B,1,37.31254294019078,2024-02-26,37.31254294019078
873,A,2,11.534452727507507,2024-06-09,23.068905455015013
59,D,6,47.202784471783666,2024-09-22,283.216706830702
643,C,2,19.131695631273143,2024-08-17,38.263391262546286
924,C,3,40.7944562467762,2024-11-14,122.38336874032859
714,B,4,28.463764014890423,2024-11-24,113.85505605956169
755,D,3,9.098917996454336,2024-07-11,27.29675398936301
35,D,2,31.21640844759948,2024-04-17,62.43281689519896
445,C,4,46.04799815971565,2024-12-22,184.1919926388626
93,D,3,12.075548199705677,2024-12-17,36.22664459911703
950,D,4,19.45881272123743,2024-12-18,77.83525088494972
959,D,6,24.762140193098308,2024-09-14,148.57284115858985
207,B,4,17.377387850329416,2024-04-19,69.50955140131767
353,D,5,47.47007636313624,2024-05-09,237.3503818156812
903,A,3,21.98751191638095,2024-05-02,65.96253574914284
332,B,5,34.61279263185554,2024-04-25,173.0639631592777
817,D,3,15.076254396652967,2024-08-17,45.2287631899589
862,D,2,14.88676718667417,2024-10-19,29.77353437334834
725,A,3,12.91322010217726,2024-08-20,38.739660306531775
159,B,3,24.56655185870255,2024-11-12,73.69965557610765
954,C,4,28.97861910305243,2024-08-21,115.91447641220972
957,C,1,5.48366745882118,2024-10-22,5.48366745882118
24,B,3,42.48155424259016,2024-07-09,127.44466272777046
404,D,5,28.073925163899446,2024-01-25,140.36962581949723
805,D,0,12.074446553739442,2024-06-14,0.0
516,C,1,8.028199062634494,2024-10-19,8.028199062634494
732,C,1,7.843968370819762,2024-07-28,7.843968370819762
364,C,2,16.593956908633807,2024-01-27,33.187913817267614
382,A,4,27.46814665869405,2024-12-05,109.8725866347762
532,C,1,43.71077912013493,2024-06-26,43.71077912013493
956,A,0,45.63344421009066,2024-02-13,0.0
152,B,2,42.454756399073176,2024-03-12,84.90951279814635
562,D,8,19.785356065432566,2024-08-09,158.28284852346053
689,C,3,18.79509882677447,2024-11-06,56.38529648032341
947,D,4,49.43562553197489,2024-08-15,197.74250212789957
608,D,4,35.65762834943565,2024-11-24,142.6305133977426
617,C,2,18.72283735658938,2024-08-20,37.44567471317876
420,C,2,19.80860685461616,2024-09-24,39.61721370923232
250,B,2,24.558999768981362,2024-09-10,49.117999537962724
117,A,3,32.98130140211768,2024-06-11,98.94390420635304
866,A,5,45.40906219872555,2024-01-06,227.04531099362777
512,D,1,13.923820386338416,2024-02-16,13.923820386338416
740,C,3,8.798152895800817,2024-03-08,26.394458687402448
578,B,0,23.258845577940466,2024-09-10,0.0
335,B,4,16.04549671747595,2024-02-28,64.1819868699038
418,B,5,30.92147030475965,2024-04-28,154.60735152379826
932,B,4,36.46466767163397,2024-07-04,145.85867068653587
774,B,4,18.983117917284346,2024-02-17,75.93247166913739
295,A,2,35.84530799878949,2024-07-09,71.69061599757897
938,A,2,20.4416264686013,2024-09-21,40.8832529372026
755,A,3,33.573566284981794,2024-06-20,100.72069885494538
371,C,4,33.48773630363299,2024-02-15,133.95094521453197
186,D,4,17.51718665397397,2024-05-22,70.06874661589588
246,B,1,33.60752382695916,2024-09-02,33.60752382695916
637,C,2,22.142979307564513,2024-08-03,44.285958615129026
268,B,3,20.140472496229936,2024-06-24,60.42141748868981
643,A,2,18.017948617992168,2024-11-23,36.035897235984336
237,C,2,20.554036706043004,2024-05-24,41.10807341208601
530,A,3,40.40352014275166,2024-02-04,121.21056042825498
552,B,5,16.033046637763274,2024-05-11,80.16523318881637
21,B,5,35.68943323158393,2024-10-30,178.44716615791967
911,D,0,45.52792632414051,2024-06-01,0.0
737,B,2,20.769302346555296,2024-10-28,41.53860469311059
867,A,4,6.328042902270518,2024-02-17,25.31217160908207
794,B,3,6.107271310624554,2024-06-16,18.321813931873663
520,D,4,11.277629975763695,2024-06-26,45.11051990305478
100,D,3,9.952017939439951,2024-09-19,29.856053818319854
752,A,4,38.663836244214494,2024-04-04,154.65534497685798
478,C,7,18.268282260831768,2024-11-11,127.87797582582238
599,B,6,34.36293981203079,2024-10-17,206.17763887218473
298,D,1,6.9104946076413665,2024-08-17,6.9104946076413665
940,B,3,18.308312423516416,2024-07-09,54.92493727054925
526,B,4,15.53658056047762,2024-05-23,62.14632224191048
334,C,4,17.459622965856326,2024-06-12,69.8384918634253
2,D,4,13.582299611020975,2024-01-19,54.3291984440839
375,B,3,32.806220949604395,2024-03-08,98.41866284881318
293,D,5,34.820279134550006,2024-04-07,174.10139567275002
837,A,3,11.680947071746713,2024-01-07,35.04284121524014
934,A,3,38.3515693076641,2024-10-29,115.05470792299229
553,B,6,16.252046431638302,2024-06-25,97.5122785898298
318,D,3,17.731512612480444,2024-07-24,53.19453783744133
502,B,3,42.29637524796301,2024-10-25,126.88912574388904
828,D,5,45.55246618720364,2024-10-14,227.7623309360182
381,D,5,42.114034106079046,2024-08-16,210.57017053039522
623,C,3,11.64932691579181,2024-04-28,34.94798074737543
14,C,3,49.96704357934339,2024-09-26,149.90113073803016
504,C,1,35.246993665206574,2024-03-21,35.246993665206574
231,B,0,27.98008796933168,2024-06-08,0.0
985,C,3,47.9678633489046,2024-07-06,143.90359004671382
84,C,2,41.78211779419671,2024-07-06,83.56423558839342
130,A,1,36.128436783293154,2024-11-03,36.128436783293154
743,D,4,42.727876181696,2024-07-12,170.911504726784
838,D,2,22.345996247506676,2024-09-16,44.69199249501335
145,C,3,35.79973004480961,2024-07-09,107.39919013442882
891,D,0,13.576100842839562,2024-10-15,0.0
857,A,4,49.46002858701959,2024-04-15,197.84011434807837
28,A,3,31.504176504203155,2024-05-08,94.51252951260946
66,C,4,41.64067613458884,2024-04-06,166.56270453835535
163,A,2,23.330294623896528,2024-03-04,46.660589247793055
229,D,2,39.13649686738313,2024-05-07,78.27299373476626
261,B,4,22.432320476121223,2024-08-10,89.72928190448489
449,D,2,31.550228913226228,2024-10-19,63.100457826452455
424,B,2,40.01606670588405,2024-11-21,80.0321334117681
460,C,4,10.241326098330735,2024-04-13,40.96530439332294
952,B,1,21.05536331163417,2024-05-31,21.05536331163417
676,A,3,29.522162703924362,2024-04-23,88.56648811177308
301,D,0,20.029896773967614,2024-02-24,0.0
919,B,3,18.912525564004646,2024-04-30,56.73757669201394
303,D,1,17.67488403122205,2024-08-04,17.67488403122205
287,C,2,15.250631981421268,2024-05-02,30.501263962842536
395,C,3,43.200705315003376,2024-01-03,129.60211594501013
10,A,2,46.56601082302666,2024-04-01,93.13202164605332
707,C,1,36.50762516703476,2024-06-12,36.50762516703476
630,B,2,6.349978074428453,2024-04-28,12.699956148856906
270,C,1,40.38049378080509,2024-03-01,40.38049378080509
592,A,6,28.93729285019144,2024-08-01,173.62375710114864
970,D,1,39.11495395476228,2024-09-03,39.11495395476228
605,D,1,24.680226814827336,2024-08-22,24.680226814827336
778,C,0,6.857686169983393,2024-12-22,0.0
844,B,2,35.67852436445591,2024-10-15,71.35704872891182
862,A,1,24.985782163792695,2024-03-18,24.985782163792695
361,B,3,44.33195729953609,2024-01-24,132.99587189860827
257,A,1,38.21620715696423,2024-11-03,38.21620715696423
133,C,5,21.180278650001423,2024-04-10,105.90139325000712
276,A,3,37.583688190271836,2024-09-07,112.75106457081552
776,A,3,27.284386975228884,2024-05-02,81.85316092568665
683,C,0,13.974977851679531,2024-08-02,0.0
972,B,3,23.894884374809983,2024-09-18,71.68465312442996
513,C,1,15.015307752889065,2024-11-27,15.015307752889065
313,A,5,5.22394339722697,2024-12-11,26.119716986134847
576,C,2,16.10580981151157,2024-05-02,32.21161962302314
886,A,2,14.428459665871266,2024-09-08,28.85691933174253
980,C,3,5.195160890910568,2024-11-15,15.585482672731704
284,D,7,40.2766415645098,2024-12-02,281.9364909515686
121,D,2,8.464322217688348,2024-06-06,16.928644435376697
107,C,2,25.207658327249696,2024-11-22,50.41531665449939
933,B,4,23.80474290636792,2024-05-28,95.21897162547168
687,A,4,13.163365278749458,2024-03-05,52.65346111499783
997,D,2,48.50908279418214,2024-12-23,97.01816558836428
204,B,1,32.16801222170862,2024-01-04,32.16801222170862
165,A,3,41.60808705761761,2024-06-22,124.82426117285283
305,D,3,27.32632507557276,2024-05-15,81.97897522671829
497,D,6,37.52653628178109,2024-08-31,225.15921769068655
632,C,0,48.64006437402911,2024-02-29,0.0
556,A,2,20.67824362113957,2024-02-14,41.35648724227914
824,B,1,27.691873371947544,2024-03-12,27.691873371947544
156,B,2,28.154160441140295,2024-04-04,56.30832088228059
367,B,5,49.63976673458624,2024-01-31,248.1988336729312
719,A,1,15.489461587649588,2024-06-04,15.489461587649588
902,B,4,35.38883788641854,2024-08-27,141.55535154567417
620,B,6,11.220335530506155,2024-03-04,67.32201318303693
251,B,2,46.71830894244116,2024-11-18,93.43661788488232
957,C,2,31.56718635507643,2024-04-18,63.13437271015286
916,C,4,43.67351871677616,2024-03-08,174.69407486710463
882,A,1,45.28586949527784,2024-02-04,45.28586949527784
334,A,3,30.069946044686642,2024-09-07,90.20983813405992
642,B,2,35.69032720571893,2024-12-19,71.38065441143786
969,C,7,36.44242880130097,2024-02-05,255.0970016091068
511,D,1,25.721637057894142,2024-05-11,25.721637057894142
293,D,3,24.56772112861992,2024-10-31,73.70316338585975
20,B,3,13.378469854016428,2024-08-09,40.13540956204928
282,B,5,22.276155222554415,2024-06-15,111.38077611277208
797,C,5,49.58406232454997,2024-09-30,247.92031162274984
1,C,3,17.143770970331865,2024-02-29,51.431312910995594
119,C,4,39.309840890424674,2024-12-07,157.2393635616987
35,A,2,7.670636152548744,2024-04-22,15.341272305097489
198,A,4,26.036095883344622,2024-08-08,104.14438353337849
485,B,2,7.6284559362715525,2024-10-05,15.256911872543105
757,A,4,26.410997021355424,2024-03-08,105.6439880854217
59,C,0,6.23986073642196,2024-11-10,0.0
837,C,3,32.59826471677572,2024-12-11,97.79479415032715
161,A,3,31.39290949904962,2024-09-19,94.17872849714885
691,D,3,40.902945018366,2024-09-25,122.70883505509799
206,B,1,31.24787909906062,2024-05-10,31.24787909906062
12,D,4,46.6699623057983,2024-09-23,186.6798492231932
490,B,0,40.23970763334603,2024-07-26,0.0
276,D,4,10.969543414503022,2024-07-30,43.87817365801209
693,A,2,16.94629347377409,2024-02-20,33.89258694754818
242,B,6,6.18037689959571,2024-10-14,37.08226139757426
216,B,2,22.376030070776327,2024-02-11,44.752060141552654
251,B,4,27.929131419625264,2024-09-03,111.71652567850106
811,C,3,47.56758119519299,2024-07-13,142.702743585579
126,C,6,28.502034452681826,2024-08-31,171.01220671609096
994,D,3,40.146261887432615,2024-07-18,120.43878566229785
217,A,2,17.061080566680552,2024-12-23,34.122161133361104
306,C,2,11.892129676647427,2024-04-30,23.784259353294853
797,B,3,41.48763142218137,2024-11-29,124.46289426654411
185,C,2,16.13413154185661,2024-11-23,32.26826308371322
39,A,2,44.21008029519979,2024-07-21,88.42016059039958
223,C,4,12.643244406138338,2024-04-15,50.57297762455335
184,B,3,43.32139434567981,2024-09-06,129.96418303703945
495,D,7,39.77814110335025,2024-10-15,278.44698772345174
427,B,6,32.50493029132717,2024-03-19,195.02958174796302
178,A,4,43.259930502017724,2024-06-13,173.0397220080709
919,D,4,19.881955304710768,2024-11-29,79.52782121884307
428,C,3,12.47153655494245,2024-04-28,37.41460966482735
294,C,3,12.066830379700503,2024-02-26,36.20049113910151
852,C,5,17.166151121706683,2024-07-06,85.83075560853342
151,D,1,25.080220948102376,2024-02-21,25.080220948102376
384,B,5,44.421028928655204,2024-03-12,222.10514464327602
638,D,2,9.029104347098144,2024-08-28,18.05820869419629
813,D,8,46.18589199956372,2024-11-19,369.4871359965098
308,A,5,46.64726196530388,2024-04-09,233.2363098265194
336,D,3,37.7256375801182,2024-12-03,113.17691274035461
946,C,3,45.5127626131676,2024-06-03,136.5382878395028
746,B,2,39.6493983580083,2024-02-28,79.2987967160166
892,B,2,28.773543432008914,2024-10-01,57.54708686401783
375,B,2,32.03376018016749,2024-09-15,64.06752036033498
8,C,6,33.27010144149122,2024-07-19,199.62060864894733
341,C,0,10.710197644239992,2024-10-21,0.0
129,C,1,13.68743618828797,2024-11-17,13.68743618828797
776,C,3,28.55159257415724,2024-11-24,85.65477772247172
669,C,6,10.185274074692382,2024-10-10,61.111644448154294
352,D,3,48.424068322075,2024-06-24,145.272204966225
358,C,4,27.820727533148972,2024-04-07,111.28291013259589
517,C,1,22.103876516587682,2024-12-14,22.103876516587682
495,C,4,12.089301691620165,2024-06-30,48.35720676648066
86,C,2,23.744025386383385,2024-09-28,47.48805077276677
175,B,5,18.609178414664697,2024-02-04,93.04589207332349
802,C,3,8.956722704091558,2024-11-26,26.870168112274673
193,D,2,48.515238285710964,2024-12-28,97.03047657142193
311,D,5,16.924014322202602,2024-03-27,84.620071611013
119,D,1,36.07116089600859,2024-06-06,36.07116089600859
218,A,3,9.109512582009025,2024-11-20,27.328537746027074
427,B,1,46.09260541970476,2024-04-25,46.09260541970476
970,C,4,31.583815320225963,2024-01-08,126.33526128090385
414,A,2,34.55924001694754,2024-04-16,69.11848003389508
114,C,3,40.18029623009908,2024-04-16,120.54088869029724
978,A,3,32.26618978992876,2024-04-23,96.79856936978628
145,A,2,8.190835628596503,2024-01-10,16.381671257193005
538,D,4,24.331209063446867,2024-10-10,97.32483625378747
648,D,1,16.791354199901512,2024-02-29,16.791354199901512
303,A,3,26.90226593065327,2024-09-22,80.70679779195981
744,D,3,23.194632275678213,2024-04-11,69.58389682703464
881,A,2,42.19399027844814,2024-03-03,84.38798055689628
588,B,5,16.117139849439692,2024-06-23,80.58569924719846
987,D,4,14.058547667507678,2024-07-15,56.23419067003071
840,D,2,48.11388329527587,2024-11-07,96.22776659055174
345,D,6,47.728247625013076,2024-08-09,286.36948575007847
814,B,5,49.70592342129205,2024-07-08,248.52961710646025
964,A,1,30.57712607958517,2024-05-07,30.57712607958517
801,C,2,10.091478226504936,2024-11-29,20.182956453009872
1,D,1,44.607548333173874,2024-02-15,44.607548333173874
147,A,2,11.530174291593827,2024-03-09,23.060348583187654
287,B,4,12.001744671312025,2024-10-27,48.0069786852481
976,C,3,13.702890536873957,2024-12-16,41.10867161062187
654,D,3,34.403847592689175,2024-12-29,103.21154277806752
53,B,6,9.823957395229511,2024-02-27,58.943744371377065
304,B,1,40.02267330552947,2024-08-03,40.02267330552947
69,C,2,7.621321818112438,2024-04-24,15.242643636224877
361,A,7,9.970095230231905,2024-01-10,69.79066661162334
602,D,0,24.551921374993785,2024-09-25,0.0
958,D,2,22.06271758774553,2024-10-18,44.12543517549106
220,A,2,49.53687207788453,2024-03-26,99.07374415576906
962,A,6,48.50887805234165,2024-05-26,291.0532683140499
704,A,2,13.53568133100315,2024-04-27,27.0713626620063
966,C,3,47.599949528530814,2024-05-14,142.79984858559243
575,C,4,36.151785680538474,2024-01-15,144.6071427221539
585,D,3,23.39794244899553,2024-12-02,70.19382734698658
161,C,3,38.28339194724236,2024-10-28,114.85017584172707
681,B,2,45.5063434567946,2024-07-24,91.0126869135892
89,D,0,13.106369920953876,2024-08-20,0.0
688,C,2,13.81929176199475,2024-10-30,27.6385835239895
781,A,6,23.39243430024472,2024-03-06,140.35460580146832
585,B,4,12.614529710078182,2024-01-04,50.45811884031273
757,A,4,21.21788685676171,2024-01-03,84.87154742704683
589,D,3,34.056118717813135,2024-09-15,102.1683561534394
159,A,4,41.57681564002346,2024-07-21,166.30726256009385
489,C,1,18.58707219584298,2024-11-20,18.58707219584298
971,C,3,17.67788077121771,2024-08-27,53.033642313653125
324,D,1,40.08843339751299,2024-04-02,40.08843339751299
610,A,3,22.14618017011291,2024-10-10,66.43854051033873
381,D,0,41.83139155409786,2024-01-23,0.0
102,A,3,49.7021144148146,2024-10-12,149.1063432444438
494,B,0,49.08509041926727,2024-11-13,0.0
644,C,4,34.820912968128006,2024-03-27,139.28365187251202
614,D,1,21.884594511985274,2024-02-20,21.884594511985274
19,B,2,7.94704367645432,2024-10-23,15.89408735290864
454,B,3,38.21182847226773,2024-11-15,114.63548541680319
482,D,2,49.00852584739598,2024-02-12,98.01705169479196
594,D,7,8.059300844703266,2024-07-22,56.41510591292286
397,B,5,5.2775469779288064,2024-12-12,26.387734889644033
279,A,1,42.42992884617729,2024-02-27,42.42992884617729
851,B,1,9.601653291720671,2024-02-28,9.601653291720671
365,D,3,8.673034120051076,2024-06-16,26.019102360153227
331,B,3,45.965123070043035,2024-06-22,137.8953692101291
641,A,3,8.58023652523466,2024-11-13,25.74070957570398
344,C,4,10.130794464894176,2024-07-25,40.523177859576705
822,C,2,30.6308153871362,2024-04-20,61.2616307742724
455,B,2,39.05663778649811,2024-01-23,78.11327557299622
601,A,4,22.980751642140223,2024-08-20,91.9230065685609
725,C,1,23.92651223106757,2024-10-01,23.92651223106757
655,B,3,33.468169421801235,2024-06-20,100.4045082654037
65,B,5,27.744138267385157,2024-01-11,138.7206913369258
76,A,4,5.838273174997287,2024-02-29,23.353092699989148
711,D,5,10.111243382248993,2024-08-19,50.55621691124497
143,B,3,31.172000698643124,2024-08-22,93.51600209592937
917,D,1,40.71481293640397,2024-01-03,40.71481293640397
915,D,6,39.33964154434802,2024-05-23,236.03784926608813
828,C,6,38.302545168214024,2024-08-17,229.81527100928415
605,D,5,39.70726772936603,2024-01-09,198.53633864683016
473,A,3,6.999956434603538,2024-10-23,20.999869303810613
417,C,4,45.279570423316486,2024-10-20,181.11828169326594
305,C,2,45.01773973452536,2024-11-20,90.03547946905071
736,C,2,28.93657950939263,2024-07-11,57.87315901878526
497,B,1,16.186744952094443,2024-10-17,16.186744952094443
291,B,3,31.648031275164506,2024-05-06,94.94409382549352
940,D,3,30.104866686887895,2024-02-17,90.31460006066368
102,C,4,15.033074346059465,2024-04-16,60.13229738423786
986,C,6,32.14085805179011,2024-09-20,192.84514831074068
267,A,4,40.87823522452744,2024-09-09,163.51294089810975
867,D,4,41.274808913536525,2024-01-27,165.0992356541461
968,A,5,7.686402002596147,2024-01-09,38.43201001298073
622,D,2,13.872349031560898,2024-08-07,27.744698063121795
974,D,5,35.07005122669379,2024-06-06,175.35025613346897
842,B,1,43.6924375436436,2024-01-14,43.6924375436436
962,B,2,28.454768710214697,2024-01-29,56.909537420429395
942,A,5,36.838655075074115,2024-01-26,184.19327537537058
777,D,2,5.948240479560526,2024-08-01,11.896480959121051
3,C,4,32.378936534842964,2024-05-22,129.51574613937186
85,B,4,48.28591149964708,2024-04-24,193.1436459985883
794,C,4,34.745657316473206,2024-11-24,138.98262926589283
328,A,4,46.50240724701439,2024-08-05,186.00962898805756
816,B,1,30.470425615898318,2024-03-21,30.470425615898318
450,B,4,42.952043199916744,2024-07-19,171.80817279966698
454,D,3,10.587308371571638,2024-03-07,31.761925114714913
924,A,4,10.558096829906743,2024-09-05,42.23238731962697
629,D,1,10.408069813810755,2024-05-23,10.408069813810755
221,B,2,26.99822984165191,2024-05-20,53.99645968330382
154,A,1,19.86186023767018,2024-12-11,19.86186023767018
665,B,2,37.363363418346616,2024-04-05,74.72672683669323
12,A,4,45.617986143517875,2024-04-27,182.4719445740715
133,B,3,32.87186728580669,2024-11-13,98.61560185742006
994,C,5,14.594475024436068,2024-07-03,72.97237512218034
304,C,3,46.88945903881012,2024-10-18,140.66837711643035
293,D,4,28.75358021620922,2024-09-01,115.01432086483688
975,C,2,37.39754989110899,2024-07-19,74.79509978221797
300,B,5,45.07276326958297,2024-10-04,225.36381634791485
740,B,2,49.54243694445062,2024-12-26,99.08487388890124
783,C,2,27.772877709575322,2024-04-19,55.545755419150645
43,D,2,41.36282234076533,2024-07-30,82.72564468153065
944,C,2,30.50901793932089,2024-09-15,61.01803587864178
343,A,5,26.890427569811266,2024-06-12,134.45213784905633
326,A,3,29.197063367433042,2024-04-06,87.59119010229912
814,A,2,26.79238597197669,2024-07-28,53.58477194395338
498,C,6,23.946265345760626,2024-02-05,143.67759207456376
364,C,0,37.56743107312945,2024-09-22,0.0
891,C,1,16.235411717644666,2024-04-09,16.235411717644666
427,A,6,32.73716596127002,2024-01-21,196.42299576762014
21,D,7,37.08320799939933,2024-08-04,259.58245599579527
407,B,5,45.144087502581726,2024-04-13,225.72043751290863
619,C,5,19.934471702191356,2024-04-21,99.67235851095678
336,D,3,43.726959658222896,2024-08-06,131.1808789746687
815,B,3,47.538102709663875,2024-04-29,142.61430812899164
117,B,2,34.190572223377345,2024-09-05,68.38114444675469
124,B,2,39.71448535653559,2024-11-30,79.42897071307118
399,D,1,23.256813191849304,2024-04-05,23.256813191849304
793,D,1,47.846093890311174,2024-07-06,47.846093890311174
804,A,2,35.18876547888908,2024-12-29,70.37753095777816
715,D,4,18.95705638779954,2024-05-23,75.82822555119816
51,D,5,23.19176062553103,2024-01-28,115.95880312765514
783,D,2,32.798998135920925,2024-01-06,65.59799627184185
324,B,3,15.53608240305328,2024-11-12,46.60824720915984
789,C,3,38.92614819531315,2024-09-18,116.77844458593944
141,A,4,15.11111823213394,2024-08-17,60.44447292853576
470,C,8,31.630513809692268,2024-05-01,253.04411047753814
787,C,4,36.36529308476723,2024-07-12,145.46117233906892
802,D,4,43.68865530476924,2024-04-14,174.75462121907697
334,A,2,38.02551871050199,2024-07-17,76.05103742100398
893,C,3,40.947129119852825,2024-03-02,122.84138735955847
964,C,2,46.08193106740317,2024-10-10,92.16386213480634
373,A,0,31.899720254993255,2024-03-20,0.0
564,D,3,43.08260047979075,2024-06-23,129.24780143937224
494,C,2,15.434250396132743,2024-01-09,30.868500792265486
539,B,3,41.662992685638784,2024-06-28,124.98897805691635
669,C,1,14.975903358791612,2024-09-27,14.975903358791612
751,B,3,47.058314843425094,2024-06-10,141.1749445302753
156,D,0,19.84880018559509,2024-10-02,0.0
291,C,2,12.732709917902579,2024-07-24,25.465419835805157
648,A,3,11.667594205814085,2024-02-29,35.00278261744226
144,A,3,13.427249762202456,2024-07-04,40.281749286607365
106,C,0,25.139313885342467,2024-03-15,0.0
420,D,5,28.496722598602656,2024-04-03,142.48361299301328
670,D,2,46.120362463576335,2024-03-07,92.24072492715267
658,A,5,22.1456661317463,2024-01-02,110.7283306587315
2,C,3,14.786703895417435,2024-06-26,44.36011168625231
945,D,3,38.47195003277217,2024-05-21,115.41585009831651
589,A,3,11.059448356787268,2024-02-13,33.1783450703618
644,B,2,45.152751740683456,2024-06-22,90.30550348136691
90,C,5,23.422983584396178,2024-10-21,117.11491792198089
345,B,2,32.62286676447408,2024-08-18,65.24573352894816
350,B,2,13.378295417743518,2024-08-23,26.756590835487035
459,D,2,11.548811708592652,2024-04-02,23.097623417185304
263,D,3,40.9477718639685,2024-02-13,122.8433155919055
351,D,2,24.336603136155194,2024-01-27,48.67320627231039
108,C,2,49.40342657267946,2024-09-28,98.80685314535891
586,B,2,28.59340750036032,2024-02-08,57.18681500072064
39,C,1,43.054380984096035,2024-10-15,43.054380984096035
909,D,3,49.098365542464585,2024-09-04,147.29509662739375
159,B,0,17.651757267882573,2024-02-19,0.0
583,C,1,41.03967704699147,2024-12-24,41.03967704699147
959,C,6,5.9902773496090695,2024-10-09,35.94166409765442
312,A,1,35.5889353127463,2024-07-27,35.5889353127463
241,C,5,38.53404910030322,2024-05-03,192.6702455015161
938,D,2,26.481367059597606,2024-12-07,52.96273411919521
445,C,5,12.29473445528759,2024-09-05,61.47367227643795
298,B,3,32.75242466353024,2024-10-10,98.25727399059073
952,C,0,45.38878967460008,2024-05-30,0.0
36,A,1,46.9093639810221,2024-03-04,46.9093639810221
84,B,3,38.57460756888213,2024-08-28,115.72382270664639
452,B,0,16.86709662915209,2024-06-15,0.0
886,A,1,44.1647116726964,2024-08-27,44.1647116726964
775,D,0,44.99703800157627,2024-02-18,0.0
822,B,4,21.525899258534928,2024-07-05,86.10359703413971
385,D,1,13.23417814446563,2024-05-27,13.23417814446563
172,B,0,44.35967453600157,2024-07-07,0.0
376,B,2,44.82937918637664,2024-04-20,89.65875837275328
685,D,4,9.540773804804633,2024-09-21,38.16309521921853
362,B,4,48.51429315001197,2024-10-05,194.0571726000479
559,D,4,28.9886248885459,2024-08-24,115.9544995541836
891,A,1,49.71785877243213,2024-06-07,49.71785877243213
141,D,3,25.025371259750663,2024-02-29,75.07611377925198
887,A,2,28.997750271179665,2024-11-12,57.99550054235933
918,B,1,16.973727438706053,2024-03-15,16.973727438706053
118,D,0,45.452635048191624,2024-08-15,0.0
277,B,4,24.967045268265977,2024-06-02,99.86818107306391
726,D,2,41.65763241323227,2024-12-21,83.31526482646454
220,A,2,8.588042379278722,2024-11-05,17.176084758557444
905,A,1,40.47109828226657,2024-10-13,40.47109828226657
26,D,3,27.06094140131637,2024-08-28,81.18282420394911
521,A,4,5.243354587989769,2024-08-14,20.973418351959076
783,B,6,15.181832254945771,2024-06-17,91.09099352967462
10,B,2,13.717859514940264,2024-10-10,27.435719029880527
984,C,2,38.82940615892479,2024-12-11,77.65881231784958
378,A,3,26.474098540694836,2024-09-18,79.4222956220845
633,B,2,12.187327850919385,2024-10-16,24.37465570183877
637,D,1,16.556133967036367,2024-12-13,16.556133967036367
682,A,1,27.68345623876482,2024-12-29,27.68345623876482
584,B,2,5.883718879385324,2024-01-09,11.767437758770647
152,A,3,24.085651464471816,2024-12-14,72.25695439341544
720,D,6,35.5127631644183,2024-04-07,213.07657898650982
49,B,1,28.298956337864546,2024-01-12,28.298956337864546
154,C,1,31.914479348397446,2024-09-28,31.914479348397446
859,C,2,19.69781526552424,2024-03-11,39.39563053104848
293,A,3,13.23840758088901,2024-05-14,39.71522274266703
580,D,1,41.438358065983145,2024-09-15,41.438358065983145
50,B,3,45.75356921463622,2024-01-05,137.26070764390866
664,D,7,27.98332566687021,2024-08-26,195.8832796680915
531,B,0,18.726854566162586,2024-10-20,0.0
612,A,1,28.00421732830935,2024-11-30,28.00421732830935
60,B,4,44.5543484286828,2024-04-08,178.2173937147312
167,D,3,36.11328563188029,2024-05-30,108.33985689564086
202,D,4,43.63772388305529,2024-09-14,174.55089553222115
857,A,1,19.777074038512268,2024-12-21,19.777074038512268
146,D,3,37.039060775187316,2024-05-28,111.11718232556194
915,B,4,34.38720371802275,2024-05-21,137.548814872091
676,A,4,30.72274072926878,2024-09-07,122.89096291707511
970,B,3,28.770118935372896,2024-08-21,86.31035680611869
993,D,3,29.794004741281864,2024-05-11,89.38201422384559
439,A,3,43.235199037701456,2024-02-16,129.70559711310437
242,B,2,46.21975254518652,2024-04-03,92.43950509037305
581,D,2,10.078720897335721,2024-09-05,20.157441794671442
687,D,4,30.594720991565048,2024-12-21,122.37888396626019
561,C,3,46.32837901129556,2024-01-20,138.98513703388667
483,D,2,11.063299332159236,2024-06-28,22.126598664318472
108,B,2,23.57867179836078,2024-09-28,47.15734359672156
226,A,4,9.008607710790677,2024-05-15,36.03443084316271
673,C,1,10.106438090438184,2024-08-24,10.106438090438184
631,D,6,45.684986565178995,2024-07-08,274.10991939107396
661,D,3,25.078081317372202,2024-07-30,75.2342439521166
977,D,2,35.99328443020694,2024-03-04,71.98656886041388
662,B,3,11.251149045959,2024-12-25,33.753447137877004
432,C,5,5.98763670767401,2024-06-12,29.93818353837005
805,B,3,45.07177808069888,2024-02-07,135.21533424209662
655,C,2,30.854553779705988,2024-08-02,61.709107559411976
419,A,0,5.899449000695308,2024-01-19,0.0
988,B,4,49.65527664175942,2024-09-10,198.62110656703769
455,B,4,27.148657235619112,2024-03-14,108.59462894247645
160,A,3,26.414442867437412,2024-05-20,79.24332860231223
523,C,6,32.941138294517955,2024-01-17,197.64682976710773
650,D,3,5.355704038795795,2024-04-04,16.067112116387385
969,A,1,30.611226816789802,2024-08-21,30.611226816789802
590,D,1,33.326775679534556,2024-10-27,33.326775679534556
77,D,4,18.36291056463827,2024-03-28,73.45164225855308
509,A,3,37.70835843957343,2024-10-24,113.12507531872029
441,C,1,21.98443172980855,2024-02-20,21.98443172980855
254,D,1,37.29979105061631,2024-09-01,37.29979105061631
921,A,1,11.472133030363143,2024-04-22,11.472133030363143
770,B,2,46.11640172184581,2024-01-08,92.23280344369162
320,B,3,44.57558181453171,2024-02-06,133.72674544359512
803,B,1,11.778191423949675,2024-02-16,11.778191423949675
263,A,2,47.23042716884844,2024-04-09,94.46085433769689
597,B,2,30.100112274527326,2024-12-10,60.20022454905465
658,D,4,36.57423552642358,2024-06-21,146.2969421056943
835,B,2,42.813220656943784,2024-08-28,85.62644131388757
554,B,3,8.760647618600164,2024-07-09,26.28194285580049
374,D,3,12.617796085977496,2024-12-07,37.85338825793249
637,B,2,18.06759146686828,2024-08-21,36.13518293373656
167,D,3,26.474201662415613,2024-10-07,79.42260498724684
937,B,2,20.572452783443325,2024-08-22,41.14490556688665
753,D,2,27.763086962392386,2024-05-05,55.52617392478477
459,B,1,13.366266230468133,2024-06-26,13.366266230468133
999,D,5,35.696936296992405,2024-06-21,178.48468148496204
280,A,8,7.508069653267902,2024-04-29,60.064557226143215
700,D,4,21.26522777935827,2024-01-30,85.06091111743308
302,B,1,13.056496010200517,2024-02-17,13.056496010200517
531,B,5,37.84699723418061,2024-06-27,189.23498617090306
580,C,4,44.76440024734601,2024-04-03,179.05760098938404
218,D,1,8.54537941415637,2024-02-24,8.54537941415637
102,A,5,40.326703513988,2024-08-23,201.63351756994
554,D,1,45.3075032174946,2024-10-28,45.3075032174946
288,D,3,48.82865974763248,2024-10-13,146.48597924289743
167,A,3,31.072381292529005,2024-12-13,93.21714387758702
621,D,5,19.732634870333307,2024-03-14,98.66317435166653
36,A,2,19.48881199402986,2024-11-07,38.97762398805972
744,A,1,22.05365356825037,2024-05-01,22.05365356825037
741,D,1,32.57003332974321,2024-02-26,32.57003332974321
353,D,0,27.060350546260626,2024-09-29,0.0
676,B,5,34.41357618830757,2024-05-18,172.06788094153785
899,B,5,6.769124308830927,2024-07-17,33.84562154415463
73,C,2,9.764669767150115,2024-07-27,19.52933953430023
648,C,3,48.94427747420425,2024-09-29,146.83283242261274
353,D,3,49.792347598380736,2024-12-26,149.37704279514222
891,A,1,38.599646771272546,2024-05-17,38.599646771272546
70,C,2,16.53787175814634,2024-05-13,33.07574351629268
425,D,3,47.90217804802475,2024-12-02,143.70653414407425
999,C,7,14.61662572062666,2024-01-16,102.31638004438662
708,A,4,37.91440950924226,2024-04-12,151.65763803696905
781,D,2,10.186624026141747,2024-08-30,20.373248052283493
561,A,2,34.20070243519254,2024-03-30,68.40140487038508
828,D,1,39.17817515102612,2024-01-04,39.17817515102612
642,C,2,43.68380650646372,2024-03-02,87.36761301292744
956,B,4,38.043776285960476,2024-07-30,152.1751051438419
517,C,1,46.55684099099534,2024-09-04,46.55684099099534
428,C,7,28.441546605532626,2024-07-10,199.09082623872837
539,B,1,35.48428731019975,2024-02-25,35.48428731019975
160,B,4,21.62975382897584,2024-10-15,86.51901531590336
149,D,2,5.467525218019063,2024-01-31,10.935050436038127
776,D,1,39.05118299603032,2024-01-01,39.05118299603032
230,A,7,44.14372915420425,2024-07-16,309.00610407942975
712,A,5,12.826601465437715,2024-02-14,64.13300732718858
562,C,4,6.2888338249381,2024-02-16,25.1553352997524
67,B,4,12.402583047565862,2024-08-09,49.61033219026345
812,A,3,45.28801819576801,2024-10-12,135.86405458730403
381,C,5,18.29796752170984,2024-03-21,91.4898376085492
58,B,2,15.516685168415227,2024-10-06,31.033370336830455
259,D,3,5.656542117944737,2024-10-13,16.969626353834208
342,C,5,18.367481624452978,2024-10-10,91.83740812226489
838,D,5,37.203758466000636,2024-07-07,186.01879233000318
130,A,3,48.15901797692988,2024-02-08,144.47705393078965
727,A,2,19.0733554596935,2024-03-23,38.146710919387
172,B,0,15.830839409481195,2024-11-22,0.0
770,C,3,44.96310592081854,2024-06-24,134.88931776245562
614,D,2,43.362718287450285,2024-01-09,86.72543657490057
209,B,0,19.76721890646589,2024-10-04,0.0
803,A,1,8.09623191906743,2024-09-14,8.09623191906743
354,A,1,49.63952482100342,2024-12-12,49.63952482100342
471,C,2,35.631692935780315,2024-09-28,71.26338587156063
798,D,3,46.69612236878604,2024-09-17,140.08836710635813
116,C,1,20.384351344375766,2024-06-28,20.384351344375766
264,D,2,34.145843858734736,2024-06-02,68.29168771746947
662,D,5,35.352375359297575,2024-01-15,176.76187679648788
812,C,6,44.280746039251355,2024-03-07,265.6844762355081
442,B,5,49.68761167022018,2024-11-24,248.4380583511009
548,C,6,9.889978033579398,2024-07-05,59.33986820147639
453,C,1,33.400258044369416,2024-12-13,33.400258044369416
845,A,1,20.139797676316377,2024-03-03,20.139797676316377
477,A,7,41.52462921770549,2024-12-21,290.67240452393844
287,C,2,38.9366593135899,2024-10-07,77.8733186271798
303,C,2,45.16333359007612,2024-02-10,90.32666718015224
311,A,3,20.466629477621737,2024-01-28,61.39988843286521
208,D,4,13.303865487099426,2024-10-03,53.2154619483977
618,C,4,5.981075471802384,2024-08-08,23.924301887209538
446,B,2,16.497800767319504,2024-08-04,32.99560153463901
670,B,1,21.522719288985392,2024-08-09,21.522719288985392
633,B,3,47.57301436765964,2024-03-01,142.7190431029789
55,C,2,27.111768523126372,2024-04-12,54.223537046252744
912,D,4,30.039777684895526,2024-07-03,120.1591107395821
12,D,5,44.605794292165164,2024-05-26,223.02897146082583
657,A,1,44.828128119386335,2024-03-15,44.828128119386335
400,C,7,28.75621219534409,2024-01-01,201.29348536740864
908,D,3,10.116657442999928,2024-12-30,30.349972328999783
648,C,1,17.173227410655333,2024-11-28,17.173227410655333
980,A,8,25.559969000275498,2024-06-10,204.47975200220398
515,A,2,38.802627283004895,2024-01-17,77.60525456600979
656,A,3,37.02567867481005,2024-08-30,111.07703602443016
542,B,3,33.92187058848944,2024-01-19,101.76561176546832
237,C,6,44.6110501911055,2024-11-25,267.666301146633
279,A,2,41.119088373820645,2024-02-28,82.23817674764129
348,C,4,49.19514083634336,2024-07-19,196.78056334537345
627,B,1,45.012133441992006,2024-04-24,45.012133441992006
104,B,4,13.804539252954283,2024-07-21,55.218157011817134
630,A,2,7.592745448417803,2024-10-20,15.185490896835606
517,A,3,23.65299248199455,2024-01-31,70.95897744598365
980,D,7,32.78770029055755,2024-07-12,229.51390203390287
872,C,4,33.939657486276765,2024-04-15,135.75862994510706
248,A,4,17.03807426832614,2024-11-01,68.15229707330457
364,D,5,43.69464340019017,2024-05-05,218.47321700095083
321,C,0,19.816090864044213,2024-04-12,0.0
633,A,3,46.36015728724146,2024-06-11,139.08047186172436
286,D,1,26.222063058644967,2024-11-10,26.222063058644967
149,D,5,5.467579971882621,2024-04-30,27.337899859413106
84,C,1,12.291859003763578,2024-08-27,12.291859003763578
966,D,4,9.604366549474893,2024-04-04,38.41746619789957
406,C,4,6.981160811013844,2024-07-26,27.924643244055375
978,C,1,37.13077898648042,2024-05-28,37.13077898648042
456,C,7,13.6542142877181,2024-12-15,95.57950001402669
743,B,4,42.737890748291875,2024-11-03,170.9515629931675
800,D,1,16.90109729664935,2024-07-11,16.90109729664935
161,C,1,6.454719792087866,2024-05-21,6.454719792087866
784,A,1,41.93039047888531,2024-09-28,41.93039047888531
460,B,5,25.97656327389442,2024-11-06,129.8828163694721
550,B,3,31.977744812104724,2024-07-19,95.93323443631417
500,D,1,20.13022798887034,2024-06-10,20.13022798887034
738,C,4,7.071817827003882,2024-04-18,28.287271308015526
509,D,7,21.657969012385607,2024-12-15,151.60578308669926
654,B,1,28.32288666321075,2024-09-19,28.32288666321075
804,C,3,5.525897159147835,2024-07-28,16.577691477443505
481,A,2,30.843051449171845,2024-05-28,61.68610289834369
663,C,1,45.18689695516278,2024-09-12,45.18689695516278
114,B,3,14.802823508901183,2024-07-17,44.408470526703546
749,A,2,46.70461225167794,2024-12-02,93.40922450335589
578,C,4,9.39238334706137,2024-07-04,37.56953338824548
361,A,1,42.14463576002697,2024-12-09,42.14463576002697
341,A,3,42.81459612359708,2024-06-13,128.44378837079122
770,B,1,16.59919383041625,2024-04-17,16.59919383041625
987,A,1,48.10295335588103,2024-03-23,48.10295335588103
761,D,3,23.746942657029997,2024-10-27,71.24082797109
969,B,2,11.35652393595172,2024-03-20,22.71304787190344
449,D,7,31.6271502872225,2024-09-09,221.3900520105575
843,A,6,49.847661682036986,2024-01-25,299.08597009222194
835,D,1,45.46811970316825,2024-10-09,45.46811970316825
180,C,2,17.537127175179613,2024-02-20,35.074254350359226
702,A,2,30.9643969720269,2024-04-17,61.9287939440538
407,C,2,10.191544685456748,2024-08-25,20.383089370913495
666,D,1,25.783016195169022,2024-11-11,25.783016195169022
196,C,2,28.538153046103165,2024-11-23,57.07630609220633
466,A,2,19.187523424900782,2024-07-04,38.375046849801564
311,C,2,26.788418732165255,2024-03-20,53.57683746433051
262,D,2,46.39723061815281,2024-11-23,92.79446123630562
419,D,2,27.506193673087882,2024-04-05,55.012387346175764
406,D,0,42.394563975541885,2024-05-29,0.0
939,A,1,19.282569312354525,2024-12-17,19.282569312354525
143,D,4,48.71319000676168,2024-12-30,194.8527600270467
342,A,3,9.205845505033347,2024-01-06,27.617536515100042
316,C,3,31.351399107889517,2024-01-22,94.05419732366855
101,D,5,40.54495078250612,2024-08-07,202.72475391253062
244,C,4,41.63184438396105,2024-12-24,166.5273775358442
490,B,0,13.922649985416886,2024-01-12,0.0
12,C,3,23.07406499082438,2024-10-09,69.22219497247313
239,B,2,33.08882776088464,2024-07-10,66.17765552176928
561,C,3,19.214721939758746,2024-08-12,57.64416581927624
42,A,6,34.6233206846066,2024-12-01,207.73992410763958
678,C,2,22.045130209071615,2024-06-15,44.09026041814323
594,A,4,20.788984516335006,2024-11-11,83.15593806534002
429,A,5,9.863067717068432,2024-04-25,49.31533858534216
803,D,6,6.766379548387058,2024-11-21,40.59827729032235
158,A,2,42.587320550548185,2024-05-27,85.17464110109637
216,B,3,27.02950214702334,2024-02-05,81.08850644107002
670,D,1,30.3292909944053,2024-09-01,30.3292909944053
462,D,5,21.749946013781624,2024-11-03,108.74973006890812
134,C,6,11.15339204631967,2024-05-09,66.92035227791803
67,A,4,25.230739896104293,2024-08-27,100.92295958441717
848,A,3,15.303068511402593,2024-12-09,45.90920553420778
7,B,4,42.69573710497447,2024-10-30,170.78294841989788
948,C,8,49.40548421335205,2024-04-14,395.2438737068164
526,C,2,45.00932609641126,2024-06-15,90.01865219282251
73,D,5,28.772341966653368,2024-02-11,143.86170983326684
399,D,2,33.265928533192,2024-09-10,66.531857066384
405,D,4,47.66551442326572,2024-12-15,190.66205769306288
675,B,4,29.240687011492632,2024-10-27,116.96274804597053
578,B,2,33.73651054811978,2024-07-23,67.47302109623956
859,D,3,33.31532766840477,2024-07-13,99.94598300521432
130,C,5,36.86545183156093,2024-06-19,184.32725915780466
931,B,2,33.812829481024345,2024-09-06,67.62565896204869
466,C,3,35.18174291250077,2024-04-13,105.54522873750233
206,C,1,37.66525125047592,2024-12-28,37.66525125047592
788,A,5,41.409465335057696,2024-02-08,207.04732667528847
978,D,1,23.137473616835184,2024-08-23,23.137473616835184
768,A,3,38.56252929172602,2024-05-13,115.68758787517807
266,D,2,9.509169161928302,2024-09-08,19.018338323856604
537,D,5,44.428465950868784,2024-06-18,222.1423297543439
962,C,6,18.05199385591363,2024-10-09,108.31196313548178
793,D,1,23.155714133927766,2024-07-25,23.155714133927766
253,C,6,41.16246856958788,2024-05-22,246.9748114175273
822,C,2,33.66441671409526,2024-01-19,67.32883342819052
289,D,4,18.888259543302567,2024-07-08,75.55303817321027
164,C,2,15.142960000608813,2024-03-04,30.285920001217626
95,C,4,48.097150191976546,2024-08-17,192.38860076790618
782,C,2,8.949936246421407,2024-11-02,17.899872492842814
833,B,2,5.195079887420357,2024-06-23,10.390159774840715
110,C,3,35.28207060288577,2024-11-08,105.8462118086573
336,B,3,32.65134921871333,2024-01-20,97.95404765613998
822,B,4,38.192628332830274,2024-10-02,152.7705133313211
238,C,1,37.92352242240711,2024-12-03,37.92352242240711
381,C,1,43.846660726971045,2024-08-13,43.846660726971045
436,B,2,46.49488656838056,2024-08-18,92.98977313676112
899,B,1,39.87610647160487,2024-04-10,39.87610647160487
483,C,3,15.453176072994355,2024-08-14,46.359528218983066
937,C,2,25.85732802345384,2024-10-20,51.71465604690768
902,D,2,33.87718582951501,2024-02-07,67.75437165903001
25,B,2,29.27143709801339,2024-03-05,58.54287419602678
653,B,0,12.15038805955811,2024-03-16,0.0
117,D,4,31.517286378082055,2024-07-10,126.06914551232822
482,B,5,44.8937892245289,2024-05-02,224.46894612264452
392,A,5,23.833275046929394,2024-05-04,119.16637523464698
917,B,5,35.10197709959316,2024-01-27,175.5098854979658
994,D,3,32.71704288243522,2024-04-12,98.15112864730567
964,A,2,21.966941158453224,2024-10-02,43.93388231690645
537,C,3,30.43720432162548,2024-02-29,91.31161296487645
79,D,3,14.459541525448746,2024-06-16,43.37862457634624
580,D,5,29.574826641283437,2024-03-23,147.87413320641718
173,C,1,40.947331572067064,2024-01-06,40.947331572067064
956,D,1,39.152649631606984,2024-06-12,39.152649631606984
12,B,3,21.107954741318224,2024-07-20,63.32386422395467
800,C,0,10.043834715792894,2024-06-25,0.0
128,D,2,40.997415426793964,2024-12-05,81.99483085358793
608,C,2,16.926759027253524,2024-06-04,33.85351805450705
92,C,1,7.386969524543048,2024-10-04,7.386969524543048
653,C,5,25.033683209720127,2024-12-05,125.16841604860063
543,A,1,38.27617382959464,2024-10-29,38.27617382959464
846,D,4,41.382200322013446,2024-04-11,165.52880128805378
532,A,1,49.19909671498703,2024-03-20,49.19909671498703
658,D,5,13.523345781355559,2024-07-12,67.6167289067778
989,B,3,18.220768270723973,2024-10-07,54.66230481217192
828,B,3,32.42707243157737,2024-03-31,97.28121729473212
447,B,1,41.51046637022112,2024-03-07,41.51046637022112
390,D,4,15.533375955912156,2024-08-02,62.133503823648624
672,C,4,23.446150266819163,2024-05-24,93.78460106727665
861,C,5,23.378030080362144,2024-02-09,116.89015040181073
43,A,0,39.78215298942445,2024-07-30,0.0
254,A,4,15.841949255551462,2024-10-12,63.36779702220585
130,B,1,48.59413496131674,2024-02-28,48.59413496131674
60,A,4,27.970871568595808,2024-01-28,111.88348627438323
663,D,4,17.693007647239135,2024-02-16,70.77203058895654
467,D,1,17.792782687331897,2024-08-24,17.792782687331897
287,A,3,5.823499401678672,2024-04-26,17.470498205036016
517,A,1,36.15939008403305,2024-05-30,36.15939008403305
467,A,2,39.9176736204019,2024-03-23,79.8353472408038
930,A,3,6.459249781566031,2024-02-26,19.377749344698096
778,B,1,31.367054260892896,2024-08-04,31.367054260892896
345,B,2,40.17527004966898,2024-08-07,80.35054009933796
642,A,1,21.9308021775951,2024-10-11,21.9308021775951
382,D,2,24.473371228461033,2024-08-29,48.94674245692207
779,B,5,21.27312049604631,2024-11-15,106.36560248023156
690,D,0,19.204282335491328,2024-04-08,0.0
253,C,3,27.101377564336435,2024-08-29,81.30413269300931
927,D,2,12.474529705995105,2024-07-21,24.94905941199021
56,A,2,24.830945655433652,2024-02-06,49.661891310867304
463,C,3,47.38213059224925,2024-09-02,142.14639177674775
457,B,2,6.233094400874597,2024-05-07,12.466188801749194
983,B,3,12.413453713386295,2024-05-14,37.24036114015888
83,C,0,39.996607579088945,2024-12-11,0.0
905,D,1,10.942569046117026,2024-12-08,10.942569046117026
99,B,7,17.207640477623546,2024-03-04,120.45348334336482
149,A,2,25.46775158199601,2024-09-30,50.93550316399202
329,C,3,47.442301593849706,2024-01-29,142.3269047815491
156,A,1,13.257553428660625,2024-08-13,13.257553428660625
190,C,1,46.53880673019424,2024-02-29,46.53880673019424
494,B,3,37.33360307207837,2024-02-23,112.0008092162351
883,D,5,35.20152102844274,2024-11-23,176.00760514221372
263,C,1,37.559413582251445,2024-05-28,37.559413582251445
80,C,0,6.406097853620185,2024-02-27,0.0
400,A,3,9.45051174812837,2024-02-05,28.35153524438511
764,B,6,20.06786879331028,2024-05-24,120.40721275986166
609,A,5,8.328538991690495,2024-09-06,41.64269495845247
260,B,4,49.44153692729399,2024-03-20,197.76614770917595
772,A,3,31.118549366532992,2024-01-15,93.35564809959898
615,C,7,26.93046520143428,2024-02-09,188.51325641003996
552,A,2,40.34803032045697,2024-03-21,80.69606064091394
785,D,4,48.96316430653954,2024-11-02,195.85265722615816
101,B,2,47.98085000381486,2024-07-11,95.96170000762972
359,B,4,40.68791981549133,2024-06-14,162.7516792619653
380,C,4,21.97284066323944,2024-12-18,87.89136265295777
820,B,3,7.968177121005802,2024-07-22,23.904531363017405
221,D,6,9.426963997808652,2024-07-29,56.561783986851914
820,A,2,5.051855335756437,2024-09-14,10.103710671512873
420,C,7,5.085627945118516,2024-04-24,35.59939561582961
124,D,0,47.13898095200579,2024-11-29,0.0
422,B,0,46.71576361433746,2024-12-14,0.0
231,B,4,35.0399209867161,2024-08-20,140.1596839468644
690,D,6,37.70045258991361,2024-03-17,226.20271553948166
63,A,5,28.0943805492517,2024-11-11,140.4719027462585
485,A,1,15.702901523974958,2024-04-05,15.702901523974958
628,C,2,46.14732720989641,2024-04-07,92.29465441979282
703,B,3,17.49611603117075,2024-02-25,52.48834809351225
574,D,6,38.28520674273356,2024-04-27,229.71124045640136
768,A,5,16.044605812574584,2024-04-28,80.22302906287293
483,C,3,44.156678812213,2024-02-07,132.47003643663902
519,B,4,34.30577454914665,2024-07-03,137.2230981965866
155,B,4,33.92127592505294,2024-12-23,135.68510370021176
92,C,2,9.381525653386397,2024-08-29,18.763051306772795
982,C,1,23.876100642614073,2024-02-20,23.876100642614073
526,A,5,28.62088283973197,2024-05-06,143.10441419865984
455,D,1,18.231632978499952,2024-04-12,18.231632978499952
741,B,2,44.643857532505955,2024-08-16,89.28771506501191
598,D,4,42.69514736800498,2024-07-29,170.78058947201993
645,B,1,27.21294105541385,2024-03-25,27.21294105541385
510,B,5,20.301404118985168,2024-12-24,101.50702059492585
183,D,3,41.069402240254,2024-09-30,123.208206720762
386,C,4,13.860115139355745,2024-01-27,55.44046055742298
574,A,2,8.218234179213475,2024-12-13,16.43646835842695
731,B,3,7.056971873237647,2024-03-12,21.170915619712943
405,C,2,6.74074674041001,2024-04-04,13.48149348082002
246,B,2,26.99998954115803,2024-03-16,53.99997908231606
742,A,5,16.48911362447121,2024-01-06,82.44556812235604
591,B,1,36.06688046128764,2024-03-30,36.06688046128764
661,A,2,34.42512083182274,2024-03-20,68.85024166364548
650,A,4,29.39090032148112,2024-08-09,117.56360128592448
471,B,3,20.877947664258333,2024-03-23,62.633842992775
826,B,1,43.27053102435786,2024-03-22,43.27053102435786
888,A,2,36.936623898502404,2024-05-31,73.87324779700481
423,C,2,17.218675581424634,2024-02-14,34.43735116284927
901,D,0,27.575989804107948,2024-07-30,0.0
65,A,3,12.032204397091846,2024-03-11,36.09661319127554
13,B,5,19.794933099585826,2024-09-19,98.97466549792912
213,B,3,49.871308228859014,2024-02-27,149.61392468657704
986,C,6,15.072989912023818,2024-02-26,90.43793947214292
242,D,2,36.42360600731623,2024-04-20,72.84721201463246
493,A,2,15.728839059966274,2024-05-21,31.45767811993255
213,A,0,47.21605425526152,2024-02-25,0.0
693,D,4,18.95597802456654,2024-01-12,75.82391209826616
338,A,3,20.601008359101918,2024-12-14,61.803025077305755
997,D,5,31.723689787978422,2024-01-15,158.61844893989212
173,B,3,31.465029700172064,2024-01-08,94.39508910051619
672,D,1,31.05843754087309,2024-08-18,31.05843754087309
164,A,3,30.796460078280834,2024-07-04,92.3893802348425
465,D,3,19.04841021740939,2024-02-22,57.14523065222817
995,C,5,24.54846005023438,2024-05-16,122.7423002511719
497,B,2,31.704504941343966,2024-06-22,63.40900988268793
700,B,6,35.207155565020216,2024-12-13,211.2429333901213
395,D,6,16.39080560856177,2024-08-06,98.34483365137062
703,A,5,36.566377776632336,2024-09-19,182.8318888831617
917,C,2,46.54743125506865,2024-09-11,93.0948625101373
308,B,2,39.10674665047049,2024-10-26,78.21349330094098
768,B,4,8.790476127022478,2024-09-26,35.16190450808991
183,A,0,26.110679904050947,2024-03-15,0.0
629,A,3,24.58687259925835,2024-08-11,73.76061779777504
794,C,1,20.14264904082186,2024-04-01,20.14264904082186
510,D,3,27.109406295635146,2024-05-13,81.32821888690543
708,A,4,24.783519802994544,2024-06-11,99.13407921197818
546,D,3,5.277671472531218,2024-07-16,15.833014417593656
564,C,1,15.644987514143144,2024-07-07,15.644987514143144
624,D,2,14.620196537705628,2024-03-13,29.240393075411255
764,B,2,20.716679355925983,2024-07-24,41.433358711851966
594,D,2,12.850553377593727,2024-01-31,25.701106755187453
744,C,1,8.05106496701804,2024-04-28,8.05106496701804
227,C,2,13.847578476575576,2024-10-09,27.69515695315115
745,C,1,43.43840538887592,2024-06-07,43.43840538887592
733,D,2,40.86677033890381,2024-09-11,81.73354067780762
436,B,1,24.894328884158515,2024-09-01,24.894328884158515
925,A,4,44.50167652904436,2024-04-15,178.00670611617744
422,B,0,15.469952815435276,2024-07-16,0.0
554,D,5,31.289411353965427,2024-04-29,156.44705676982713
21,D,1,11.431619399588495,2024-03-22,11.431619399588495
554,A,4,42.503031029722536,2024-11-03,170.01212411889014
397,D,3,10.876170087133364,2024-09-26,32.628510261400095
625,C,1,6.4337071540299435,2024-07-05,6.4337071540299435
105,C,4,17.30499035306879,2024-10-02,69.21996141227515
192,C,3,45.54207902061605,2024-02-21,136.62623706184814
17,C,1,10.825568686689945,2024-12-22,10.825568686689945
120,C,2,19.880162091299283,2024-10-22,39.760324182598566
393,D,1,19.23867468554867,2024-03-08,19.23867468554867
425,A,3,41.0740823343601,2024-10-26,123.2222470030803
129,A,3,23.968642990101106,2024-05-13,71.90592897030332
130,C,2,32.52051723266075,2024-12-08,65.0410344653215
572,D,4,23.197235262479396,2024-04-29,92.78894104991758
560,B,4,29.815565681159104,2024-02-26,119.26226272463641
29,B,1,7.809832580784428,2024-07-04,7.809832580784428
97,D,2,21.83132471630607,2024-03-12,43.66264943261214
10,C,3,43.47976269829792,2024-06-06,130.43928809489375
242,A,3,36.09804034320088,2024-08-15,108.29412102960264
826,D,3,49.1823069865979,2024-11-03,147.5469209597937
956,B,2,40.456379181926444,2024-08-21,80.91275836385289
232,B,1,25.31793717012983,2024-01-11,25.31793717012983
789,B,2,35.432620596479424,2024-06-23,70.86524119295885
284,C,5,39.91611540597301,2024-09-17,199.58057702986505
715,B,6,17.13576469646035,2024-05-10,102.8145881787621
759,D,2,7.7008050777012915,2024-01-02,15.401610155402583
802,D,4,23.263127059934675,2024-09-05,93.0525082397387
776,B,4,11.510292294613187,2024-07-18,46.04116917845275
955,D,1,17.475850389312583,2024-06-30,17.475850389312583
726,B,5,47.608047296336,2024-12-15,238.04023648167998
200,B,4,43.11871669501333,2024-05-06,172.47486678005333
945,A,0,31.660872555544714,2024-10-23,0.0
79,C,3,23.056551793956753,2024-07-15,69.16965538187026
913,C,6,16.894866209353317,2024-10-12,101.3691972561199
956,A,0,30.71562258734,2024-02-13,0.0
855,A,4,28.992211235280166,2024-01-10,115.96884494112066
856,C,1,40.13513637716898,2024-08-12,40.13513637716898
173,B,3,46.760908494382576,2024-08-03,140.28272548314771
467,B,2,19.80217855985085,2024-07-29,39.6043571197017
581,C,0,14.283369984055735,2024-10-12,0.0
416,B,5,23.12598271755673,2024-08-04,115.62991358778365
940,A,2,24.689358608594183,2024-11-26,49.37871721718837
449,B,4,6.79416302679631,2024-02-18,27.17665210718524
87,B,2,43.77634394897852,2024-06-11,87.55268789795704
101,D,4,49.80165524003729,2024-07-11,199.20662096014917
8,D,3,46.544391172018514,2024-05-24,139.63317351605554
845,D,4,43.72992407691097,2024-06-07,174.91969630764387
200,B,1,49.66701365567935,2024-11-21,49.66701365567935
505,C,0,45.851379438869884,2024-06-28,0.0
87,A,8,35.97654293344928,2024-01-26,287.81234346759425
43,B,3,12.504049194747545,2024-04-09,37.51214758424263
385,C,3,12.035755550159053,2024-04-20,36.10726665047716
621,B,4,7.195088595350872,2024-09-26,28.780354381403487
435,A,2,23.53238902344274,2024-02-20,47.06477804688548
408,B,2,41.39708346905016,2024-01-15,82.79416693810032
483,A,3,27.06331751595097,2024-05-07,81.18995254785291
664,B,1,21.48447675702121,2024-05-19,21.48447675702121
17,A,3,9.915613888943739,2024-08-29,29.746841666831216
645,B,5,7.328898909076468,2024-02-15,36.644494545382344
148,A,4,22.963061454062327,2024-08-21,91.85224581624931
277,D,8,9.49664210826796,2024-03-12,75.97313686614368
232,B,4,9.659667773209225,2024-04-04,38.6386710928369
826,B,3,22.79067912367908,2024-10-11,68.37203737103724
927,C,1,27.627955542622225,2024-05-11,27.627955542622225
366,C,2,13.400729913853178,2024-10-07,26.801459827706356
228,A,5,35.80860588171966,2024-02-01,179.04302940859827
651,B,2,23.84114003072649,2024-12-21,47.68228006145298
436,A,6,9.136514198242223,2024-02-06,54.81908518945333
399,D,3,33.66653560532218,2024-05-05,100.99960681596654
211,C,5,21.062516841281248,2024-05-17,105.31258420640624
391,A,2,7.35446646843198,2024-04-09,14.70893293686396
499,A,2,47.65917108502365,2024-08-29,95.3183421700473
540,C,5,30.703863069755133,2024-09-01,153.51931534877568
563,B,5,26.49741660637868,2024-01-27,132.4870830318934
491,A,4,43.66118276842256,2024-07-27,174.64473107369025
442,C,4,47.153319319117614,2024-04-08,188.61327727647046
261,B,0,14.914484067479512,2024-05-16,0.0
773,D,3,41.45650257537622,2024-07-05,124.36950772612866
350,C,4,42.39859670484193,2024-02-05,169.5943868193677
352,A,4,7.448125760491955,2024-04-27,29.79250304196782
520,D,4,37.03748518302227,2024-06-06,148.14994073208908
320,B,4,7.833554680980965,2024-10-01,31.33421872392386
138,B,0,31.760296087545534,2024-06-17,0.0
550,C,6,35.11565497124033,2024-02-24,210.693929827442
623,C,4,21.51764097579364,2024-03-24,86.07056390317456
992,C,1,44.63543734959461,2024-01-06,44.63543734959461
368,B,2,41.023026813536255,2024-12-28,82.04605362707251
220,D,2,46.66818711296283,2024-12-09,93.33637422592567
337,B,1,19.17002869839418,2024-09-12,19.17002869839418
223,A,3,5.96875100278149,2024-07-16,17.90625300834447
648,B,5,41.51575701488984,2024-05-31,207.57878507444923
768,A,3,15.033981019839834,2024-11-13,45.1019430595195
360,D,5,26.022021825517502,2024-06-18,130.11010912758752
921,C,0,41.779452733881385,2024-09-04,0.0
329,C,6,14.726083040388083,2024-09-05,88.3564982423285
962,B,2,19.035894325384568,2024-05-29,38.071788650769136
463,C,4,24.758599385200508,2024-07-28,99.03439754080203
946,D,3,17.232118257444846,2024-08-15,51.69635477233454
963,C,1,25.759464035127287,2024-08-31,25.759464035127287
561,B,2,5.431849002253701,2024-05-20,10.863698004507402
804,D,4,14.548458773809728,2024-04-29,58.19383509523891
382,A,4,42.4649011848339,2024-10-19,169.8596047393356
836,B,4,23.606688133085033,2024-06-28,94.42675253234013
590,A,7,33.63825954838728,2024-05-04,235.46781683871097
617,D,6,15.452956743599408,2024-08-29,92.71774046159645
169,B,1,34.24453990018997,2024-07-30,34.24453990018997
217,B,6,49.99882404408156,2024-01-17,299.9929442644893
378,D,2,31.787943772856224,2024-01-16,63.57588754571245
119,C,4,33.27613531888589,2024-12-06,133.10454127554357
190,B,6,10.018392100789887,2024-09-13,60.11035260473932
767,B,2,23.152166224969307,2024-10-12,46.30433244993861
370,A,1,43.732620431730034,2024-10-06,43.732620431730034
778,C,4,42.54223881462495,2024-02-15,170.1689552584998
149,A,3,28.507959966259484,2024-09-14,85.52387989877846
676,A,2,45.65543673819976,2024-05-22,91.31087347639952
652,C,2,11.43216581925731,2024-10-11,22.86433163851462
859,C,6,34.61852320976863,2024-12-20,207.7111392586118
488,D,3,16.199760942598793,2024-11-13,48.59928282779638
770,C,4,34.05026322973565,2024-01-13,136.2010529189426
374,B,3,8.93298600973381,2024-11-16,26.79895802920143
781,C,4,47.462409279722245,2024-02-14,189.84963711888898
693,D,5,40.384941781572174,2024-02-16,201.92470890786086
160,D,2,14.043270420315086,2024-01-16,28.08654084063017
351,D,3,33.67744558574168,2024-04-16,101.03233675722504
912,C,2,39.1615538241862,2024-01-03,78.3231076483724
288,C,3,14.42506198232124,2024-04-13,43.275185946963724
288,A,3,9.19986384712897,2024-04-04,27.59959154138691
892,A,3,20.83008947430649,2024-05-12,62.49026842291947
226,B,100,11.10894535378544,2024-12-13,22.21789070757088
523,A,4,30.45702672969032,2024-09-27,121.82810691876128
522,B,2,24.085170930803677,2024-07-19,48.170341861607355
783,D,5,25.809095214540744,2024-09-10,129.0454760727037
273,A,3,29.428856480354334,2024-07-01,88.286569441063
936,C,1,49.19234656741707,2024-05-29,49.19234656741707
402,A,3,40.6686049880499,2024-02-06,122.00581496414969
183,B,1,33.326217274228284,2024-11-21,33.326217274228284
969,A,3,21.366752651570128,2024-05-18,64.10025795471039
665,D,2,6.21812089116343,2024-04-09,12.43624178232686
488,C,2,10.243742482343828,2024-08-23,20.487484964687656
827,B,4,37.88902627427227,2024-03-24,151.55610509708907
846,C,0,21.614176770886527,2024-12-12,0.0
124,C,1,20.049684612919016,2024-02-02,20.049684612919016
985,B,6,45.004026136588216,2024-04-30,270.0241568195293
626,C,3,26.8029000731197,2024-01-30,80.4087002193591
790,C,2,45.48096758358994,2024-02-03,90.96193516717987
414,A,3,44.89873296809898,2024-05-12,134.69619890429695
980,C,2,8.608158127154951,2024-07-26,17.216316254309902
725,C,4,47.5413340295091,2024-05-19,190.1653361180364
172,C,0,8.462969762340084,2024-03-16,0.0
288,C,1,48.35777518612457,2024-03-15,48.35777518612457
435,B,5,25.367671291972563,2024-11-03,126.83835645986281
686,D,2,39.23873040895593,2024-11-02,78.47746081791186
113,A,6,36.7764965235434,2024-02-27,220.6589791412604
888,C,4,28.332273844603783,2024-04-07,113.32909537841513
917,C,3,32.875466847603946,2024-05-04,98.62640054281184
995,B,4,47.74631816746376,2024-12-14,190.98527266985505
122,D,1,46.730817079845814,2024-05-13,46.730817079845814
544,C,6,34.44467226165891,2024-08-13,206.66803356995345
222,B,5,34.59734055205364,2024-07-18,172.9867027602682
631,A,5,16.11224120263271,2024-02-06,80.56120601316354
39,A,4,42.28805726231557,2024-05-17,169.15222904926227
497,C,2,33.46714998509346,2024-07-26,66.93429997018691
780,C,6,42.18119563992936,2024-07-12,253.08717383957617
233,D,4,34.60335846295895,2024-02-25,138.4134338518358
943,D,2,18.469401171422675,2024-12-04,36.93880234284535
530,C,6,13.526663122886596,2024-11-22,81.15997873731958
149,B,2,8.463462990041995,2024-11-17,16.92692598008399
397,D,4,31.36977195170571,2024-10-27,125.47908780682285
661,C,5,17.782311087893078,2024-03-27,88.91155543946539
638,D,1,33.37292815658664,2024-04-04,33.37292815658664
904,C,2,7.6395400197697185,2024-07-14,15.279080039539437
302,A,0,21.90483792525322,2024-07-10,0.0
360,C,4,16.724894691639903,2024-05-23,66.89957876655961
238,A,0,21.665033510050087,2024-01-10,0.0
647,D,2,7.442754339046418,2024-08-28,14.885508678092837
663,C,1,37.58816384750509,2024-05-28,37.58816384750509
236,D,4,10.251379991433797,2024-05-19,41.00551996573519
736,A,0,5.648118185666896,2024-01-13,0.0
203,C,3,47.58300956252001,2024-09-10,142.74902868756004
256,D,1,13.679437206427245,2024-03-21,13.679437206427245
598,A,1,42.262758430045736,2024-07-28,42.262758430045736
662,D,2,48.40117698907059,2024-08-07,96.80235397814118
235,B,1,29.035453980594287,2024-02-28,29.035453980594287
345,A,1,28.67531720213959,2024-05-07,28.67531720213959
534,A,3,21.533776024253434,2024-10-31,64.60132807276031
860,A,3,24.15176891489277,2024-09-18,72.45530674467831
797,C,7,26.693392862900307,2024-09-24,186.85375004030215
781,C,2,11.844248167428315,2024-01-29,23.68849633485663
466,C,5,21.41315257731616,2024-11-28,107.06576288658081
770,B,3,41.724879917425035,2024-10-08,125.17463975227511
541,B,1,13.207915381166261,2024-03-08,13.207915381166261
213,A,1,37.84339611293519,2024-07-25,37.84339611293519
463,B,1,34.32139701206858,2024-09-28,34.32139701206858
436,D,3,7.5783998877196606,2024-11-04,22.73519966315898
283,A,4,6.009299079695619,2024-06-23,24.037196318782478
562,A,5,20.863780816025706,2024-08-05,104.31890408012853
607,D,1,36.14766247093285,2024-06-08,36.14766247093285
463,A,5,19.868806731229768,2024-11-21,99.34403365614884
407,B,4,35.04799852702222,2024-08-31,140.1919941080889
88,C,3,34.94561643625917,2024-09-09,104.83684930877752
44,D,4,41.29495801809209,2024-07-07,165.17983207236836
461,B,3,9.476852661673014,2024-09-17,28.430557985019043
278,D,3,30.970800103435867,2024-05-09,92.9124003103076
683,D,6,7.812370380799152,2024-01-03,46.87422228479491
421,A,2,12.917621312300202,2024-12-16,25.835242624600404
701,A,4,19.647540628526414,2024-02-12,78.59016251410566
353,B,6,36.83251581932596,2024-05-12,220.99509491595578
696,D,5,48.82450887518367,2024-06-26,244.12254437591832
515,A,1,20.413436647365977,2024-09-22,20.413436647365977
703,A,4,28.451501843120788,2024-01-24,113.80600737248315
630,D,4,16.65750179400959,2024-01-22,66.63000717603836
19,B,1,35.39703292743266,2024-12-10,35.39703292743266
23,B,2,21.49636405777009,2024-01-03,42.99272811554018
413,D,1,26.67182780472249,2024-06-06,26.67182780472249
30,B,1,30.551579413278294,2024-01-04,30.551579413278294
807,A,0,35.880904845827445,2024-04-16,0.0
108,D,2,7.7023247580388965,2024-10-22,15.404649516077793
367,A,3,29.970549220396716,2024-09-28,89.91164766119014
281,C,1,24.40238440164962,2024-08-19,24.40238440164962
128,C,5,11.01942889158502,2024-12-26,55.097144457925104
229,B,4,14.361650074911276,2024-08-25,57.446600299645105
111,C,2,44.775054099506185,2024-03-12,89.55010819901237
136,A,4,44.229920409510655,2024-03-28,176.91968163804262
362,C,4,6.499861449065369,2024-01-16,25.999445796261476
186,A,5,36.023067105631355,2024-03-31,180.11533552815678
656,B,4,29.938429091180936,2024-01-20,119.75371636472374
584,B,3,47.29171294162619,2024-07-30,141.87513882487855
129,A,2,45.86025699600871,2024-03-24,91.72051399201742
876,C,3,31.08028607835629,2024-12-04,93.24085823506887
261,B,2,11.252971459332663,2024-05-05,22.505942918665326
515,D,3,25.691676065118507,2024-02-20,77.07502819535551
449,B,2,37.63239651180526,2024-01-18,75.26479302361052
900,C,3,47.82814857904421,2024-12-02,143.48444573713263
104,D,2,21.372323258866217,2024-12-18,42.744646517732434
483,C,3,40.310216417909835,2024-04-26,120.93064925372951
224,A,4,35.750333897677564,2024-05-03,143.00133559071026
832,D,2,8.523174971401795,2024-01-28,17.04634994280359
874,C,3,30.108958262882958,2024-12-10,90.32687478864887
866,D,0,13.257897509272363,2024-05-20,0.0
491,C,2,35.75971814799941,2024-01-06,71.51943629599882
473,D,4,32.45381811232876,2024-06-05,129.81527244931505
10,C,5,48.78716412352249,2024-04-15,243.93582061761242
405,A,3,47.09221993061643,2024-04-28,141.27665979184928
896,D,4,5.421777511949654,2024-05-16,21.687110047798615
302,D,2,8.601324357726483,2024-01-29,17.202648715452966
231,D,4,39.611044014330254,2024-06-14,158.44417605732102
731,D,2,35.853938283923455,2024-03-05,71.70787656784691
923,A,2,41.042551933260114,2024-02-25,82.08510386652023
66,D,2,17.006671520074562,2024-10-12,34.013343040149124
937,B,2,43.219524594311444,2024-04-05,86.43904918862289
112,A,3,24.908876239466117,2024-08-02,74.72662871839836
13,B,2,16.785881810349878,2024-08-18,33.571763620699755
393,D,3,5.477348641320156,2024-02-27,16.43204592396047
500,C,0,44.21138156688172,2024-07-02,0.0
932,B,6,29.09047321580776,2024-10-08,174.54283929484654
598,D,6,48.89219376883967,2024-09-27,293.353162613038
234,B,0,37.16066253052668,2024-07-27,0.0
602,D,4,8.618771457040037,2024-06-11,34.47508582816015
314,D,3,31.46860338809641,2024-03-29,94.40581016428922
566,D,5,5.7706042920506375,2024-09-27,28.85302146025319
12,C,1,30.100183439581947,2024-04-06,30.100183439581947
209,B,1,20.759074839458634,2024-03-15,20.759074839458634
974,A,4,33.948312562344455,2024-03-28,135.79325024937782
14,A,6,29.370839281082183,2024-01-06,176.2250356864931
633,A,2,16.760764553651978,2024-06-04,33.521529107303955
418,A,3,12.30577740976208,2024-03-03,36.91733222928624
437,D,1,23.21201688537873,2024-01-29,23.21201688537873
377,B,4,49.40763416823221,2024-10-30,197.63053667292883
20,B,3,24.606438824717223,2024-07-09,73.81931647415166
587,C,4,38.69542120200312,2024-07-22,154.78168480801247
912,B,1,7.563808652241683,2024-10-04,7.563808652241683
755,B,4,22.04895939878316,2024-01-27,88.19583759513264
735,B,3,31.114536673955172,2024-03-25,93.34361002186552
70,C,4,38.803843099781695,2024-11-30,155.21537239912678
824,A,2,28.7772645792677,2024-07-28,57.5545291585354
211,B,2,28.18829956103516,2024-05-17,56.37659912207032
101,C,1,39.37581106687261,2024-10-04,39.37581106687261
698,C,1,19.097947279350514,2024-06-20,19.097947279350514
132,D,2,9.077473439212664,2024-12-05,18.154946878425328
623,C,2,20.621771195783257,2024-12-04,41.243542391566514
381,A,2,12.15483059522456,2024-06-04,24.30966119044912
132,B,5,48.4674891860045,2024-08-16,242.3374459300225
20,C,2,30.988019636451124,2024-11-01,61.97603927290225
906,A,4,25.09701940974284,2024-06-27,100.38807763897135
536,C,4,46.042334517045525,2024-09-03,184.1693380681821
227,C,1,45.51626243151965,2024-06-10,45.51626243151965
154,C,3,23.706377558339433,2024-06-11,71.1191326750183
805,C,2,44.36273130124146,2024-08-05,88.72546260248292
742,C,6,7.8811669914355535,2024-11-12,47.28700194861332
469,A,2,44.85736153996461,2024-10-12,89.71472307992921
822,B,3,18.976258784994428,2024-03-16,56.928776354983285
871,B,2,30.430502795327957,2024-07-22,60.861005590655914
405,B,3,17.135986247257595,2024-08-03,51.40795874177279
202,B,3,49.31598007262028,2024-08-10,147.94794021786083
38,A,1,8.23009925013261,2024-07-11,8.23009925013261
942,D,5,25.112987905129298,2024-10-19,125.5649395256465
772,D,5,32.94446696751026,2024-07-10,164.7223348375513
188,A,1,32.70255135517807,2024-09-25,32.70255135517807
57,A,0,38.244127539417974,2024-10-27,0.0
941,C,3,37.59868968449194,2024-09-16,112.7960690534758
20,C,4,40.69142173401366,2024-07-10,162.76568693605464
273,C,5,15.542933427036123,2024-09-27,77.71466713518062
119,B,2,21.672792203085255,2024-04-13,43.34558440617051
583,C,3,22.19149021911227,2024-07-22,66.57447065733682
516,D,1,48.01278474095639,2024-07-02,48.01278474095639
221,B,5,23.41903356883437,2024-08-04,117.09516784417184
526,C,1,14.984114481710462,2024-03-31,14.984114481710462
515,B,1,33.45549918762878,2024-07-16,33.45549918762878
728,D,4,24.227011167135274,2024-02-08,96.9080446685411
741,C,4,16.25360284020867,2024-07-15,65.01441136083469
336,D,1,37.18109635061905,2024-03-19,37.18109635061905
698,D,3,13.63663789914778,2024-08-04,40.90991369744334
55,D,3,33.50093182967068,2024-11-11,100.50279548901203
500,C,10,24.37388193816847,2024-04-03,243.7388193816847
900,A,2,19.362522394880248,2024-06-20,38.725044789760496
888,C,2,47.56920203692855,2024-02-12,95.1384040738571
766,D,2,19.598337851665093,2024-05-11,39.196675703330186
536,C,3,20.63783183674857,2024-03-17,61.91349551024571
162,D,2,44.1787263859927,2024-08-19,88.3574527719854
670,A,1,10.806951329397195,2024-02-08,10.806951329397195
594,B,5,9.863093734072748,2024-02-23,49.31546867036374
915,A,2,17.72185028380261,2024-05-30,35.44370056760522
159,A,5,31.62361654735069,2024-07-06,158.11808273675345
188,B,1,22.29350720495621,2024-11-05,22.29350720495621
60,C,4,32.38495163760538,2024-07-04,129.53980655042153
915,B,7,12.18877839699956,2024-11-13,85.32144877899691
817,C,3,16.765288194530616,2024-05-14,50.29586458359185
319,C,3,30.432305021561223,2024-06-21,91.29691506468367
878,D,1,14.771714101642957,2024-09-25,14.771714101642957
211,D,4,24.026208372070023,2024-04-24,96.1048334882801
406,B,7,30.769154464626034,2024-08-08,215.38408125238223
664,A,2,48.81429060264115,2024-02-08,97.6285812052823
109,B,10,8.594899604491694,2024-12-05,85.94899604491694
76,C,2,25.71862903569072,2024-08-29,51.43725807138144
542,D,5,22.832193233395888,2024-08-08,114.16096616697943
314,B,0,42.09085622530301,2024-05-25,0.0
998,B,6,45.51337035627954,2024-06-12,273.0802221376772
117,D,4,45.815592583911425,2024-12-26,183.2623703356457
927,D,3,21.88126908687172,2024-11-23,65.64380726061515
868,D,2,18.70948161029669,2024-09-15,37.41896322059338
704,C,2,25.21117627047881,2024-07-08,50.42235254095762
19,D,3,20.479383768731136,2024-11-24,61.438151306193404
432,A,4,37.34829412556871,2024-09-20,149.39317650227483
685,B,3,14.610697188331214,2024-08-09,43.83209156499364
740,D,1,34.64078378332466,2024-11-27,34.64078378332466
350,D,2,46.714438989702536,2024-06-22,93.42887797940507
183,C,6,17.596110636324944,2024-04-01,105.57666381794967
113,C,5,35.46007774649709,2024-04-15,177.30038873248546
183,B,2,11.460250470082023,2024-09-01,22.920500940164047
481,A,3,10.46227739437666,2024-10-31,31.38683218312998
146,B,2,10.20400151291897,2024-02-12,20.40800302583794
831,D,2,11.2337676430407,2024-09-14,22.4675352860814
628,A,3,14.727419163924889,2024-11-16,44.18225749177466
113,A,3,30.327372302080743,2024-03-26,90.98211690624223
763,A,4,39.51435418769918,2024-04-06,158.05741675079673
476,A,5,10.70856606699121,2024-09-22,53.54283033495605
763,B,1,44.15067232658261,2024-03-03,44.15067232658261
303,C,2,42.92223279936017,2024-04-12,85.84446559872033
971,C,2,37.73246119263012,2024-09-10,75.46492238526024
825,D,0,24.168460975766287,2024-11-12,0.0
118,C,3,5.070075567148662,2024-01-01,15.210226701445986
813,C,5,38.064422358513355,2024-06-02,190.32211179256677
161,C,7,44.55437651043977,2024-09-17,311.8806355730784
401,C,1,20.087886927733788,2024-02-04,20.087886927733788
198,D,3,37.309440254950346,2024-01-27,111.92832076485104
260,B,3,7.792142646257677,2024-12-15,23.37642793877303
660,A,4,36.92726921622392,2024-11-01,147.70907686489568
752,C,4,8.073883438200188,2024-08-11,32.29553375280075
47,B,3,31.423385114990694,2024-07-05,94.27015534497208
987,C,3,31.889897865288216,2024-06-07,95.66969359586464
399,C,3,18.59704494907188,2024-03-09,55.79113484721564
710,A,0,8.56052271845292,2024-06-13,0.0
559,A,8,47.72006486205967,2024-09-14,381.7605188964774
78,A,3,29.10098318074759,2024-04-11,87.30294954224277
124,C,1,31.08911563057382,2024-07-11,31.08911563057382
75,C,4,32.67594000637132,2024-09-15,130.70376002548528
871,C,4,45.09715671167698,2024-10-24,180.38862684670792
137,A,3,7.711504004604091,2024-10-25,23.134512013812273
602,D,5,45.197949553363976,2024-01-21,225.98974776681987
400,B,4,15.785442887507335,2024-02-14,63.14177155002934
837,D,4,8.507761231835635,2024-10-02,34.03104492734254
505,C,2,34.57696334590992,2024-06-19,69.15392669181983
500,C,0,48.963903991550765,2024-06-26,0.0
573,D,3,7.575892983796815,2024-08-10,22.727678951390445
138,C,3,24.17548181168147,2024-10-25,72.52644543504441
50,B,2,28.840303640470356,2024-01-24,57.68060728094071
771,C,3,16.345353384657052,2024-12-03,49.03606015397116
973,B,4,49.22924671188356,2024-03-24,196.91698684753425
619,D,3,33.84334465717224,2024-02-29,101.53003397151672
625,D,4,42.99578027810201,2024-10-14,171.98312111240804
862,C,3,23.709995688727112,2024-05-01,71.12998706618134
254,B,1,20.928014921516798,2024-01-05,20.928014921516798
630,C,1,29.89210526964915,2024-06-02,29.89210526964915
710,A,5,24.587529918198786,2024-10-07,122.93764959099393
849,A,1,37.172662481155754,2024-12-07,37.172662481155754
877,A,3,16.96181405953076,2024-03-26,50.88544217859228
563,A,5,25.231596399157983,2024-03-15,126.15798199578991
757,C,2,45.28097362823269,2024-09-23,90.56194725646537
915,A,4,39.02485551544982,2024-07-09,156.0994220617993
426,B,3,12.563157425805247,2024-09-08,37.689472277415746
547,D,3,44.90891732262189,2024-03-08,134.72675196786565
302,D,4,31.505746570033462,2024-12-18,126.02298628013385
922,A,5,35.567923247261746,2024-05-25,177.83961623630873
581,A,3,18.241545463216973,2024-12-29,54.72463638965092
349,A,3,24.869491863604587,2024-05-01,74.60847559081375
832,C,2,41.306561550781296,2024-02-11,82.61312310156259
933,D,3,19.880429844343194,2024-11-11,59.64128953302958
980,A,3,12.427772697958698,2024-05-29,37.28331809387609
49,B,1,22.023721084256625,2024-03-02,22.023721084256625
917,A,5,8.114840033422464,2024-09-11,40.57420016711232
74,D,6,37.30354063182195,2024-05-10,223.8212437909317
704,A,1,11.648565894838901,2024-11-22,11.648565894838901
261,D,2,17.830665817738012,2024-01-20,35.661331635476024
356,A,7,44.648645249925146,2024-07-17,312.540516749476
582,B,4,29.322394608054697,2024-11-22,117.28957843221879
602,A,2,19.460229826841406,2024-08-08,38.92045965368281
260,B,6,29.64501005066986,2024-05-10,177.87006030401915
638,B,4,14.822494683435023,2024-06-19,59.28997873374009
743,A,4,6.132790836752457,2024-05-24,24.531163347009826
295,B,2,32.167961553371136,2024-12-05,64.33592310674227
931,C,3,37.135666975312816,2024-12-19,111.40700092593845
641,A,4,44.590179445069076,2024-06-29,178.3607177802763
792,A,5,39.73475124791256,2024-06-09,198.6737562395628
313,B,4,46.700496522298174,2024-02-29,186.8019860891927
612,B,3,49.36790639942916,2024-08-02,148.10371919828748
838,A,3,38.52209514856092,2024-03-08,115.56628544568277
809,C,1,44.05654853736503,2024-12-26,44.05654853736503
182,B,5,35.31791764526831,2024-07-10,176.58958822634156
686,B,1,12.692200604372111,2024-08-12,12.692200604372111
828,D,2,13.176609184502823,2024-07-15,26.353218369005646
364,C,0,9.961675534186842,2024-06-09,0.0
188,C,5,47.43386239970856,2024-09-05,237.1693119985428
569,A,1,35.27382640277211,2024-04-20,35.27382640277211
543,C,5,40.54593877094861,2024-02-28,202.72969385474306
596,A,4,19.90208015709639,2024-02-02,79.60832062838556
664,D,2,25.718976953454103,2024-02-10,51.437953906908206
985,C,1,6.790078932651176,2024-06-09,6.790078932651176
548,B,3,45.00533301957938,2024-01-29,135.01599905873815
725,D,4,43.385154323522364,2024-09-11,173.54061729408946
926,A,4,40.31651006889324,2024-07-03,161.26604027557295
408,D,2,7.623593045653617,2024-12-26,15.247186091307235
876,A,3,12.841238100984517,2024-08-11,38.52371430295355
618,D,5,20.037679598950763,2024-12-22,100.18839799475381
414,A,5,16.837820390375228,2024-08-08,84.18910195187614
342,C,1,42.73069273389809,2024-11-15,42.73069273389809
220,B,2,13.767609119027897,2024-03-26,27.535218238055794
903,A,5,28.945600940253854,2024-03-06,144.72800470126927
163,D,3,30.712149401869052,2024-04-23,92.13644820560715
951,A,1,24.125533122314177,2024-09-21,24.125533122314177
220,A,3,15.830956927870664,2024-10-11,47.49287078361199
270,A,4,48.213243089650916,2024-04-06,192.85297235860367
632,D,3,23.60296590210601,2024-11-25,70.80889770631804
906,B,2,37.728949799149916,2024-05-03,75.45789959829983
848,C,2,13.2820919445303,2024-06-04,26.5641838890606
400,B,2,42.02650258413027,2024-04-19,84.05300516826054
182,A,2,14.715132045515004,2024-02-22,29.430264091030008
991,D,4,35.38879806078618,2024-06-22,141.55519224314472
618,B,3,27.792320066263482,2024-06-15,83.37696019879044
729,A,4,11.595071344164191,2024-03-16,46.380285376656765
205,C,1,6.122713827023477,2024-11-09,6.122713827023477
582,C,4,46.88367194218126,2024-08-01,187.53468776872504
556,C,1,10.656073110404293,2024-06-30,10.656073110404293
841,A,4,36.72281429091117,2024-02-14,146.89125716364467
813,D,1,34.370823152614285,2024-05-30,34.370823152614285
228,B,2,20.377401910183693,2024-04-26,40.754803820367385
696,C,7,13.342230479962783,2024-05-01,93.39561335973949
619,A,2,13.024771225493666,2024-06-18,26.04954245098733
596,A,4,31.339753387260757,2024-06-14,125.35901354904303
850,B,3,29.611458258082045,2024-11-25,88.83437477424613
250,C,2,44.41707591576044,2024-05-28,88.83415183152088
875,A,2,33.80013852853713,2024-03-14,67.60027705707427
441,B,2,41.86737392362361,2024-05-28,83.73474784724722
533,D,3,6.458587810367395,2024-01-25,19.375763431102186
196,D,3,35.19469161628678,2024-03-01,105.58407484886035
690,D,1,15.516888729332944,2024-12-19,15.516888729332944
929,C,4,16.377753198456958,2024-02-23,65.51101279382783
987,B,4,37.425943809020346,2024-08-10,149.70377523608138
519,B,4,40.70448314712234,2024-08-06,162.81793258848936
70,A,3,21.72809638123487,2024-11-11,65.1842891437046
639,A,1,40.55345675907378,2024-06-18,40.55345675907378
399,A,7,24.968510390856004,2024-07-07,174.77957273599202
978,B,2,43.594040676667134,2024-02-01,87.18808135333427
672,A,3,6.1206697480366685,2024-02-22,18.362009244110006
760,B,2,8.757278186668279,2024-05-18,17.514556373336557
203,B,3,39.93583132704567,2024-02-16,119.80749398113701
148,D,2,33.084033252364954,2024-03-30,66.16806650472991
472,A,5,30.155911413598325,2024-11-11,150.77955706799162
655,D,1,32.6290463302358,2024-02-05,32.6290463302358
944,C,3,46.85857823399678,2024-08-12,140.57573470199034
199,C,2,34.499166414712974,2024-02-11,68.99833282942595
917,C,3,34.13642524969262,2024-08-15,102.40927574907786
426,B,1,39.17618958678025,2024-09-25,39.17618958678025
666,B,2,43.9979317537922,2024-07-04,87.9958635075844
492,B,2,16.786061520725973,2024-12-22,33.572123041451945
888,A,3,32.75369866549868,2024-08-22,98.26109599649604
896,D,3,31.278873359861386,2024-05-01,93.83662007958415
142,B,2,11.068226667425414,2024-11-16,22.136453334850827
313,D,3,28.41426382598204,2024-04-26,85.24279147794613
165,D,2,8.129773163320941,2024-12-22,16.259546326641882
314,D,1,13.323181433105283,2024-02-08,13.323181433105283
21,A,4,46.08333868631812,2024-06-10,184.3333547452725
82,A,3,10.365943169405456,2024-04-18,31.09782950821637
581,C,1,31.05123349310575,2024-01-14,31.05123349310575
131,C,6,19.556631319688314,2024-06-14,117.33978791812989
599,D,0,29.989098082697563,2024-12-27,0.0
730,C,3,15.57380941035814,2024-11-26,46.72142823107442
933,D,3,24.997075460494706,2024-11-30,74.99122638148413
984,A,4,44.030004491671725,2024-04-21,176.1200179666869
305,A,3,21.929764001871035,2024-08-21,65.7892920056131
915,A,5,20.886392210042104,2024-07-20,104.43196105021052
371,B,6,25.075313567134938,2024-11-18,150.45188140280962
857,D,3,9.522177990994187,2024-05-18,28.566533972982562
853,A,5,22.430616106462473,2024-09-23,112.15308053231237
384,D,2,5.310511278267451,2024-09-28,10.621022556534902
908,C,5,27.652871531702832,2024-06-14,138.26435765851417
445,C,3,43.157348561814324,2024-06-17,129.47204568544296
425,A,2,29.843289677643433,2024-09-13,59.68657935528687
161,D,3,32.34763301927087,2024-05-03,97.04289905781262
178,A,1,6.375351706689488,2024-02-07,6.375351706689488
629,C,0,43.678174105223384,2024-09-05,0.0
708,A,1,22.325159876011636,2024-08-24,22.325159876011636
895,D,5,48.8683706273018,2024-04-07,244.341853136509
490,C,1,10.4209416288617,2024-02-29,10.4209416288617
327,B,5,47.51023481533569,2024-01-19,237.55117407667848
598,C,2,33.54309078513454,2024-05-03,67.08618157026908
289,B,0,7.3553135130767355,2024-08-13,0.0
593,A,5,48.7264585026529,2024-04-09,243.63229251326453
664,A,1,5.624288066536885,2024-11-19,5.624288066536885
573,D,1,37.8815075910946,2024-01-17,37.8815075910946
573,B,3,45.028847677464256,2024-09-04,135.08654303239277
354,A,8,12.911519940357081,2024-03-20,103.29215952285665
28,B,0,20.45107358140138,2024-03-25,0.0
954,A,7,30.255320324248707,2024-12-13,211.78724226974094
43,C,5,35.59141786302334,2024-01-29,177.9570893151167
681,A,2,44.23441405075674,2024-05-13,88.46882810151348
423,D,2,39.24817118952377,2024-07-12,78.49634237904753
598,C,1,21.3499014718522,2024-04-28,21.3499014718522
177,D,2,41.97739153040008,2024-07-09,83.95478306080015
529,C,5,48.473452448915594,2024-06-01,242.36726224457797
610,B,2,15.214378155873622,2024-12-08,30.428756311747243
966,D,3,8.334301705449324,2024-09-28,25.00290511634797
494,A,4,24.197887937385318,2024-05-11,96.79155174954127
198,B,2,44.66286967808979,2024-12-28,89.32573935617958
610,A,0,11.763117719563763,2024-01-08,0.0
577,C,3,44.86091845469045,2024-05-13,134.58275536407135
842,C,4,49.6495860681275,2024-11-04,198.59834427251
853,A,1,7.430100389742036,2024-07-10,7.430100389742036
517,A,4,27.28653682349678,2024-03-31,109.14614729398711
514,B,3,19.79984726209626,2024-09-05,59.39954178628878
22,A,2,22.715593471908992,2024-09-08,45.431186943817984
112,D,5,25.323563855583885,2024-03-03,126.61781927791942
57,D,5,38.28667804030354,2024-08-03,191.4333902015177
66,A,1,31.608486642702935,2024-05-13,31.608486642702935
842,D,0,48.25404896975511,2024-04-16,0.0
98,A,3,19.974406965779032,2024-06-09,59.923220897337096
144,B,2,29.367683711723423,2024-09-14,58.735367423446846
880,D,6,41.59978389201637,2024-01-16,249.5987033520982
435,D,4,21.786278764715608,2024-12-23,87.14511505886243
637,A,3,25.93846402749093,2024-02-28,77.81539208247278
679,D,2,35.823854870835206,2024-01-09,71.64770974167041
86,C,2,43.73348983719379,2024-07-15,87.46697967438757
588,B,6,23.705666169072295,2024-04-26,142.23399701443378
344,B,1,28.937771246603305,2024-01-10,28.937771246603305
936,D,2,48.88050283808776,2024-12-15,97.76100567617551
294,D,5,6.911112287615181,2024-01-07,34.555561438075905
956,C,0,25.170292249679505,2024-12-14,0.0
571,C,4,33.61918330081402,2024-07-12,134.4767332032561
650,D,2,5.3792355902956315,2024-05-02,10.758471180591263
611,D,6,31.855392570488654,2024-03-03,191.13235542293194
704,C,0,7.528997959835404,2024-01-04,0.0
243,A,2,43.59012784916825,2024-10-10,87.1802556983365
831,C,2,41.318874297885465,2024-11-23,82.63774859577093
561,A,3,6.451481155936832,2024-09-06,19.354443467810494
960,B,3,7.196181105081925,2024-05-09,21.588543315245772
32,B,6,38.91262692027211,2024-03-15,233.47576152163265
391,C,3,21.629520166023966,2024-11-24,64.8885604980719
277,A,0,30.876160457224618,2024-12-23,0.0
532,C,3,17.164772139442277,2024-09-10,51.49431641832683
154,C,2,12.783599424684487,2024-11-18,25.567198849368975
383,A,3,18.32347028964027,2024-06-15,54.97041086892081
68,C,3,16.102116510079462,2024-07-19,48.306349530238386
878,B,3,25.173834720770046,2024-06-16,75.52150416231014
884,D,3,38.60042743794588,2024-10-10,115.80128231383765
214,D,2,29.935823356713048,2024-12-13,59.871646713426095
655,C,2,32.41302385728733,2024-12-03,64.82604771457466
376,A,1,26.153536840613793,2024-02-20,26.153536840613793
744,A,3,19.61301380912673,2024-02-25,58.839041427380195
213,B,3,11.457897141221956,2024-03-13,34.37369142366587
79,A,0,20.955445660130042,2024-10-08,0.0
726,A,3,34.933937729623935,2024-03-28,104.8018131888718
628,B,1,38.019984031571916,2024-02-21,38.019984031571916
604,C,3,26.113169475869608,2024-05-04,78.33950842760882
782,D,2,34.024877356237056,2024-09-18,68.04975471247411
923,B,4,14.474348684791352,2024-09-24,57.89739473916541
381,C,2,43.702984432578035,2024-03-03,87.40596886515607
680,B,7,43.96714028043911,2024-02-05,307.76998196307375
58,C,6,19.41475672726364,2024-01-09,116.48854036358185
796,B,6,29.647050768271722,2024-11-25,177.88230460963032
26,C,2,32.299791278684864,2024-11-18,64.59958255736973
881,B,2,26.2593517453088,2024-08-28,52.5187034906176
447,C,2,46.001396910100425,2024-10-11,92.00279382020085
66,B,0,38.28726260569319,2024-11-22,0.0
921,D,3,35.262972167392974,2024-03-30,105.78891650217892
760,D,3,28.404194969106825,2024-09-20,85.21258490732048
254,A,2,8.818129847243405,2024-10-25,17.63625969448681
899,C,4,9.851961992904346,2024-07-23,39.407847971617386
968,B,1,18.455398800980866,2024-10-17,18.455398800980866
44,C,3,14.518502076601104,2024-07-29,43.55550622980331
97,D,3,47.86389373585974,2024-10-04,143.59168120757923
554,C,5,23.441563339327942,2024-07-25,117.20781669663971
227,B,4,44.447244739643835,2024-11-17,177.78897895857534
774,C,4,41.81358576498042,2024-12-23,167.25434305992167
679,B,3,41.56566227316927,2024-04-03,124.69698681950783
436,D,2,14.706838631608319,2024-07-17,29.413677263216638
791,D,4,25.129481585036693,2024-12-16,100.51792634014677
601,D,5,19.30783962412128,2024-06-17,96.53919812060639
379,A,3,48.66849517275139,2024-10-23,146.00548551825418
178,D,2,44.453493558305155,2024-08-14,88.90698711661031
427,C,1,16.246564743789186,2024-01-04,16.246564743789186
915,A,2,19.10841623645727,2024-04-07,38.21683247291454
709,D,2,28.800915691002103,2024-07-11,57.60183138200421
307,C,0,17.53726033091222,2024-09-22,0.0
779,C,6,42.103848496411004,2024-12-15,252.62309097846602
504,C,2,41.865407505716504,2024-08-11,83.73081501143301
268,B,3,37.59531970231694,2024-03-07,112.78595910695083
586,A,3,36.01895921402194,2024-05-17,108.05687764206581
8,C,1,29.628567837272364,2024-11-24,29.628567837272364
920,B,1,20.620051569874278,2024-08-26,20.620051569874278
508,D,1,42.66223037479591,2024-11-04,42.66223037479591
476,C,1,43.64744770632976,2024-01-04,43.64744770632976
297,B,1,7.227926098887533,2024-11-19,7.227926098887533
164,C,7,22.937873626583567,2024-12-17,160.56511538608498
485,A,5,6.198241120260103,2024-04-11,30.991205601300514
597,A,3,42.77648276148356,2024-02-13,128.32944828445068
72,D,4,12.969196093491883,2024-04-28,51.87678437396753
567,C,1,35.324004416743975,2024-07-06,35.324004416743975
905,B,2,21.08191179624665,2024-08-18,42.1638235924933
559,D,3,41.722945395447425,2024-07-08,125.16883618634228
911,C,4,27.935910511419404,2024-04-19,111.74364204567762
944,D,0,19.598086600320055,2024-10-28,0.0
238,B,3,19.57418002628332,2024-10-05,58.72254007884996
104,D,3,19.711725908971005,2024-04-15,59.135177726913014
210,D,1,40.48606476136864,2024-06-13,40.48606476136864
554,D,2,37.00020194720031,2024-05-05,74.00040389440062
828,C,6,19.364634830593985,2024-12-11,116.18780898356391
468,B,1,27.059364002462136,2024-04-07,27.059364002462136
454,A,3,8.426902348819642,2024-11-26,25.280707046458925
268,C,4,42.23751207617404,2024-04-29,168.95004830469617
386,A,3,16.967966424968566,2024-12-06,50.9038992749057
775,A,4,45.01513138274136,2024-10-25,180.06052553096544
848,C,1,31.85585118558167,2024-12-09,31.85585118558167
387,C,1,30.551907299721908,2024-05-22,30.551907299721908
877,B,3,12.322343404139971,2024-07-13,36.967030212419914
259,B,5,8.12909118155074,2024-05-09,40.6454559077537
283,D,6,29.867746144182203,2024-04-13,179.2064768650932
626,A,2,26.05951054648508,2024-04-02,52.11902109297016
875,B,4,10.385736510976818,2024-10-23,41.54294604390727
40,D,2,42.6014475133184,2024-08-09,85.2028950266368
486,B,2,23.775805362907175,2024-07-18,47.55161072581435
929,C,1,16.720601017589914,2024-10-14,16.720601017589914
220,B,3,40.47224419158748,2024-12-27,121.41673257476243
129,A,8,46.08788705496217,2024-09-14,368.70309643969733
520,B,6,18.76832164350681,2024-01-10,112.60992986104085
613,A,2,39.917744843074125,2024-06-19,79.83548968614825
928,C,2,34.3633845653831,2024-04-10,68.7267691307662
892,A,1,49.53775026893413,2024-04-19,49.53775026893413
688,B,2,14.179671833505239,2024-09-03,28.359343667010478
619,D,2,48.23055475279045,2024-11-18,96.4611095055809
613,C,5,19.187242551945033,2024-08-31,95.93621275972517
260,B,2,23.53794341319375,2024-01-23,47.0758868263875
990,C,6,21.147161636549068,2024-12-19,126.8829698192944
966,C,2,17.080281368976912,2024-08-12,34.160562737953825
366,B,3,36.19501616436321,2024-12-18,108.58504849308963
758,B,5,31.511539432663007,2024-09-18,157.55769716331503
787,D,6,18.75613755614434,2024-09-25,112.53682533686603
544,C,2,10.949560543322434,2024-01-21,21.89912108664487
649,C,2,19.281903697994302,2024-11-09,38.563807395988604
524,B,3,22.155409025773242,2024-04-29,66.46622707731973
907,A,3,22.129404940448154,2024-04-29,66.38821482134446
814,B,2,21.076679019316572,2024-07-16,42.153358038633144
887,C,1,7.19251278004116,2024-05-15,7.19251278004116
16,B,2,25.881489855568265,2024-03-17,51.76297971113653
129,D,4,42.629364376038815,2024-12-19,170.51745750415526
575,A,1,13.116483133633333,2024-02-27,13.116483133633333
109,B,3,11.554580454235374,2024-03-26,34.66374136270612
887,D,6,26.233297486016504,2024-01-01,157.399784916099
533,C,5,21.677135546750517,2024-03-17,108.38567773375259
670,B,7,30.25762883210979,2024-01-10,211.80340182476854
269,C,6,47.61834393483451,2024-03-09,285.7100636090071
162,D,3,39.23988126497621,2024-05-27,117.71964379492863
260,C,4,35.9176168931584,2024-03-02,143.6704675726336
924,D,1,23.71716249771554,2024-01-13,23.71716249771554
102,D,2,17.931192637173567,2024-07-04,35.86238527434713
506,D,2,29.31188464831464,2024-06-13,58.62376929662928
735,B,7,44.844958744757704,2024-01-10,313.9147112133039
571,C,7,44.453412973011716,2024-09-15,311.173890811082
247,C,2,25.048172693714772,2024-06-10,50.096345387429544
640,A,5,16.079915895644145,2024-10-16,80.39957947822073
795,A,4,15.140500261289406,2024-07-14,60.56200104515762
837,A,5,6.529478754171896,2024-02-03,32.64739377085948
537,A,2,42.919891083317594,2024-06-08,85.83978216663519
131,C,2,16.91771152249796,2024-03-25,33.83542304499592
353,D,0,21.154961345277503,2024-02-27,0.0
196,D,3,41.4147263420329,2024-12-26,124.24417902609869
793,B,3,10.40108232978097,2024-09-21,31.203246989342908
916,D,3,25.755533546643477,2024-10-23,77.26660063993043
930,C,5,10.50536209645998,2024-01-25,52.526810482299894
666,C,4,24.883185628009606,2024-02-05,99.53274251203842
382,C,3,7.121280813292975,2024-09-20,21.363842439878923
645,B,3,28.29302717060548,2024-04-23,84.87908151181644
227,A,4,40.806937358212494,2024-04-14,163.22774943284998
701,D,4,35.43335036560177,2024-04-02,141.73340146240707
476,C,2,27.912605430983024,2024-03-29,55.82521086196605
477,C,3,42.29414204671199,2024-06-11,126.88242614013598
265,A,6,15.250458873163685,2024-02-07,91.50275323898211
372,C,3,42.38583282429254,2024-04-01,127.15749847287762
486,D,1,17.436356581467926,2024-04-28,17.436356581467926
434,B,3,21.31188535403428,2024-07-29,63.935656062102844
646,C,3,10.77935907472216,2024-06-08,32.33807722416648
211,D,2,9.57896403629985,2024-04-10,19.1579280725997
572,C,4,46.9450183453511,2024-06-27,187.7800733814044
940,A,3,13.549021123323982,2024-10-10,40.647063369971946
377,C,1,19.998326977787645,2024-12-20,19.998326977787645
395,C,1,28.811826452746992,2024-10-23,28.811826452746992
450,B,2,20.65402096714078,2024-01-23,41.30804193428156
943,A,4,44.15599775204506,2024-10-05,176.62399100818024
364,A,2,45.532164355104754,2024-02-01,91.06432871020951
876,B,4,19.669570582708428,2024-05-17,78.67828233083371
457,C,2,9.141246327502106,2024-03-21,18.282492655004212
725,D,5,14.457120530322968,2024-12-20,72.28560265161484
728,A,5,26.347681433077874,2024-11-14,131.73840716538936
226,A,1,17.981646900517752,2024-07-13,17.981646900517752
982,C,4,25.406250688919524,2024-10-18,101.6250027556781
131,C,1,39.14165748743927,2024-04-02,39.14165748743927
588,A,4,23.928729519905986,2024-02-15,95.71491807962394
476,C,5,13.864885529357238,2024-01-27,69.32442764678619
798,D,2,21.108543826321956,2024-06-10,42.21708765264391
986,A,2,38.43415481668399,2024-11-27,76.86830963336799
277,D,4,24.082795409620005,2024-04-10,96.33118163848002
156,D,4,16.229203383696735,2024-07-05,64.91681353478694
760,C,4,24.23352376432993,2024-07-12,96.93409505731972
218,D,1,25.466300945719688,2024-06-06,25.466300945719688
190,C,4,18.33697421496717,2024-01-09,73.34789685986868
417,B,3,49.80582901368675,2024-07-30,149.41748704106024
981,C,4,39.54317084998958,2024-11-07,158.17268339995832
675,D,3,36.16047441293419,2024-06-15,108.48142323880258
692,B,2,43.469014305656486,2024-12-08,86.93802861131297
546,C,4,34.98886380944507,2024-09-30,139.95545523778028
41,D,6,40.59411543748004,2024-10-24,243.56469262488025
307,A,4,23.563654003342535,2024-04-20,94.25461601337014
943,A,4,27.51672964591975,2024-11-24,110.066918583679
338,C,0,7.1148372486282225,2024-07-21,0.0
314,C,0,17.62908761339671,2024-09-04,0.0
75,A,5,21.56055841549922,2024-03-05,107.8027920774961
953,D,5,33.146160143869835,2024-07-21,165.7308007193492
279,D,3,25.889507815725654,2024-06-09,77.66852344717697
176,D,4,32.352721809048475,2024-05-12,129.4108872361939
896,C,4,37.09973005312468,2024-06-26,148.39892021249872
662,B,3,6.922340045045173,2024-07-11,20.767020135135517
273,B,1,16.62249861516265,2024-09-22,16.62249861516265
837,B,5,12.690674264512957,2024-02-29,63.453371322564784
620,B,1,13.435480362693706,2024-07-23,13.435480362693706
651,B,3,27.64064280343962,2024-06-03,82.92192841031886
862,C,3,38.299044942496636,2024-03-12,114.89713482748991
783,C,4,17.274966526641983,2024-06-04,69.09986610656793
859,B,6,42.10021571610705,2024-06-21,252.60129429664232
931,C,1,45.16054327438582,2024-11-03,45.16054327438582
289,C,2,20.774024240915857,2024-03-02,41.548048481831714
724,B,3,35.66104425294013,2024-07-23,106.98313275882039
893,D,1,10.267218233829865,2024-02-29,10.267218233829865
272,C,4,38.481272846861984,2024-03-26,153.92509138744794
930,D,2,12.426074396447845,2024-05-22,24.85214879289569
66,C,3,35.93371116969594,2024-12-16,107.80113350908782
483,C,3,23.985500155708298,2024-01-07,71.9565004671249
936,B,4,46.78053447283433,2024-10-21,187.12213789133733
248,C,2,25.900726182457877,2024-06-27,51.801452364915754
156,A,3,6.3906267860417625,2024-08-14,19.171880358125286
47,A,6,26.630106631065363,2024-01-07,159.7806397863922
935,B,1,40.79744347369969,2024-05-19,40.79744347369969
454,D,2,34.118794889908244,2024-01-14,68.23758977981649
201,D,4,48.48418384766033,2024-02-03,193.93673539064133
660,D,3,42.94726205291356,2024-08-27,128.84178615874066
124,A,2,28.69482483039033,2024-11-24,57.38964966078066
1,D,2,14.293425452242914,2024-11-15,28.58685090448583
968,D,2,5.169858341995538,2024-04-06,10.339716683991076
759,B,1,49.12260786506157,2024-09-24,49.12260786506157
855,D,3,47.22438642362015,2024-05-05,141.67315927086045
640,A,3,17.336479733383676,2024-02-03,52.00943920015103
191,A,5,33.719710380067724,2024-10-09,168.59855190033863
579,A,4,37.815780329876915,2024-01-18,151.26312131950766
516,B,2,31.010605746466773,2024-10-19,62.021211492933546
442,B,1,42.9332753677144,2024-03-08,42.9332753677144
921,C,3,8.50210917944062,2024-08-24,25.50632753832186
815,D,5,45.342231536759606,2024-03-20,226.71115768379804
806,B,6,22.640855502492144,2024-03-26,135.84513301495286
143,A,3,26.631050970865616,2024-02-29,79.89315291259685
191,A,5,25.013014268975244,2024-02-17,125.06507134487622
533,B,7,28.90788003362097,2024-06-27,202.35516023534677
227,B,1,31.917581234858908,2024-12-21,31.917581234858908
313,B,3,36.965454484063635,2024-03-24,110.89636345219091
629,C,5,28.622315258384184,2024-04-04,143.11157629192093
949,A,3,35.814796520400066,2024-11-03,107.4443895612002
302,C,2,20.223384961581527,2024-09-08,40.44676992316305
654,C,7,47.150639161609405,2024-11-28,330.0544741312658
996,D,2,7.903895890989612,2024-06-28,15.807791781979224
460,A,5,29.54932738524921,2024-03-24,147.74663692624605
401,A,3,8.93282792097716,2024-11-05,26.798483762931482
551,B,3,24.924516621661866,2024-05-29,74.7735498649856
393,B,4,16.591206094377345,2024-02-08,66.36482437750938
867,D,3,47.16065523121914,2024-10-05,141.4819656936574
764,C,4,5.5883923873674535,2024-10-30,22.353569549469814
845,B,6,22.604163401365568,2024-04-22,135.6249804081934
207,B,1,40.19192373681295,2024-05-06,40.19192373681295
210,A,3,13.48076356931596,2024-02-10,40.442290707947876
115,A,1,41.70146920998138,2024-06-06,41.70146920998138
737,B,2,43.68762895211707,2024-07-24,87.37525790423415
646,A,5,36.860134984059655,2024-02-16,184.30067492029826
251,D,6,14.408113209177685,2024-07-03,86.44867925506611
219,B,3,17.241739546170308,2024-03-12,51.725218638510924
407,A,1,12.512062791291289,2024-02-26,12.512062791291289
443,D,7,13.282868174062985,2024-08-26,92.9800772184409
603,A,4,6.642153341391889,2024-03-02,26.568613365567558
354,A,4,43.57917865392199,2024-12-07,174.31671461568797
888,A,0,28.78260293425261,2024-02-26,0.0
558,B,2,19.74916507491732,2024-08-30,39.49833014983464
550,C,3,18.030964822853363,2024-11-23,54.09289446856009
142,A,2,29.51133334014139,2024-05-03,59.02266668028278
612,D,3,19.700816980547707,2024-06-01,59.10245094164312
501,B,0,43.86730887546566,2024-09-11,0.0
840,B,3,14.493084576660985,2024-08-04,43.47925372998296
702,D,3,44.703580613578374,2024-08-19,134.11074184073513
547,A,5,34.88416038515431,2024-01-17,174.42080192577154
659,C,2,48.04831492047366,2024-03-20,96.09662984094732
542,A,0,5.679825873606204,2024-06-24,0.0
846,D,1,7.6593004570020415,2024-02-08,7.6593004570020415
507,B,3,27.540256727145795,2024-05-22,82.6207701814374
596,C,2,46.05704735144217,2024-01-17,92.11409470288434
881,B,5,37.88577281885653,2024-09-05,189.42886409428266
281,D,3,32.99611696337,2024-02-04,98.98835089011
424,A,3,6.422097004708269,2024-10-15,19.266291014124807
856,C,5,20.93737047856742,2024-05-25,104.6868523928371
270,B,2,20.563380180628577,2024-08-02,41.126760361257155
154,B,2,29.393855701695756,2024-06-13,58.78771140339151
614,B,2,16.60225007060428,2024-04-20,33.20450014120856
727,A,2,17.022007182999204,2024-05-14,34.04401436599841
662,C,3,32.93873600345417,2024-03-14,98.8162080103625
944,A,2,47.505539449137046,2024-06-04,95.01107889827409
83,A,5,34.708059663651284,2024-08-02,173.54029831825642
622,A,4,35.06585557914658,2024-12-19,140.26342231658631
947,D,1,49.3796666024652,2024-09-30,49.3796666024652
899,D,3,11.906517518140555,2024-10-05,35.71955255442167
426,D,3,6.522564839016218,2024-05-27,19.567694517048654
275,C,3,38.54812778358342,2024-01-31,115.64438335075025
713,A,1,24.745434493544245,2024-01-14,24.745434493544245
284,A,3,24.29705096384028,2024-01-23,72.89115289152085
980,D,2,15.138651936336455,2024-01-02,30.27730387267291
173,A,6,27.808836823356735,2024-06-26,166.85302094014042
327,A,4,24.897755467619294,2024-11-24,99.59102187047718
718,B,3,20.54525035308479,2024-02-28,61.63575105925437
63,A,1,24.92353217022885,2024-10-15,24.92353217022885
73,B,5,22.272564682530042,2024-06-24,111.36282341265022
763,A,5,47.29533611402915,2024-06-20,236.47668057014573
636,C,6,49.111324586412586,2024-03-23,294.6679475184755
375,D,5,42.79554196302893,2024-08-10,213.97770981514466
633,B,5,49.568634095545626,2024-02-04,247.84317047772814
508,D,2,16.9573743063131,2024-10-23,33.9147486126262
787,B,4,42.93162994635228,2024-04-19,171.72651978540912
943,B,4,23.298305535617946,2024-08-22,93.19322214247178
398,B,2,38.576137899998905,2024-02-08,77.15227579999781
120,C,3,14.062668828371296,2024-08-06,42.18800648511389
934,A,5,41.53802403835883,2024-08-04,207.69012019179414
437,B,0,8.755899177061378,2024-07-12,0.0
829,C,3,17.175096802238166,2024-06-11,51.5252904067145
676,B,1,41.987867758122,2024-04-25,41.987867758122
936,A,3,38.62216498198332,2024-11-23,115.86649494594995
465,B,1,27.556103974608014,2024-06-09,27.556103974608014
286,C,2,35.2756748430594,2024-03-29,70.5513496861188
265,A,4,13.350831102316834,2024-05-20,53.403324409267334
320,C,3,35.0493630055826,2024-11-07,105.1480890167478
673,A,3,5.358927530367164,2024-06-22,16.07678259110149
376,A,2,42.49471403216778,2024-07-19,84.98942806433556
820,D,2,28.23294235995246,2024-12-20,56.46588471990492
89,D,4,47.47453032243118,2024-10-28,189.8981212897247
654,D,1,26.517392029525183,2024-12-21,26.517392029525183
203,A,4,24.48892770468535,2024-04-22,97.9557108187414
821,B,2,25.25237655790163,2024-06-22,50.50475311580326
739,C,2,21.187787912388323,2024-03-14,42.37557582477665
955,C,3,12.500378772919428,2024-11-20,37.501136318758284
334,C,2,42.892822712547755,2024-10-13,85.78564542509551
222,D,4,22.508843349123268,2024-05-04,90.03537339649307
41,A,0,28.809879268498634,2024-01-24,0.0
708,D,1,5.89491124085464,2024-02-01,5.89491124085464
68,B,5,7.711424272129959,2024-09-10,38.557121360649795
988,A,3,31.873245326503003,2024-04-22,95.61973597950902
776,C,3,44.5652637131124,2024-07-13,133.6957911393372
514,D,1,27.202812261173353,2024-01-16,27.202812261173353
873,D,1,12.42385612722785,2024-07-30,12.42385612722785
637,B,4,10.2257291464686,2024-04-17,40.9029165858744
622,B,4,45.49046006268158,2024-01-24,181.9618402507263
598,D,6,36.573703430686564,2024-10-16,219.44222058411938
937,B,1,48.478799953015574,2024-11-03,48.478799953015574
632,C,2,8.705687960475483,2024-10-30,17.411375920950967
127,B,8,45.617578476053595,2024-12-08,364.94062780842876
255,B,2,43.05345406370672,2024-04-28,86.10690812741343
695,D,4,45.19333323158692,2024-06-29,180.77333292634768
16,D,5,5.259333047321279,2024-02-07,26.296665236606394
477,A,3,38.38565662372376,2024-08-20,115.15696987117128
62,A,4,29.702215137273754,2024-03-09,118.80886054909502
881,D,2,30.793074519128886,2024-03-22,61.58614903825777
432,B,1,26.114089430874003,2024-04-27,26.114089430874003
670,B,2,38.42046129866987,2024-11-04,76.84092259733974
268,A,1,49.992768071438206,2024-02-19,49.992768071438206
35,A,3,36.97422616733735,2024-06-05,110.92267850201205
779,A,0,35.51226872176953,2024-03-14,0.0
576,C,6,34.44969720560364,2024-07-01,206.69818323362185
494,C,3,36.28452514313109,2024-04-15,108.85357542939327
562,A,2,20.39506103438746,2024-07-07,40.79012206877492
469,B,5,19.40988846498884,2024-11-01,97.0494423249442
767,A,6,40.295209022172784,2024-09-28,241.7712541330367
661,C,2,7.388960780883449,2024-03-27,14.777921561766899
325,B,2,39.16614821915228,2024-12-15,78.33229643830455
304,C,4,41.62287133263058,2024-11-21,166.49148533052232
276,B,3,28.471908181382048,2024-06-20,85.41572454414614
869,C,2,45.95666429358568,2024-09-08,91.91332858717136
963,B,3,26.288934671623302,2024-12-21,78.8668040148699
684,B,4,13.013900064312997,2024-05-23,52.05560025725199
929,B,1,21.262939191800278,2024-10-10,21.262939191800278
201,B,1,45.76403776689888,2024-07-03,45.76403776689888
445,D,2,49.71822297459742,2024-06-02,99.43644594919483
905,C,8,23.983428514526754,2024-12-07,191.86742811621403
324,C,6,12.508094551714603,2024-04-27,75.04856731028761
35,D,3,17.884817610536203,2024-09-23,53.65445283160861
977,B,7,29.89833541312838,2024-11-20,209.28834789189864
482,B,4,30.744316322471594,2024-09-11,122.97726528988638
728,C,3,33.3526733012111,2024-08-28,100.0580199036333
480,D,5,42.59090176576461,2024-06-19,212.95450882882307
65,B,6,37.00463682596125,2024-04-14,222.02782095576748
8,B,3,16.737810192612812,2024-02-05,50.21343057783844
301,B,3,22.776982731320018,2024-03-06,68.33094819396005
343,A,3,42.79174627118061,2024-07-03,128.3752388135418
431,D,3,33.502220177257,2024-07-08,100.506660531771
424,B,2,12.488812171012558,2024-06-03,24.977624342025116
332,A,2,19.649246183614334,2024-08-14,39.29849236722867
438,D,2,40.59909105939056,2024-05-20,81.19818211878112
588,B,2,12.744235549552126,2024-03-16,25.488471099104252
174,C,1,36.097279372435075,2024-05-25,36.097279372435075
559,A,6,30.359144130420788,2024-02-07,182.15486478252473
527,A,4,11.636370788051531,2024-09-18,46.545483152206124
873,B,2,35.99955158139214,2024-05-05,71.99910316278428
659,B,2,11.405703679482638,2024-04-01,22.811407358965276
26,A,1,22.929601059935653,2024-10-10,22.929601059935653
820,C,3,18.88519660360341,2024-12-10,56.655589810810234
605,C,3,36.05044787091309,2024-09-17,108.15134361273927
406,D,3,40.20630604729936,2024-04-17,120.61891814189806
232,B,4,12.574246188016106,2024-02-14,50.296984752064425
533,C,6,41.539853416952376,2024-01-02,249.23912050171424
819,D,2,5.324632519755102,2024-07-19,10.649265039510205
550,C,2,28.852634630413984,2024-03-30,57.70526926082797
788,B,2,28.255500044360325,2024-08-02,56.51100008872065
505,D,4,33.07196438383188,2024-04-24,132.28785753532753
669,D,1,15.786523865060374,2024-11-14,15.786523865060374
179,D,3,5.443557346859064,2024-04-01,16.33067204057719
132,C,4,25.464331226362972,2024-11-21,101.85732490545189
823,B,4,8.213279506621454,2024-07-04,32.85311802648582
455,D,5,45.14872490630907,2024-09-16,225.74362453154535
348,A,3,12.814984656012804,2024-06-06,38.44495396803841
540,B,2,24.135483537439725,2024-02-26,48.27096707487945
772,A,2,24.530017560817267,2024-02-16,49.060035121634535
406,A,4,29.878909152719213,2024-08-09,119.51563661087685
76,D,2,40.213955694667874,2024-04-17,80.42791138933575
941,D,4,26.24666677289508,2024-12-16,104.98666709158032
579,C,0,6.1588970249212895,2024-10-26,0.0
854,C,2,39.699968502879024,2024-06-28,79.39993700575805
492,C,2,8.697799157940118,2024-06-25,17.395598315880235
194,B,3,33.86989815164888,2024-06-28,101.60969445494665
984,C,0,41.15432788933529,2024-02-06,0.0
162,A,3,17.721057761646968,2024-03-03,53.1631732849409
347,C,4,25.209791675781403,2024-09-24,100.83916670312561
951,D,3,5.645112898361749,2024-09-29,16.935338695085246
361,C,6,41.17438398154484,2024-10-16,247.04630388926904
769,B,2,36.64674904643687,2024-12-19,73.29349809287373
584,B,5,15.412432747452938,2024-10-28,77.06216373726468
87,A,4,22.560178903960516,2024-09-26,90.24071561584206
934,B,1,36.28924258105001,2024-09-25,36.28924258105001
262,C,6,21.1173404833043,2024-10-31,126.7040428998258
214,D,4,12.30866490009649,2024-09-02,49.23465960038596
665,B,5,28.33274879950587,2024-06-26,141.66374399752937
722,A,3,37.56054066288979,2024-03-07,112.68162198866938
913,C,3,19.436427815132564,2024-10-03,58.309283445397696
573,A,2,10.479752224000602,2024-07-26,20.959504448001205
780,B,3,42.32948728153895,2024-11-02,126.98846184461686
262,B,3,16.37608399012054,2024-02-07,49.128251970361625
730,A,1,28.07667293479729,2024-04-28,28.07667293479729
283,C,6,36.11044172701594,2024-01-26,216.66265036209563
648,B,1,19.268384017739933,2024-01-06,19.268384017739933
467,D,2,34.188644181758825,2024-09-30,68.37728836351765
380,B,5,25.686927789868772,2024-08-20,128.43463894934385
362,C,2,30.669649480573074,2024-04-23,61.33929896114615
449,B,5,31.57592466276242,2024-05-13,157.87962331381212
441,A,2,42.08678091035988,2024-11-08,84.17356182071975
93,B,2,34.53468230459014,2024-06-26,69.06936460918028
621,B,2,16.893801148298472,2024-01-25,33.787602296596944
753,C,2,7.682195351230082,2024-02-17,15.364390702460163
867,A,2,5.089349483380973,2024-10-06,10.178698966761946
424,C,2,45.6987823145148,2024-12-08,91.3975646290296
142,B,2,47.39495233109928,2024-10-27,94.78990466219857
291,D,2,9.235016944910058,2024-10-25,18.470033889820115
432,B,3,26.91741282270116,2024-03-12,80.75223846810349
749,C,2,11.82178415572405,2024-07-19,23.6435683114481
852,D,1,47.693708901683806,2024-11-21,47.693708901683806
824,C,1,16.107463257013567,2024-02-02,16.107463257013567
689,C,1,27.574119301864954,2024-04-06,27.574119301864954
653,A,6,12.452908627981254,2024-02-14,74.71745176788752
701,D,3,19.974248802637803,2024-09-19,59.92274640791341
998,B,1,17.00628624172314,2024-12-27,17.00628624172314
49,C,4,26.394171933748353,2024-03-10,105.57668773499341
302,B,4,23.89018829099668,2024-10-27,95.56075316398672
881,A,2,19.885900757016888,2024-10-19,39.771801514033776
190,A,6,9.764492794178544,2024-08-05,58.586956765071264
136,D,4,26.80191599031267,2024-07-25,107.20766396125067
555,A,1,43.25936081411985,2024-06-20,43.25936081411985
404,A,6,37.860050146350474,2024-09-02,227.16030087810284
892,B,3,37.425869787320124,2024-09-12,112.27760936196037
865,A,2,21.474128153538892,2024-09-20,42.948256307077784
602,A,2,36.878858630692314,2024-09-20,73.75771726138463
807,C,2,25.94891666299634,2024-01-05,51.89783332599268
341,A,4,11.762424087717617,2024-01-10,47.04969635087047
757,C,4,23.857238749012296,2024-09-27,95.42895499604919
945,A,3,10.973238396421884,2024-08-17,32.91971518926565
704,A,5,10.151726850794116,2024-11-07,50.758634253970584
318,D,2,6.0376688805924825,2024-02-24,12.075337761184965
618,D,2,17.728443543623747,2024-02-10,35.456887087247495
363,C,4,19.88936529088752,2024-05-17,79.55746116355007
822,A,3,36.47496708223217,2024-04-24,109.4249012466965
382,B,3,29.210215319815266,2024-03-03,87.6306459594458
233,D,3,43.63023704239904,2024-12-09,130.8907111271971
777,B,3,12.941178201754543,2024-02-03,38.82353460526363
344,D,3,16.96804906369163,2024-09-08,50.90414719107489
549,D,3,47.348425001453705,2024-07-15,142.04527500436112
817,A,3,24.982036150091645,2024-12-21,74.94610845027493
553,D,2,40.507292437189506,2024-12-28,81.01458487437901
529,B,2,27.147544189227013,2024-09-08,54.295088378454025
856,D,2,26.19885456615864,2024-03-02,52.39770913231728
789,C,3,11.665232961333906,2024-08-12,34.99569888400172
819,A,3,43.30398249268638,2024-12-21,129.91194747805915
571,A,5,8.525987624643559,2024-02-23,42.6299381232178
935,C,3,18.96174925938687,2024-06-07,56.88524777816061
183,C,2,35.306063227408075,2024-10-20,70.61212645481615
41,C,5,27.826589786361343,2024-01-25,139.1329489318067
551,D,1,44.66202471371913,2024-08-24,44.66202471371913
397,A,2,6.768407875456217,2024-11-16,13.536815750912433
704,C,5,34.22333837748786,2024-04-09,171.11669188743932
779,D,3,26.48594617822062,2024-08-15,79.45783853466186
494,C,2,11.944032056044293,2024-06-26,23.888064112088585
659,B,3,38.44633582006671,2024-06-03,115.33900746020012
907,B,2,23.50880849327108,2024-08-26,47.01761698654216
333,A,2,28.92118569065076,2024-05-22,57.84237138130152
127,D,3,48.52697298633987,2024-01-17,145.5809189590196
558,B,2,26.880353646133486,2024-10-11,53.76070729226697
557,B,6,42.051778950138925,2024-01-05,252.31067370083355
1,D,2,39.630988550355994,2024-01-11,79.26197710071199
168,C,4,34.82395661812096,2024-07-26,139.29582647248384
620,D,2,45.356546450765016,2024-03-21,90.71309290153003
19,C,5,16.32207411217314,2024-02-02,81.6103705608657
332,B,0,41.93470541604484,2024-10-31,0.0
584,B,3,22.000436977880415,2024-06-07,66.00131093364125
456,B,2,41.56209005365496,2024-09-30,83.12418010730993
957,A,2,27.220490804547996,2024-04-24,54.44098160909599
109,A,2,43.59691638244561,2024-08-04,87.19383276489123
268,A,2,45.267959196184385,2024-09-17,90.53591839236877
445,D,2,31.893974405785197,2024-06-06,63.787948811570395
240,B,2,27.84321305740602,2024-02-14,55.68642611481204
929,B,3,40.247606449955036,2024-04-29,120.7428193498651
301,D,2,17.014379143062797,2024-08-02,34.028758286125594
602,A,3,5.690690656201149,2024-05-07,17.072071968603446
103,D,5,23.31925622396463,2024-09-10,116.59628111982315
988,A,3,27.84983598035496,2024-02-07,83.54950794106489
250,B,0,18.37682237474404,2024-12-30,0.0
453,C,3,22.251284678199532,2024-07-28,66.75385403459859
520,A,3,10.987620481224258,2024-12-17,32.96286144367278
153,B,4,17.47804565155073,2024-04-03,69.91218260620292
859,B,5,15.804290656155809,2024-01-29,79.02145328077904
174,C,2,18.544408422204658,2024-06-12,37.088816844409315
343,B,1,18.45743497432936,2024-05-16,18.45743497432936
670,B,2,30.153576697142604,2024-01-23,60.30715339428521
431,A,0,16.276862308823272,2024-05-10,0.0
727,A,3,47.343256850294985,2024-03-26,142.02977055088496
689,C,1,28.00736736635007,2024-07-02,28.00736736635007
687,C,5,10.803470288439534,2024-08-24,54.01735144219767
852,B,3,17.582282173592773,2024-07-02,52.74684652077832
850,A,2,37.839087326104426,2024-11-09,75.67817465220885
658,C,2,5.6146567271327354,2024-06-07,11.229313454265471
962,C,6,47.2018093788628,2024-01-11,283.2108562731768
324,D,4,25.032961477661278,2024-02-11,100.13184591064511
990,C,4,28.44855603279485,2024-08-22,113.7942241311794
673,B,3,49.47855061277876,2024-05-10,148.4356518383363
639,A,3,27.653138869969922,2024-07-03,82.95941660990977
420,C,1,47.648479750788766,2024-01-14,47.648479750788766
594,D,1,46.18540021069194,2024-10-28,46.18540021069194
485,A,1,47.35919878997957,2024-09-10,47.35919878997957
659,C,0,41.55678758715637,2024-05-26,0.0
751,D,3,18.337913805097905,2024-02-29,55.013741415293715
412,C,2,20.587211770369166,2024-10-18,41.17442354073833
936,A,2,21.42428306812884,2024-06-08,42.84856613625768
84,A,1,49.06313778254878,2024-01-26,49.06313778254878
113,A,3,21.23399767874669,2024-03-05,63.70199303624007
737,B,2,9.891018914827121,2024-03-10,19.782037829654243
332,C,1,40.02480025858183,2024-06-21,40.02480025858183
378,B,3,21.472848121192364,2024-08-12,64.4185443635771
755,A,7,32.94211602766295,2024-06-01,230.59481219364062
655,D,1,46.596218551878515,2024-02-09,46.596218551878515
41,C,2,30.897750955011993,2024-05-25,61.79550191002399
935,B,2,33.69650802610496,2024-04-07,67.39301605220992
770,C,4,33.92881540093112,2024-09-04,135.71526160372449
959,D,3,32.55796335913318,2024-01-12,97.67389007739955
797,B,3,12.189621986642933,2024-01-24,36.5688659599288
105,A,2,25.538693663693994,2024-08-12,51.07738732738799
202,B,4,5.344880898967631,2024-09-01,21.379523595870523
450,C,6,33.18191618338999,2024-06-19,199.09149710033992
819,C,3,30.89112327618075,2024-02-01,92.67336982854225
843,C,5,19.31617486583695,2024-04-23,96.58087432918475
973,C,3,28.575297642659166,2024-07-27,85.7258929279775
266,A,3,27.187600185863452,2024-10-29,81.56280055759035
910,B,1,16.291184717401304,2024-02-04,16.291184717401304
210,A,4,18.197939664166682,2024-07-23,72.79175865666673
563,A,2,39.31434484829378,2024-09-22,78.62868969658756
118,A,7,39.0079543631778,2024-03-05,273.0556805422446
713,C,4,26.140196760792907,2024-04-07,104.56078704317163
377,C,2,37.28790285871908,2024-07-03,74.57580571743816
551,C,0,25.286057610392128,2024-08-25,0.0
540,B,4,43.31183157032594,2024-09-22,173.24732628130377
771,D,4,19.9763006993876,2024-08-19,79.9052027975504
84,C,3,46.72816249304305,2024-04-18,140.18448747912916
454,B,3,29.40276427541019,2024-06-26,88.20829282623056
667,C,3,29.105953748588785,2024-09-05,87.31786124576635
629,C,4,35.186467294671964,2024-11-19,140.74586917868785
514,A,1,20.338520486660798,2024-12-25,20.338520486660798
605,A,3,37.59483069082105,2024-01-05,112.78449207246314
678,A,1,19.419129618535397,2024-06-05,19.419129618535397
387,B,2,22.889247348145354,2024-08-17,45.77849469629071
912,D,1,35.36165465568756,2024-04-25,35.36165465568756
350,D,4,22.030209558562163,2024-09-17,88.12083823424865
296,B,2,13.998835520962732,2024-11-11,27.997671041925464
258,C,2,44.235565644897804,2024-11-16,88.47113128979561
81,B,2,46.496992135724874,2024-05-06,92.99398427144975
937,C,4,33.20289724133518,2024-01-28,132.81158896534072
268,B,5,41.50178470390341,2024-12-04,207.50892351951705
419,B,4,49.39935596486389,2024-08-15,197.59742385945555
235,B,6,32.66486383189216,2024-05-08,195.98918299135298
833,D,200,45.89566894625061,2024-01-29,183.58267578500244
311,A,3,21.166463737415643,2024-06-27,63.499391212246934
813,B,7,36.52125961492337,2024-06-12,255.64881730446362
975,D,2,7.511245983358085,2024-06-08,15.02249196671617
986,A,5,40.50372000245652,2024-11-15,202.5186000122826
357,A,4,42.34114151283053,2024-10-14,169.36456605132213
213,B,6,23.052894641329637,2024-09-21,138.31736784797783
574,C,5,33.75297571447983,2024-10-23,168.76487857239914
49,C,4,43.62624960765614,2024-01-25,174.50499843062457
127,C,3,44.76236740290726,2024-05-24,134.28710220872176
223,B,2,9.793918594247042,2024-06-23,19.587837188494085
921,C,2,42.23694859398038,2024-01-08,84.47389718796076
279,D,4,17.340950836674512,2024-11-09,69.36380334669805
408,D,2,37.72881033519845,2024-04-18,75.4576206703969
505,D,1,19.632386907164992,2024-05-08,19.632386907164992
294,D,2,7.534835178375971,2024-01-02,15.069670356751942
796,A,2,14.44418194329984,2024-01-10,28.88836388659968
277,D,5,23.390229912218782,2024-12-12,116.95114956109391
438,C,6,38.355287902746916,2024-04-26,230.1317274164815
107,B,6,9.531663229056093,2024-11-14,57.18997937433656
658,C,1,41.58203562050719,2024-01-11,41.58203562050719
420,D,1,49.862799138308475,2024-04-05,49.862799138308475
611,A,4,40.47159394306064,2024-04-02,161.88637577224256
429,D,6,26.318143401299665,2024-04-11,157.908860407798
375,B,2,30.567209488067586,2024-04-07,61.13441897613517
73,C,6,5.277222873620355,2024-10-08,31.66333724172213
949,B,300,14.417322703492884,2024-10-21,86.5039362209573
998,B,8,45.454465915702045,2024-12-13,363.63572732561636
634,B,1,5.977823123083364,2024-06-04,5.977823123083364
30,C,4,45.715772880364185,2024-05-24,182.86309152145674
188,D,5,10.096367365767533,2024-12-29,50.481836828837665
364,B,2,10.988335848147543,2024-07-29,21.976671696295085
866,C,1,12.890745988561509,2024-06-03,12.890745988561509
800,A,1,40.97233962298383,2024-08-29,40.97233962298383
451,C,3,26.518395890407074,2024-03-16,79.55518767122122
195,A,2,11.533848360351907,2024-11-18,23.067696720703815
156,C,5,35.906081884939624,2024-06-23,179.53040942469812
172,D,2,47.33097648465998,2024-04-20,94.66195296931996
847,B,4,30.760316341136235,2024-01-18,123.04126536454494
41,D,4,9.441500257424233,2024-10-17,37.76600102969693
63,C,3,7.463777277989291,2024-09-30,22.39133183396787
23,B,3,40.81425619440923,2024-08-25,122.44276858322769
360,A,4,33.173764356849574,2024-07-16,132.6950574273983
75,C,3,46.51958026060706,2024-06-10,139.55874078182117
560,B,2,29.626256797159456,2024-07-18,59.25251359431891
672,A,3,7.807793145937402,2024-08-21,23.423379437812205
825,A,4,23.16590824993926,2024-12-05,92.66363299975704
118,D,0,34.60958098661381,2024-02-12,0.0
612,C,1,22.319840792176837,2024-03-22,22.319840792176837
380,A,0,49.98161285331049,2024-01-27,0.0
929,B,3,23.242037615318527,2024-10-30,69.72611284595558
920,A,1,29.580625690139758,2024-03-09,29.580625690139758
679,A,5,15.142641468065575,2024-07-17,75.71320734032787
290,D,3,11.846219193598628,2024-08-03,35.538657580795885
440,D,1,34.03874923534629,2024-05-03,34.03874923534629
668,B,4,31.487573611205693,2024-01-16,125.95029444482277
933,D,4,5.195248583282791,2024-05-05,20.780994333131165
7,A,4,17.815169065898395,2024-01-14,71.26067626359358
196,A,4,33.961080785581146,2024-02-08,135.84432314232458
421,D,5,41.551220557960235,2024-07-17,207.75610278980116
568,A,3,19.056589386792993,2024-04-17,57.16976816037898
833,A,4,34.134636617998424,2024-09-24,136.5385464719937
193,B,5,16.936606856788078,2024-12-18,84.68303428394039
559,D,3,36.06709525831563,2024-11-06,108.2012857749469
148,A,3,36.40765993981081,2024-02-09,109.22297981943244
787,D,3,10.860055948381554,2024-12-12,32.58016784514466
669,B,5,34.92904027896522,2024-09-25,174.64520139482607
202,D,5,20.010523175616637,2024-03-09,100.05261587808319
444,A,2,12.766771921668234,2024-05-31,25.533543843336467
914,D,3,27.51625547481984,2024-07-05,82.54876642445952
988,A,4,25.353350775892455,2024-12-17,101.41340310356982
419,A,1,39.82436649778986,2024-08-28,39.82436649778986
427,A,7,8.803197912254834,2024-08-14,61.62238538578384
479,B,2,40.53889709743014,2024-07-22,81.07779419486027
475,D,1,9.773706294918306,2024-09-23,9.773706294918306
126,B,1,14.335656263557786,2024-04-27,14.335656263557786
395,D,1,28.214695324835194,2024-11-12,28.214695324835194
817,B,3,25.8428570010091,2024-10-18,77.52857100302731
881,C,4,49.49865386303217,2024-08-09,197.99461545212867
806,A,5,31.52631709680977,2024-03-03,157.63158548404886
576,A,5,19.734601786111128,2024-01-05,98.67300893055564
325,B,5,45.50669908447935,2024-11-29,227.53349542239675
392,C,2,19.049673055212665,2024-10-18,38.09934611042533
930,A,5,17.319903583473053,2024-05-24,86.59951791736526
688,D,5,27.246730783948674,2024-05-29,136.23365391974338
628,B,2,46.09286530128856,2024-06-07,92.18573060257712
440,A,1,36.88314148664774,2024-09-25,36.88314148664774
204,A,5,35.486744696029874,2024-11-14,177.43372348014935
486,B,7,37.67347692674433,2024-01-11,263.7143384872103
833,B,3,34.68382748491497,2024-03-09,104.05148245474491
31,D,2,39.19083618505756,2024-07-10,78.38167237011513
388,D,7,13.674290977811006,2024-04-11,95.72003684467704
625,A,2,12.976622904272066,2024-02-01,25.953245808544132
877,A,2,21.29735047061317,2024-07-20,42.59470094122634
434,B,1,43.293190045812466,2024-09-22,43.293190045812466
837,A,5,37.150439697351935,2024-04-17,185.75219848675968
926,A,1,30.491300427924614,2024-02-23,30.491300427924614
376,B,0,5.875134686515392,2024-12-03,0.0
344,A,2,15.611102777113995,2024-07-08,31.22220555422799
443,A,3,41.15812741474545,2024-08-26,123.47438224423635
579,C,2,15.91190118878984,2024-12-08,31.82380237757968
75,D,4,37.86305887359263,2024-12-03,151.4522354943705
557,B,2,13.30854192184478,2024-10-17,26.61708384368956
772,C,5,32.28654011897114,2024-11-18,161.4327005948557
666,D,1,33.26951150152257,2024-11-16,33.26951150152257
155,D,3,38.83848015589167,2024-09-29,116.51544046767502
430,D,1,24.725408040303797,2024-02-11,24.725408040303797
363,C,2,33.47036145884626,2024-07-16,66.94072291769253
448,C,2,26.913640492412824,2024-04-30,53.82728098482565
987,D,5,47.63021204292408,2024-11-29,238.1510602146204
234,A,2,28.484632715832834,2024-10-10,56.96926543166567
563,A,5,14.431904740768452,2024-10-21,72.15952370384227
818,C,2,35.05516471123863,2024-06-30,70.11032942247726
262,C,2,29.681029769378608,2024-04-09,59.362059538757215
827,C,2,41.1723273749066,2024-01-11,82.3446547498132
125,D,1,12.961021891695962,2024-08-20,12.961021891695962
911,A,3,16.74228212032572,2024-04-26,50.226846360977156
245,C,5,46.47330983289749,2024-03-04,232.36654916448745
542,C,8,46.851175096083324,2024-06-24,374.8094007686666
938,B,2,24.901554491370096,2024-03-23,49.80310898274019
485,D,3,7.148803195329345,2024-01-02,21.446409585988036
122,B,0,18.794978088168186,2024-10-25,0.0
125,A,3,16.120519448957516,2024-08-04,48.36155834687255
549,B,1,23.66045833977148,2024-08-29,23.66045833977148
170,B,1,19.30102784953644,2024-10-23,19.30102784953644
124,B,2,42.30465547336044,2024-02-29,84.60931094672088
869,D,3,5.136620860645432,2024-07-21,15.409862581936295
35,A,5,34.008433408017424,2024-02-09,170.04216704008712
87,B,2,34.89216013202195,2024-11-10,69.7843202640439
646,D,3,34.72819588800693,2024-02-14,104.1845876640208
708,A,1,28.426760623155637,2024-10-24,28.426760623155637
786,C,1,32.49968328994113,2024-04-28,32.49968328994113
201,B,5,41.47224401916906,2024-05-10,207.3612200958453
369,A,0,40.28885504097716,2024-10-06,0.0
797,B,4,6.5581419730284685,2024-02-19,26.232567892113874
77,C,5,6.369644108178899,2024-03-28,31.848220540894495
59,A,5,42.75251657467211,2024-01-21,213.76258287336054
431,D,4,30.862835938875328,2024-08-19,123.45134375550131
638,A,4,48.08423008711365,2024-02-12,192.3369203484546
500,D,2,24.42162186124141,2024-01-23,48.84324372248282
913,A,4,12.953381962808471,2024-08-03,51.813527851233886
109,D,1,26.29557105745141,2024-10-03,26.29557105745141
736,C,4,24.64449385826854,2024-07-12,98.57797543307416
278,C,2,28.272982164733236,2024-08-02,56.54596432946647
68,C,4,41.35762552446275,2024-06-27,165.430502097851
69,A,7,34.50127945715492,2024-05-22,241.50895620008447
165,C,5,13.337389732971866,2024-11-09,66.68694866485933
489,B,2,38.05147653597776,2024-01-26,76.10295307195553
305,C,2,31.63532959752942,2024-08-05,63.27065919505884
909,D,2,31.02398287419566,2024-02-28,62.04796574839132
674,D,4,35.52155970960358,2024-12-11,142.08623883841432
365,D,2,30.378445639543926,2024-02-14,60.75689127908785
854,A,1,25.5881181352142,2024-08-11,25.5881181352142
821,B,1,33.81711272663432,2024-12-15,33.81711272663432
379,C,1,37.567718129775876,2024-09-12,37.567718129775876
343,B,3,15.159512427403577,2024-04-19,45.47853728221073
947,B,3,27.367245240715064,2024-11-15,82.1017357221452
899,D,2,25.61776084693056,2024-12-05,51.23552169386112
554,D,6,6.795647177507973,2024-09-06,40.77388306504784
354,D,3,42.549739539080264,2024-03-17,127.64921861724079
416,A,2,21.982191077229096,2024-10-09,43.96438215445819
109,B,4,8.271015494054396,2024-03-27,33.08406197621758
563,B,2,25.60545936844166,2024-09-06,51.21091873688332
762,A,2,12.266636274121879,2024-07-26,24.533272548243758
497,A,4,36.69864865855992,2024-06-07,146.79459463423967
341,A,2,30.72972088254432,2024-01-12,61.45944176508864
942,B,5,17.155121314007083,2024-08-12,85.77560657003542
383,B,3,47.77132366179383,2024-12-23,143.3139709853815
533,D,4,18.128540671501135,2024-10-27,72.51416268600454
300,D,6,29.97486081396143,2024-02-01,179.8491648837686
139,B,3,41.07055209309721,2024-02-23,123.21165627929165
359,D,1,28.12515340795196,2024-08-29,28.12515340795196
836,A,3,48.23850540988783,2024-04-24,144.71551622966348
499,C,2,42.97345551407815,2024-10-14,85.9469110281563
385,D,4,46.44585563004031,2024-04-13,185.78342252016125
604,B,0,21.771616268949753,2024-11-06,0.0
959,D,4,29.675993783506637,2024-10-23,118.70397513402655
280,D,3,42.80748329720303,2024-05-06,128.4224498916091
637,D,2,45.65750154362356,2024-02-09,91.31500308724712
483,C,2,47.49636100858346,2024-03-12,94.99272201716693
909,A,3,44.56183969758901,2024-08-22,133.68551909276704
111,B,3,37.88397068338554,2024-09-03,113.65191205015662
866,C,4,6.08966624893685,2024-10-20,24.3586649957474
139,B,4,19.17290522639584,2024-09-03,76.69162090558336
996,B,1,10.80213282020437,2024-11-07,10.80213282020437
435,B,5,11.964137060306673,2024-02-03,59.82068530153336
509,C,2,18.090823432230138,2024-05-08,36.181646864460276
273,A,1,8.363320573484867,2024-01-10,8.363320573484867
99,B,3,15.9364315545897,2024-06-16,47.809294663769094
764,A,4,48.06404764426134,2024-09-28,192.25619057704537
850,A,0,19.03746103646881,2024-08-03,0.0
104,D,4,12.187088146581061,2024-08-27,48.748352586324245
214,C,2,37.32350811889135,2024-01-14,74.6470162377827
761,C,5,42.28273175235124,2024-03-30,211.4136587617562
664,D,4,19.131703231841758,2024-01-18,76.52681292736703
762,D,3,17.532378976026692,2024-12-05,52.597136928080076
787,A,11,15.879179655726508,2024-06-17,174.6709762129916
165,B,1,22.6967557579868,2024-02-25,22.6967557579868
999,C,1,8.925429102750131,2024-06-12,8.925429102750131
853,B,3,35.11081519502929,2024-05-31,105.33244558508787
520,B,2,42.00018463654065,2024-03-30,84.0003692730813
284,D,5,34.86570258826481,2024-10-11,174.32851294132405
517,B,1,23.95398604518718,2024-01-22,23.95398604518718
657,A,1,18.00330113049077,2024-09-23,18.00330113049077
613,D,3,23.425077403020815,2024-10-23,70.27523220906244
164,B,2,24.072686819926197,2024-09-02,48.145373639852394
886,D,4,34.97093728126282,2024-05-18,139.88374912505128
659,A,2,46.76271600427542,2024-02-21,93.52543200855084
64,A,2,8.176392025157249,2024-03-07,16.352784050314497
91,B,3,47.90091167976299,2024-03-25,143.70273503928897
117,D,5,45.95905776029155,2024-09-06,229.79528880145776
866,B,3,10.297953515429999,2024-11-26,30.893860546289996
267,B,5,13.261326398840025,2024-05-02,66.30663199420012
822,D,1,19.02180206511153,2024-07-20,19.02180206511153
685,B,4,30.184971843433637,2024-01-06,120.73988737373455
559,A,2,11.051428823537599,2024-12-02,22.102857647075197
140,D,3,14.015072897234916,2024-07-17,42.04521869170475
246,D,0,45.62038822728556,2024-08-11,0.0
661,D,1,9.91852838469166,2024-01-13,9.91852838469166
758,D,3,22.949521931270276,2024-01-06,68.84856579381082
395,B,2,39.335079994641895,2024-04-30,78.67015998928379
487,B,4,44.986240260083214,2024-02-14,179.94496104033286
476,A,2,20.121915316850952,2024-12-27,40.243830633701904
517,C,2,12.399687741090478,2024-01-26,24.799375482180956
977,C,3,38.16552465930027,2024-01-04,114.4965739779008
184,A,4,39.765099140292946,2024-10-19,159.06039656117179
20,C,8,49.10150498272449,2024-10-03,392.81203986179594
937,A,0,11.279383314953192,2024-10-10,0.0
558,B,0,36.9239397201208,2024-07-28,0.0
524,D,2,23.778164198059486,2024-10-14,47.55632839611897
582,D,4,46.158324690535444,2024-12-24,184.63329876214178
529,B,1,23.35238979500236,2024-06-29,23.35238979500236
883,D,2,25.068216900319975,2024-09-09,50.13643380063995
147,D,0,10.705846918403036,2024-10-08,0.0
666,C,2,19.442155329089594,2024-05-24,38.88431065817919
304,B,4,23.03782116765279,2024-04-25,92.15128467061116
620,C,4,5.787893947003292,2024-12-14,23.15157578801317
748,C,2,24.690851079927306,2024-01-30,49.38170215985461
820,D,6,20.13433480702878,2024-08-29,120.80600884217267
864,D,1,41.172788111022136,2024-01-05,41.172788111022136
582,B,2,9.820067605060682,2024-09-18,19.640135210121365
695,D,4,39.209500711530104,2024-04-15,156.83800284612042
762,D,6,37.13051944745303,2024-05-03,222.7831166847182
228,B,3,15.880204750239766,2024-11-21,47.640614250719295
102,D,0,8.74722507538087,2024-05-17,0.0
587,C,2,42.88250505900632,2024-04-15,85.76501011801264
417,B,1,16.224351923521105,2024-07-31,16.224351923521105
958,D,3,11.550205386819421,2024-10-26,34.65061616045826
216,A,3,21.156647086093646,2024-02-25,63.46994125828094
407,B,3,23.03972706465734,2024-05-11,69.11918119397203
399,B,4,19.673959090103963,2024-09-25,78.69583636041585
923,A,5,48.941650062812805,2024-05-01,244.70825031406403
715,D,2,44.636930118335755,2024-07-20,89.27386023667151
704,D,1,44.28389734065899,2024-07-26,44.28389734065899
761,B,1,22.94454157343465,2024-10-01,22.94454157343465
499,B,4,48.329133788232205,2024-03-30,193.31653515292882
754,D,2,35.78068833312639,2024-07-08,71.56137666625278
465,D,1,42.43976009172845,2024-09-21,42.43976009172845
691,C,2,27.539380627446292,2024-02-15,55.078761254892584
949,B,6,12.227778193970856,2024-11-07,73.36666916382514
974,B,4,44.909847724310445,2024-11-25,179.63939089724178
731,A,3,26.88920327174785,2024-02-09,80.66760981524355
82,C,5,48.58497090883386,2024-03-07,242.9248545441693
604,D,4,16.468745513113603,2024-04-22,65.87498205245441
947,C,7,49.6570546144051,2024-12-04,347.5993823008357
687,D,4,15.009110688746707,2024-03-02,60.03644275498683
751,D,2,21.567504111056124,2024-08-14,43.13500822211225
772,C,0,31.73074353162167,2024-06-22,0.0
903,B,7,36.19953766330228,2024-05-13,253.39676364311595
365,D,7,37.41269760528832,2024-10-11,261.88888323701826
163,C,1,26.431358401749765,2024-10-01,26.431358401749765
48,A,3,8.457213058884586,2024-04-23,25.37163917665376
511,C,3,27.322166827224557,2024-04-17,81.96650048167368
329,A,4,20.060957864137833,2024-05-22,80.24383145655133
840,D,8,34.59450240584255,2024-02-26,276.7560192467404
116,C,3,13.20240128745702,2024-10-20,39.60720386237106
941,C,4,22.726054613810877,2024-10-03,90.90421845524351
849,A,4,48.47536193002399,2024-02-20,193.90144772009597
337,C,3,8.999032965363607,2024-10-02,26.997098896090822
881,C,3,32.10503710735222,2024-08-21,96.31511132205665
737,D,6,9.079170307184109,2024-08-29,54.475021843104656
864,C,5,12.06480451729819,2024-09-14,60.324022586490955
840,B,3,32.222047487587574,2024-08-24,96.66614246276272
147,A,4,24.97979851600039,2024-02-01,99.91919406400156
575,C,4,29.68245486275767,2024-12-13,118.72981945103068
806,A,3,44.59424767677917,2024-09-04,133.7827430303375
323,A,2,41.77581091299376,2024-05-11,83.55162182598752
443,A,4,44.959165224283076,2024-09-19,179.8366608971323
837,C,3,32.731471437719556,2024-09-15,98.19441431315866
13,C,3,27.03394263713064,2024-10-07,81.10182791139192
943,A,2,25.663891180100986,2024-09-06,51.32778236020197
494,B,6,38.291385030009984,2024-09-21,229.7483101800599
701,A,2,28.458494524623333,2024-08-02,56.916989049246666
287,B,1,9.759595831799846,2024-08-02,9.759595831799846
720,A,3,11.387256082621759,2024-10-08,34.161768247865275
114,D,0,21.068724547125615,2024-11-15,0.0
480,A,1,8.052051738703492,2024-01-18,8.052051738703492
22,A,2,15.76540487569686,2024-12-12,31.53080975139372
349,C,2,34.538038394609586,2024-01-02,69.07607678921917
726,B,5,5.559364053376095,2024-01-01,27.796820266880474
683,D,6,32.18417895116741,2024-10-30,193.10507370700446
835,B,5,39.75606154408236,2024-12-28,198.78030772041177
566,D,1,12.656918818899381,2024-08-03,12.656918818899381
906,A,2,13.143585344108388,2024-06-12,26.287170688216776
810,C,3,6.29853649310663,2024-07-09,18.895609479319887
320,C,5,28.060251747505767,2024-03-15,140.30125873752883
126,B,3,34.456440059272275,2024-01-26,103.36932017781683
277,C,4,25.56093119380785,2024-09-18,102.2437247752314
976,B,6,22.52519643317953,2024-10-08,135.15117859907718
204,B,3,25.448576778215024,2024-08-08,76.34573033464507
194,D,3,40.168769842609485,2024-02-12,120.50630952782845
681,B,3,6.5081438305411545,2024-05-01,19.524431491623464
664,D,5,40.27183523746738,2024-05-08,201.35917618733689
547,C,6,34.9853952050056,2024-09-21,209.9123712300336
696,B,2,15.864194937083894,2024-10-09,31.72838987416779
286,B,6,28.6132876808082,2024-03-11,171.6797260848492
57,A,8,7.218080179360004,2024-09-15,57.74464143488003
734,B,4,22.081490165268555,2024-07-19,88.32596066107422
303,B,3,12.83191155847107,2024-05-09,38.49573467541321
163,A,1,6.00351737092943,2024-11-25,6.00351737092943
19,A,1,21.069027399468464,2024-03-21,21.069027399468464
370,C,6,37.6750587827496,2024-09-10,226.0503526964976
264,B,3,46.44598403112819,2024-03-05,139.33795209338456
794,C,3,34.80185808907924,2024-05-25,104.40557426723771
113,C,3,23.08865576586757,2024-05-13,69.26596729760271
488,A,1,49.977325058084496,2024-04-11,49.977325058084496
327,D,5,17.732457864509463,2024-02-11,88.66228932254731
542,C,4,13.420914471868125,2024-07-14,53.6836578874725
647,D,2,25.86570211516631,2024-12-25,51.73140423033262
579,B,2,27.721013694881346,2024-09-16,55.44202738976269
65,A,4,20.967052101949683,2024-04-08,83.86820840779873
292,B,3,36.297458557039405,2024-03-05,108.89237567111822
25,B,3,13.27389853676977,2024-10-23,39.82169561030931
549,A,6,27.965289188786272,2024-08-10,167.79173513271763
1,B,4,27.505713132535472,2024-09-01,110.02285253014189
911,A,0,42.070389020673765,2024-07-01,0.0
549,D,3,46.713568944236215,2024-05-28,140.14070683270864
141,B,4,34.84696431697968,2024-04-25,139.38785726791872
744,A,2,18.74172156505885,2024-11-15,37.4834431301177
648,C,3,36.032495894073094,2024-09-14,108.09748768221928
901,B,4,16.311700815822544,2024-03-19,65.24680326329018
188,D,2,48.49449757157919,2024-08-18,96.98899514315838
128,A,3,42.00629535872208,2024-12-22,126.01888607616624
201,B,3,24.403561495971708,2024-04-28,73.21068448791513
127,B,6,40.29545827137183,2024-03-14,241.77274962823097
257,B,1,23.389504041285864,2024-01-09,23.389504041285864
676,D,4,8.357457145088654,2024-10-05,33.42982858035462
547,A,2,36.804599285027244,2024-09-26,73.60919857005449
194,C,2,23.207622486279824,2024-02-23,46.41524497255965
703,C,2,46.86439175527378,2024-02-14,93.72878351054756
104,C,2,18.7952546448179,2024-08-12,37.5905092896358
535,A,3,42.9499769654567,2024-01-16,128.8499308963701
265,C,8,35.61970303430439,2024-07-30,284.95762427443515
802,D,2,43.399607725755104,2024-07-18,86.79921545151021
942,A,1,18.134684469209997,2024-08-28,18.134684469209997
974,B,2,25.760543149338986,2024-04-11,51.52108629867797
384,D,2,42.040805505594356,2024-04-04,84.08161101118871
260,B,3,33.97184686330401,2024-12-30,101.91554058991203
414,C,2,21.196485477290057,2024-07-03,42.392970954580115
991,D,3,28.039803156918502,2024-05-15,84.1194094707555
358,A,1,49.8244142463474,2024-01-25,49.8244142463474
75,D,2,38.383159793624685,2024-11-13,76.76631958724937
355,B,0,32.65351937510131,2024-11-28,0.0
584,A,4,42.256012119508206,2024-02-19,169.02404847803282
771,D,1,24.891365244747657,2024-06-17,24.891365244747657
910,D,1,47.752880209100844,2024-10-16,47.752880209100844
188,D,4,29.840955291306148,2024-04-09,119.36382116522459
973,D,2,19.709246733182983,2024-03-21,39.418493466365966
685,A,2,8.870898990723452,2024-01-12,17.741797981446904
992,B,5,21.906284866125056,2024-07-26,109.53142433062527
290,D,4,30.588726966645666,2024-03-17,122.35490786658266
45,A,3,36.64616624299599,2024-03-15,109.93849872898797
573,B,0,44.3802511809983,2024-06-18,0.0
83,D,4,47.47823758957167,2024-11-06,189.91295035828668
123,B,0,9.610423078150749,2024-12-13,0.0
358,B,2,32.04072436990167,2024-06-27,64.08144873980334
528,A,1,34.99653421233617,2024-03-28,34.99653421233617
66,B,7,12.742871764701146,2024-09-21,89.20010235290802
936,A,4,29.552030611853677,2024-08-09,118.20812244741471
657,D,3,20.06751360111238,2024-01-03,60.20254080333714
375,B,5,8.483779939366102,2024-04-27,42.41889969683051
162,B,0,7.963969602521399,2024-05-15,0.0
746,C,6,39.164584119946255,2024-07-05,234.98750471967753
380,D,4,32.695495334240974,2024-01-30,130.7819813369639
656,D,1,37.180475520366585,2024-03-07,37.180475520366585
358,C,1,35.8375169541377,2024-11-06,35.8375169541377
188,C,4,11.044053490063401,2024-10-25,44.176213960253605
322,A,1,11.82043654356774,2024-08-04,11.82043654356774
450,A,4,16.361767589320245,2024-06-06,65.44707035728098
474,B,3,22.959526413411037,2024-03-11,68.87857924023311
13,B,4,47.26293012219344,2024-11-13,189.05172048877375
184,B,2,35.3251562622325,2024-04-19,70.650312524465
111,B,1,16.482737050251558,2024-10-11,16.482737050251558
927,A,2,7.519284582230297,2024-09-14,15.038569164460593
508,D,5,35.79007688628679,2024-03-30,178.95038443143395
290,B,3,33.139331186722345,2024-12-26,99.41799356016703
295,D,3,35.40935382629616,2024-02-26,106.22806147888849
451,B,3,16.75308443263609,2024-10-24,50.25925329790827
904,C,3,28.26334477514135,2024-02-18,84.79003432542405
215,B,3,21.276626062617005,2024-07-03,63.829878187851016
974,B,0,41.79645225255853,2024-07-17,0.0
