customer_id,product,units,price,date,sales,z_score
103,D,0,19.875236858841944,2024-07-31,0.0,-1.2658898948045423
436,B,1,40.17461987277778,2024-05-24,40.17461987277778,-0.6572308051284873
861,C,3,17.97176043831122,2024-04-08,53.91528131493367,-0.44905513323877083
271,C,3,20.0510870398798,2024-11-05,60.15326111963939,-0.3545476277197827
107,B,3,40.3007320938906,2024-11-05,120.9021962816718,0.5658193027354015
72,A,4,10.228512826367638,2024-06-28,40.91405130547055,-0.6460281686349532
701,C,4,43.10658328832985,2024-05-14,172.4263331533194,1.346427416613073
21,A,3,16.960663199934793,2024-07-08,50.88198959980438,-0.49501052945406954
615,C,4,7.30503819630087,2024-01-30,29.22015278520348,-0.8231946894545512
122,A,3,10.280421788166016,2024-03-22,30.84126536449805,-0.7986342851520223
467,A,5,47.864969903247065,2024-02-26,239.32484951623533,2.3599625838175236
215,A,4,25.30957797697408,2024-06-22,101.23831190789632,0.2679047984951938
331,B,1,16.53971476993061,2024-07-26,16.53971476993061,-1.0153076175546965
459,A,1,28.45719275806378,2024-11-21,28.45719275806378,-0.8347537921180895
88,A,1,35.70559940272101,2024-11-17,35.70559940272101,-0.7249379779570608
373,A,2,19.34592836198312,2024-07-01,38.69185672396624,-0.6796951687296564
100,C,2,37.63720414224608,2024-08-22,75.27440828449215,-0.12545712985415655
872,A,4,16.351342290824093,2024-04-16,65.40536916329637,-0.2749764130858728
664,C,2,10.055175441981826,2024-07-04,20.11035088396365,-0.9612112718116863
131,A,3,29.73686991660927,2024-09-22,89.21060974982781,0.08568103957457154
662,A,4,11.800340415235864,2024-05-11,47.201361660943455,-0.5507732885740713
309,B,4,47.321819541461295,2024-11-25,189.2872781658452,1.601876440770632
770,C,4,5.020206265933284,2024-11-24,20.080825063733137,-0.9616585979822972
344,A,5,39.00632449849459,2024-11-13,195.03162249247296,1.6889052017073392
492,C,3,17.57629417806099,2024-12-30,52.72888253418297,-0.4670294763482076
806,D,2,7.706789768316886,2024-10-24,15.413579536633772,-1.0323689475217543
386,B,4,47.88502692348072,2024-01-24,191.5401076939229,1.636007570675466
192,B,3,9.562769772485604,2024-09-17,28.688309317456813,-0.831252298013237
956,B,2,40.45472397659504,2024-12-20,80.90944795319008,-0.040084371483338106
277,D,5,28.2803996136022,2024-07-14,141.40199806801098,0.8763982387234782
161,D,2,24.367765634491324,2024-04-08,48.73553126898265,-0.5275300997151635
460,B,1,17.60701036596222,2024-11-28,17.60701036596222,-0.9991377280086837
314,D,2,42.861629086207934,2024-04-10,85.72325817241587,0.03284648275213897
22,D,2,13.988812888982755,2024-12-17,27.97762577796551,-0.8420193941939687
253,D,6,37.455857374678665,2024-04-29,224.735144248072,2.1389236105731393
748,B,2,25.060624296260286,2024-11-16,50.12124859252057,-0.5065360132156808
857,B,3,49.932275321627145,2024-07-21,149.79682596488144,1.0035827229047103
561,B,3,32.51295590763977,2024-03-30,97.53886772291932,0.21185696687747088
475,D,4,9.68853217206958,2024-07-13,38.75412868827832,-0.6787517273920518
59,B,2,23.87845351183998,2024-06-25,47.75690702367996,-0.5423565882834962
511,D,2,7.98345411733381,2024-04-24,15.96690823466762,-1.0239858304517377
682,A,3,17.854503547510156,2024-11-28,53.56351064253047,-0.4543845779956271
476,D,4,20.44925576964971,2024-02-01,81.79702307859884,-0.02663730790038024
700,C,5,43.39294737528213,2024-08-02,216.96473687641063,2.0211993087073177
783,B,0,5.520074899253054,2024-10-05,0.0,-1.2658898948045423
190,C,3,28.95253767522916,2024-08-30,86.85761302568747,0.05003234274405256
958,D,2,15.05946900214771,2024-10-12,30.11893800429542,-0.8095777891578175
687,A,5,19.40418941205001,2024-03-10,97.02094706025004,0.20401029352840183
958,C,4,5.974307848649084,2024-03-11,23.897231394596336,-0.9038387502641834
563,C,1,38.73856394503908,2024-04-20,38.73856394503908,-0.678987538520596
876,D,1,47.77653990885806,2024-06-06,47.77653990885806,-0.5420591434275632
567,B,2,14.867016814123332,2024-02-06,29.734033628246664,-0.8154092207402457
244,D,2,20.37977901715246,2024-10-30,40.75955803430492,-0.6483687939871414
832,C,2,14.289529762843893,2024-11-21,28.579059525687786,-0.832907469338218
505,C,3,46.85218986386879,2024-02-04,140.55656959160638,0.8635897111390438
131,B,0,5.4210185558342046,2024-11-19,0.0,-1.2658898948045423
485,B,0,31.27380265809658,2024-02-28,0.0,-1.2658898948045423
819,B,3,44.18437825049675,2024-07-25,132.55313475149023,0.7423349642492658
647,D,2,13.383822835190609,2024-12-26,26.767645670381214,-0.8603510023869169
21,B,5,31.549788111293697,2024-03-06,157.74894055646848,1.124059950658014
841,C,4,7.279164718919821,2024-09-18,29.116658875679285,-0.8247626572152292
167,C,1,41.65633101055142,2024-09-26,41.65633101055142,-0.634782379850635
274,A,4,17.34931052478222,2024-08-20,69.39724209912887,-0.21449818690923525
601,A,2,46.49043292203996,2024-04-15,92.98086584407991,0.14280169558675287
316,C,1,37.96321864697213,2024-06-02,37.96321864697213,-0.6907342822309407
14,A,4,27.357918861717128,2024-01-18,109.43167544686852,0.39203702946111657
242,C,6,39.49651003374058,2024-09-16,236.97906020244352,2.324423081693402
777,A,2,10.877407139424296,2024-11-08,21.754814278848592,-0.9362970947490059
346,B,5,18.958983782637706,2024-04-28,94.79491891318852,0.17028521361789328
565,A,2,6.210337485958568,2024-11-04,12.420674971917135,-1.077712464737759
898,B,1,34.02610887243831,2024-04-11,34.02610887243831,-0.7503828279772621
340,B,1,41.24919371366815,2024-01-25,41.24919371366815,-0.6409506477092701
92,D,1,47.58284990809255,2024-06-28,47.58284990809255,-0.5449936125007896
367,B,1,35.89282332726086,2024-06-10,35.89282332726086,-0.7221014721273388
956,B,2,37.94410581002282,2024-12-15,75.88821162004564,-0.11615780155581319
455,A,2,45.2955100205728,2024-08-02,90.5910200411456,0.10659472273955549
428,C,1,47.13701129861568,2024-05-03,47.13701129861568,-0.5517482183451252
509,D,1,27.10838974413676,2024-10-18,27.10838974413676,-0.8551886143319376
776,B,3,9.940432536872343,2024-06-04,29.82129761061703,-0.8140871418695743
943,D,3,25.98877894424708,2024-07-11,77.96633683274123,-0.0846735011642311
35,A,1,30.02332382925304,2024-11-23,30.02332382925304,-0.811026376273905
206,B,3,33.41951471279948,2024-02-22,100.25854413839843,0.2530609851482354
81,A,4,49.517805078917306,2024-06-18,198.0712203156692,1.7349561375943903
932,D,3,46.29034468808467,2024-11-30,138.87103406425402,0.8380532773670819
562,A,3,22.836389123557783,2024-04-07,68.50916737067335,-0.22795281964746092
872,D,5,10.105415882181942,2024-05-26,50.527079410909714,-0.5003875389484582
388,A,2,14.665621920020197,2024-10-26,29.331243840040397,-0.8215116223708472
2,D,1,12.820983027503924,2024-01-30,12.820983027503924,-1.0716476621963777
390,C,1,21.020572721704845,2024-03-14,21.020572721704845,-0.9474211028712647
566,A,3,44.44201777753544,2024-06-20,133.3260533326063,0.7540449423763915
106,A,2,24.708582776692367,2024-03-24,49.417165553384734,-0.5172031095818409
772,C,6,30.52748171290357,2024-03-13,183.16489027742145,1.5091201919097252
822,C,0,13.062509367742168,2024-08-19,0.0,-1.2658898948045423
477,A,3,27.17817264429784,2024-10-16,81.53451793289352,-0.0306143497125056
703,C,4,44.31324746301314,2024-05-06,177.25298985205256,1.4195528993614583
402,B,5,39.80584685831346,2024-03-25,199.0292342915673,1.7494703736049264
730,D,1,8.653582210955971,2024-09-10,8.653582210955971,-1.134785195179834
556,D,2,43.79325209375518,2024-05-31,87.58650418751036,0.061075290566158874
162,D,2,17.322264383896695,2024-11-07,34.64452876779339,-0.7410135572352771
202,B,2,34.957231220298524,2024-01-07,69.91446244059705,-0.20666212366341294
958,C,4,11.58723073142291,2024-11-02,46.34892292569164,-0.5636880239529254
996,C,3,35.3589966538611,2024-05-15,106.0769899615833,0.34121240884020704
270,A,2,6.60656429857235,2024-07-02,13.2131285971447,-1.0657065240799775
863,C,1,32.0290115481598,2024-11-09,32.0290115481598,-0.7806395284324043
816,A,2,34.06730768426049,2024-12-06,68.13461536852098,-0.2336274092612106
271,B,4,16.002352132657887,2024-08-14,64.00940853063155,-0.2961256891858593
456,D,3,47.1639240369716,2024-11-20,141.4917721109148,0.8777583458608554
462,D,4,7.068757424021577,2024-08-31,28.275029696086307,-0.8375136241669534
727,D,2,45.12691970532225,2024-09-20,90.2538394106445,0.10148632205606187
252,C,3,22.18538694391389,2024-09-07,66.55616083174168,-0.2575415297804224
702,A,0,37.126163376612766,2024-06-18,0.0,-1.2658898948045423
296,A,3,34.3196792306571,2024-02-23,102.9590376919713,0.29397437656796277
725,B,3,12.571079721259798,2024-05-11,37.71323916377939,-0.6945215560162213
720,C,3,19.354967401543643,2024-11-10,58.064902204630926,-0.3861869721653843
749,B,1,28.835306641064022,2024-04-03,28.835306641064022,-0.8290252388038428
338,A,3,43.092962167307306,2024-02-15,129.27888650192193,0.6927289949764602
879,A,1,47.968703417096094,2024-12-15,47.968703417096094,-0.5391478012328267
53,D,4,5.926398500175879,2024-04-08,23.70559400070352,-0.9067421216485066
792,C,0,20.865121496195385,2024-08-21,0.0,-1.2658898948045423
922,A,4,35.06647660621082,2024-09-25,140.26590642484328,0.8591860657767572
217,D,3,28.747824495920018,2024-02-06,86.24347348776006,0.040727920865943894
764,C,2,47.43599521355416,2024-03-15,94.87199042710832,0.1714528731415161
188,B,2,5.7636245541176505,2024-02-27,11.5272491082353,-1.0912481689859552
380,C,4,24.69827293779361,2024-01-19,98.79309175117446,0.23085888544459293
493,C,3,35.096173151208,2024-07-06,105.288519453624,0.329266813757275
41,A,3,14.791267124058017,2024-05-18,44.37380137217405,-0.5936117840425177
157,A,3,37.664212375172674,2024-05-22,112.99263712551804,0.44598680423339176
15,C,7,8.655288269958882,2024-04-17,60.58701788971218,-0.3479760658319695
813,A,6,25.296733826659192,2024-08-08,151.78040295995515,1.0336345857959386
65,A,2,35.43057302858171,2024-05-24,70.86114605716342,-0.19231954643193644
857,A,0,17.00407077082167,2024-12-11,0.0,-1.2658898948045423
839,D,3,8.323088795386825,2024-01-05,24.96926638616048,-0.8875970572716269
521,D,4,48.065972440974924,2024-02-25,192.2638897638997,1.646973114026741
344,C,1,46.12203629578682,2024-09-11,46.12203629578682,-0.5671254331942536
129,A,1,46.68664602252798,2024-08-09,46.68664602252798,-0.5585714047208348
472,C,8,13.31141244851172,2024-02-17,106.49129958809375,0.3474893399204375
63,A,1,12.099919900660035,2024-10-30,12.099919900660035,-1.0825720126388607
139,B,2,6.539656379345466,2024-06-11,13.079312758690932,-1.0677338793275302
499,A,4,45.13202544280021,2024-08-23,180.52810177120085,1.4691719535207421
593,A,4,38.87432785111784,2024-09-04,155.49731140447136,1.0899470068571127
392,D,4,33.49680850033224,2024-12-30,133.98723400132894,0.7640620533088789
675,C,2,46.74542716337618,2024-04-09,93.49085432675236,0.15052819372392662
419,C,5,30.87844765216237,2024-01-21,154.3922382608119,1.0732047746773135
289,D,5,10.83788387264966,2024-04-11,54.18941936324831,-0.44490184901452307
379,A,2,12.958901372075356,2024-01-05,25.917802744150716,-0.8732264103804492
773,B,2,10.948276865214345,2024-07-15,21.896553730428685,-0.934149694080546
490,A,6,18.84461057253646,2024-05-28,113.06766343521876,0.4471234782208197
231,A,350,22.07735749011262,2024-12-10,154.54150243078834,1.0754661773765004
41,B,2,40.85775791081094,2024-11-25,81.71551582162188,-0.027872170432762435
28,D,3,13.606426015040457,2024-07-29,40.819278045121365,-0.6474640156087998
135,C,2,37.6414318779666,2024-06-08,75.28286375593319,-0.1253290265997541
201,D,6,27.105282595152843,2024-05-25,162.63169557091706,1.1980353418780623
840,D,1,49.98469645077228,2024-02-27,49.98469645077228,-0.5086048243843497
780,A,4,39.94621074701911,2024-12-19,159.78484298807643,1.154904561624238
930,C,1,48.60288448939817,2024-08-27,48.60288448939817,-0.5295397433251346
33,C,1,20.405817573589776,2024-03-19,20.405817573589776,-0.9567348514520927
48,D,3,10.537258692481604,2024-05-31,31.61177607744481,-0.7869607870426948
503,B,4,27.765311231534263,2024-01-05,111.06124492613706,0.41672555866080535
407,D,5,10.59077632385633,2024-06-29,52.95388161928165,-0.4636206640496025
574,B,2,27.16032671879292,2024-12-17,54.32065343758583,-0.44291360836722626
728,C,4,17.147346177892118,2024-07-19,68.58938471156847,-0.22673749978033905
805,D,3,27.0971245592639,2024-05-12,81.2913736777917,-0.034298067478570095
99,A,3,47.733629162988464,2024-05-01,143.2008874889654,0.9036520223523785
684,D,1,18.006532890057372,2024-06-17,18.006532890057372,-0.9930848265352934
872,C,4,49.70453222163025,2024-12-19,198.818128886521,1.7462720552619513
726,A,1,15.319826123183848,2024-12-11,15.319826123183848,-1.033789343469872
987,A,4,14.364877054866502,2024-11-03,57.45950821946601,-0.3953588959588815
547,B,1,29.515483534963515,2024-04-07,29.515483534963515,-0.8187203286299428
961,A,1,42.89202222422385,2024-10-08,42.89202222422385,-0.6160612396975655
739,A,2,38.72765836317842,2024-09-24,77.45531672635684,-0.09241562874983256
613,D,0,37.55916208831843,2024-11-21,0.0,-1.2658898948045423
943,C,1,17.71848235184589,2024-12-05,17.71848235184589,-0.9974488896906811
462,B,2,6.0132549231645696,2024-01-19,12.02650984632914,-1.083684199810354
643,D,2,12.27867305649136,2024-05-11,24.55734611298272,-0.8938377888401009
769,A,0,20.726298551262765,2024-04-05,0.0,-1.2658898948045423
5,A,3,48.72576877565903,2024-07-28,146.1773063269771,0.9487457752285919
218,B,3,46.38998560882458,2024-01-05,139.16995682647374,0.8425820583963055
503,C,3,14.029006426974464,2024-05-07,42.0870192809234,-0.6282573067719376
767,B,1,37.653011509311305,2024-02-23,37.653011509311305,-0.6954340253677163
398,D,1,31.05575856065217,2024-07-16,31.05575856065217,-0.7953846406270386
871,B,6,7.242919253947681,2024-07-24,43.45751552368608,-0.6074938247983444
795,A,0,21.726752508436537,2024-06-28,0.0,-1.2658898948045423
393,D,2,26.87331831646561,2024-08-28,53.74663663293123,-0.45161015725521136
207,A,4,35.04083555075458,2024-09-30,140.16334220301832,0.85763218309941
15,C,5,18.27073022064996,2024-11-15,91.35365110324976,0.11814884147145496
858,A,3,47.0218383074517,2024-05-17,141.0655149223551,0.8713004051714794
554,A,2,25.33455755166513,2024-01-23,50.66911510333026,-0.4982356501309917
892,B,2,16.18383308526343,2024-04-29,32.36766617052686,-0.7755087962732136
461,A,4,19.239263926126146,2024-04-24,76.95705570450458,-0.09996445188598255
691,D,4,38.83484428785339,2024-03-22,155.33937715141357,1.0875542494645292
575,D,1,33.812841540855345,2024-07-14,33.812841540855345,-0.753613900239053
864,C,5,38.3980109650601,2024-06-28,191.9900548253005,1.6428244220172807
743,D,1,18.15538213944049,2024-12-17,18.15538213944049,-0.9908297100235406
241,B,4,19.708187832659497,2024-06-23,78.83275133063799,-0.07154702825068632
564,C,2,22.852360244785327,2024-07-16,45.704720489570654,-0.5734479089145795
96,D,5,13.48668493227518,2024-01-26,67.4334246613759,-0.24425068581869278
900,B,2,36.097004522131165,2024-04-08,72.19400904426233,-0.17212622102003294
734,D,6,19.820728133503188,2024-08-20,118.92436880101911,0.53585454693379
485,D,2,19.68063008638736,2024-07-09,39.36126017277472,-0.6695534798955609
407,A,1,17.121423644921293,2024-03-06,17.121423644921293,-1.0064945311974507
231,D,3,25.37725121156414,2024-09-02,76.13175363469242,-0.11246805759800607
749,D,4,39.73892356553948,2024-04-13,158.95569426215792,1.1423426777701586
655,B,3,42.6023917456223,2024-07-09,127.8071752368669,0.6704320711551259
171,B,5,41.2028544957452,2024-05-20,206.014272478726,1.8552960664879428
541,A,4,32.95371099253492,2024-06-27,131.81484397013966,0.7311496090096622
36,D,3,17.61923907762252,2024-09-17,52.85771723286756,-0.4650775870542112
525,A,1,38.068484261376994,2024-06-23,38.068484261376994,-0.6891394725416207
160,D,3,6.771287378395792,2024-06-12,20.313862135187374,-0.9581280074696482
839,C,1,40.91685832897018,2024-01-19,40.91685832897018,-0.6459856412787917
699,C,1,40.11024038299586,2024-01-20,40.11024038299586,-0.6582061761903308
243,A,4,35.150050092941505,2024-10-13,140.60020037176602,0.8642507322269327
86,A,3,9.406645249350998,2024-12-26,28.219935748052997,-0.8383483161282664
796,A,3,49.880360098773394,2024-08-26,149.64108029632018,1.0012231233080577
578,B,2,39.03841365804479,2024-02-13,78.07682731608958,-0.08299953294186495
682,B,6,38.06630739535518,2024-07-14,228.3978443721311,2.1944147572305535
557,B,3,7.880353363819018,2024-07-13,23.641060091457053,-0.9077198322175072
574,A,1,22.94173069578044,2024-12-22,22.94173069578044,-0.9183149092762115
953,D,4,8.877784984114165,2024-12-10,35.51113993645666,-0.727884104693049
646,C,0,21.246665306406832,2024-02-18,0.0,-1.2658898948045423
796,A,5,30.67184994607325,2024-02-28,153.35924973036626,1.0575546487874383
28,B,5,44.54924847604769,2024-05-11,222.74624238023844,2.108791074057197
620,B,1,17.73219798475236,2024-06-15,17.73219798475236,-0.9972410932095789
556,A,1,33.05365936170236,2024-05-14,33.05365936170236,-0.7651157672268386
340,A,2,12.409336505516254,2024-03-29,24.81867301103251,-0.8898785978787789
798,B,4,20.928373562400083,2024-09-27,83.71349424960033,0.0023978790416764742
958,D,3,47.62568638563497,2024-09-19,142.87705915690492,0.8987459135098452
331,B,4,38.64384120122292,2024-04-25,154.57536480489168,1.0759792038061538
640,B,4,29.56125938842273,2024-07-14,118.24503755369092,0.525562448591686
506,A,3,16.32635596202727,2024-12-19,48.979067886081815,-0.5238404375320297
348,D,1,22.08673501897499,2024-04-17,22.08673501897499,-0.9312683831850956
473,B,3,12.051200023363153,2024-12-27,36.15360007008945,-0.7181506162038385
231,B,2,20.90602368936774,2024-02-16,41.81204737873548,-0.6324232241646146
190,C,3,11.778477182923655,2024-08-28,35.33543154877097,-0.7305461462415662
225,A,4,40.78881648550014,2024-11-04,163.15526594200057,1.205967610221962
385,C,4,8.634159047402969,2024-08-17,34.53663618961188,-0.7426481663150074
377,C,4,13.52324659131973,2024-09-01,54.09298636527892,-0.4463628415751162
283,B,0,36.10250284013392,2024-11-11,0.0,-1.2658898948045423
958,A,0,45.61325205892605,2024-09-06,0.0,-1.2658898948045423
628,B,3,42.62103125333496,2024-03-02,127.86309376000486,0.6712792557083826
973,D,4,14.516229936480125,2024-02-28,58.06491974592049,-0.38618670640890984
745,D,4,17.857007862442238,2024-08-25,71.42803144976895,-0.18373104085038813
259,A,3,44.18385588493488,2024-07-07,132.55156765480464,0.7423112222040367
359,C,5,45.01998341348499,2024-02-25,225.0999170674249,2.1444500422573465
710,A,1,33.82939246190506,2024-03-18,33.82939246190506,-0.7533631481828712
456,D,4,19.11384946340915,2024-08-09,76.4553978536366,-0.10756473813150472
411,B,1,15.082549837068951,2024-02-16,15.082549837068951,-1.0373841595195508
649,D,4,43.35272146682359,2024-05-17,173.41088586729435,1.3613437234885024
318,B,4,14.236474930239012,2024-01-24,56.94589972095605,-0.40314023856132347
677,B,1,34.78119578070877,2024-01-29,34.78119578070877,-0.7389430057295443
225,A,2,48.557900423035946,2024-05-14,97.11580084607188,0.20544736049041606
819,D,3,36.73811266249075,2024-12-16,110.21433798747223,0.40389463187268765
234,C,2,16.59516409240689,2024-12-15,33.19032818481378,-0.7630451882960231
684,D,4,17.712765557350018,2024-10-07,70.85106222940007,-0.1924723198358001
664,D,2,9.180264893940745,2024-10-18,18.36052978788149,-0.9877216537097611
827,A,4,28.32960566587097,2024-03-11,113.31842266348389,0.45092256540788084
374,D,4,14.291226479127518,2024-07-24,57.16490591651007,-0.39982222056783767
672,D,1,15.245073524724354,2024-08-29,15.245073524724354,-1.0349218706393475
608,B,3,5.40610496452324,2024-11-01,16.21831489356972,-1.0201769344713791
472,D,3,49.028872959799074,2024-07-02,147.08661887939724,0.9625221681886179
233,C,3,42.26081834934192,2024-05-07,126.78245504802577,0.6549072134392888
692,B,7,22.73764777377004,2024-08-17,159.16353441639026,1.1454915264580563
113,A,3,47.57404328573413,2024-02-10,142.7221298572024,0.8963986821777328
830,B,2,35.470397261948065,2024-10-07,70.94079452389613,-0.19111284520093186
497,C,1,38.81581410325161,2024-06-10,38.81581410325161,-0.6778171724754695
442,C,3,35.59799749431832,2024-11-07,106.79399248295496,0.3520752397353222
564,B,3,39.05819743794308,2024-12-05,117.17459231382924,0.5093448408755329
268,A,0,12.692251766100949,2024-06-06,0.0,-1.2658898948045423
510,B,3,30.30790988906591,2024-11-19,90.92372966719772,0.11163538619226841
807,A,5,43.22193239248059,2024-01-21,216.10966196240292,2.0082446343279985
386,B,4,5.879416278652626,2024-12-12,23.517665114610505,-0.9095893078843797
387,C,4,10.554932902484348,2024-01-10,42.21973160993739,-0.6262466700659216
113,D,5,16.05379143474901,2024-03-27,80.26895717374504,-0.049788023590002665
613,D,2,18.26270135274546,2024-02-02,36.52540270549092,-0.712517680426991
625,A,3,13.221673996583077,2024-12-26,39.66502198974922,-0.6649513855488433
952,A,3,33.09486754689797,2024-12-04,99.28460264069392,0.23830544179106616
81,A,4,18.23085820371845,2024-07-21,72.92343281487382,-0.16107520399449793
699,C,1,12.11449296711162,2024-01-04,12.11449296711162,-1.0823512257493197
113,B,2,45.76217819840601,2024-01-23,91.52435639681202,0.12073508445051784
2,C,3,36.27655391962983,2024-07-15,108.8296617588895,0.38291631831417366
642,D,2,16.072643595880614,2024-11-04,32.14528719176123,-0.7788779130739999
220,A,3,21.24291349900273,2024-09-30,63.7287404970082,-0.30037790489785193
566,B,5,38.33535032999144,2024-09-29,191.6767516499572,1.638077772861646
855,D,1,40.59095331067155,2024-04-16,40.59095331067155,-0.650923212620765
997,D,1,12.939627443910313,2024-07-18,12.939627443910313,-1.0698501591281784
736,D,1,47.145923783317926,2024-12-08,47.145923783317926,-0.5516131911851223
225,C,1,40.33723725455055,2024-08-02,40.33723725455055,-0.6547670967506917
385,A,1,43.55664967102342,2024-01-02,43.55664967102342,-0.6059919089105217
403,D,1,11.473646313348471,2024-04-30,11.473646313348471,-1.0920602694723625
638,A,3,11.451521849602235,2024-04-12,34.35456554880671,-0.7454065981518274
130,C,2,18.741597990141532,2024-05-28,37.48319598028307,-0.6980067881129145
53,D,5,7.909088883123783,2024-05-31,39.54544441561892,-0.666763026272422
684,C,5,9.09802970850969,2024-02-22,45.49014854254845,-0.5766987465418709
730,C,2,11.444321998397175,2024-06-14,22.88864399679435,-0.9191191907350305
672,A,2,37.05933797082262,2024-11-01,74.11867594164524,-0.1429668660491475
710,D,4,6.360363123853963,2024-06-15,25.44145249541585,-0.8804432778873498
416,C,0,8.746015161587026,2024-11-11,0.0,-1.2658898948045423
247,D,2,47.48825912835567,2024-12-29,94.97651825671132,0.17303650514135702
836,A,3,8.764550675255483,2024-10-21,26.29365202576645,-0.8675321665437169
439,C,3,29.18580666210508,2024-03-11,87.55741998631524,0.060634655073416574
203,A,3,33.915793651823414,2024-05-07,101.74738095547023,0.2756173668794077
184,D,1,48.13670811718828,2024-02-02,48.13670811718828,-0.5366024731589525
123,D,3,45.491122306023975,2024-06-05,136.47336691807192,0.8017278085222542
401,A,1,24.83072452339709,2024-11-25,24.83072452339709,-0.8896960133871701
767,B,2,47.39738275924272,2024-09-22,94.79476551848543,0.1702828896362193
294,C,2,24.451964365906317,2024-07-22,48.90392873181263,-0.5249788211528664
280,D,1,35.14634219617845,2024-07-13,35.14634219617845,-0.7334109139377102
837,D,6,16.682363182318706,2024-04-18,100.09417909391225,0.25057079908876956
884,C,2,33.64900366502945,2024-06-07,67.2980073300589,-0.24630230422520857
610,A,7,29.21850250738995,2024-10-09,204.52951755172964,1.8328015267730817
982,A,2,35.719304060014764,2024-08-14,71.43860812002953,-0.18357080071587056
907,B,2,12.805488504596187,2024-09-08,25.61097700919237,-0.87787492412172
511,B,6,18.556826043904785,2024-09-21,111.34095626342872,0.4209632800995432
752,D,3,38.13086241164877,2024-09-18,114.39258723494628,0.4671965222567316
144,A,1,12.372079382180708,2024-05-13,12.372079382180708,-1.0784487043712616
609,C,3,20.49080624235279,2024-01-26,61.47241872705837,-0.3345619434491287
201,D,0,34.99154109918918,2024-02-12,0.0,-1.2658898948045423
187,D,2,8.388509305980383,2024-01-16,16.777018611960766,-1.011712384023574
326,B,1,28.24523595908017,2024-04-14,28.24523595908017,-0.8379650093674016
464,D,3,8.685740265698925,2024-10-05,26.05722079709677,-0.8711141796870593
349,B,3,22.060937792819328,2024-07-21,66.18281337845798,-0.2631978700710871
771,D,5,12.892392683930542,2024-07-26,64.4619634196527,-0.2892693294330515
660,A,1,34.2247290160331,2024-06-14,34.2247290160331,-0.7473736655713807
764,C,2,39.10246483796122,2024-02-28,78.20492967592244,-0.08105873882935961
955,A,3,16.130444295149765,2024-02-17,48.391332885449295,-0.5327448217325169
932,D,6,37.07992170737357,2024-05-27,222.47953024424143,2.104750294918139
403,D,2,25.106852203550588,2024-10-03,50.213704407101176,-0.5051352763296544
346,D,3,17.761101367508154,2024-06-26,53.28330410252446,-0.45862980192310715
963,B,4,28.553075090903054,2024-10-15,114.2123003636122,0.4644651151311822
511,C,5,22.08425647194345,2024-04-23,110.42128235971728,0.407029909160267
147,C,1,15.349831454986104,2024-10-22,15.349831454986104,-1.0333347525366403
148,D,4,39.05801582584929,2024-08-05,156.23206330339715,1.101078746830114
864,D,4,40.88858670208863,2024-09-22,163.55434680835452,1.2120138204310777
711,B,1,41.01405083397516,2024-06-10,41.01405083397516,-0.6445131419295258
820,A,6,22.19642582160625,2024-11-24,133.17855492963753,0.7518102916450605
489,A,5,12.62878031342178,2024-02-05,63.1439015671089,-0.30923841264644736
929,C,5,42.81850766783653,2024-03-15,214.09253833918265,1.9776845286652385
936,B,6,19.8168744418796,2024-05-14,118.9012466512776,0.5355042385386493
640,D,3,38.66300610134088,2024-09-28,115.98901830402264,0.49138299332507385
551,C,1,41.785275246985165,2024-06-27,41.785275246985165,-0.6328288310226617
338,B,1,39.5668623921241,2024-06-07,39.5668623921241,-0.6664385366786528
872,A,6,22.541271381086343,2024-08-30,135.24762828651805,0.783157453357105
641,B,2,47.21075269651717,2024-10-27,94.42150539303434,0.16462787239177795
779,A,4,34.70730875613721,2024-07-22,138.82923502454884,0.8374200077670992
988,B,3,30.908582794459544,2024-10-09,92.72574838337864,0.1389365797030773
473,A,2,7.012720546942553,2024-05-22,14.025441093885108,-1.0533997147967982
946,C,4,22.57317377503871,2024-01-08,90.29269510015484,0.10207499890430569
151,C,0,44.65477192307949,2024-04-25,0.0,-1.2658898948045423
415,A,1,12.248586567307136,2024-12-08,12.248586567307136,-1.0803196623173605
990,A,2,23.648029148134835,2024-09-28,47.29605829626967,-0.5493386024952592
298,D,7,23.236159602738688,2024-06-24,162.6531172191708,1.198359887100065
611,D,5,21.0218769816361,2024-08-01,105.1093849081805,0.3265528647590156
263,D,3,30.3058097986541,2024-08-02,90.9174293959623,0.11153993495048926
144,C,2,16.51319819539834,2024-08-16,33.02639639079668,-0.7655288104642324
346,D,3,36.72307051587463,2024-10-26,110.16921154762387,0.40321095103425275
624,C,1,39.10977489990518,2024-11-22,39.10977489990518,-0.6733635669041359
572,C,3,31.3024315855848,2024-02-06,93.9072947567544,0.1568374071983047
881,A,3,9.386405955553144,2024-10-10,28.159217866659432,-0.839268212583618
2,A,4,30.75680738053838,2024-11-19,123.02722952215352,0.5980142756257206
897,C,3,47.90590140526193,2024-08-11,143.71770421578577,0.9114819706996681
304,D,4,20.39270649749031,2024-10-28,81.57082598996124,-0.03006427035810913
254,B,2,33.785965687074274,2024-07-19,67.57193137414855,-0.24215226223740707
652,D,4,48.17289795913617,2024-04-09,192.6915918365447,1.653452945199084
37,D,3,35.97384783636693,2024-03-15,107.9215435091008,0.36915801944327054
160,A,4,48.70169954457413,2024-07-30,194.80679817829653,1.685499037247364
9,C,1,12.676232988446008,2024-07-09,12.676232988446008,-1.0738406742841726
233,C,6,39.77369548249274,2024-03-03,238.64217289495645,2.3496198019276995
99,A,4,23.307609529524804,2024-04-21,93.23043811809922,0.14658280001522067
659,B,2,21.21942594562269,2024-05-22,42.438851891245385,-0.6229269236346466
816,B,0,28.430263148088216,2024-04-08,0.0,-1.2658898948045423
208,B,2,6.51879764498562,2024-09-21,13.03759528997124,-1.0683659130994718
131,A,4,19.06383294177633,2024-08-12,76.2553317671053,-0.11059580706230748
404,B,3,12.479697253553535,2024-03-15,37.4390917606606,-0.6986749819689184
152,A,4,11.241090473778712,2024-10-04,44.96436189511485,-0.5846645922226562
54,D,4,20.18032295090441,2024-07-16,80.72129180361766,-0.04293500083785011
673,A,3,14.049998053478092,2024-10-19,42.14999416043428,-0.6273032160311431
920,C,2,28.91371029945844,2024-02-26,57.82742059891687,-0.38978489887648843
628,D,5,38.68952873158197,2024-09-05,193.44764365790985,1.6649073862067973
587,B,5,15.843719070730335,2024-04-23,79.21859535365168,-0.06570136069868066
625,A,4,46.58914830900974,2024-05-19,186.35659323603892,1.5574755720840832
968,B,2,43.99240564992216,2024-12-24,87.98481129984431,0.06710977813996549
420,B,1,16.303019528022915,2024-02-10,16.303019528022915,-1.0188936305879601
104,B,6,35.11269923517573,2024-08-19,210.6761954110544,1.9259257769149885
852,C,1,17.874501683918016,2024-04-14,17.874501683918016,-0.9950851439992072
254,D,6,35.64668548875056,2024-04-15,213.88011293250335,1.974466211850719
227,A,3,34.98117216814812,2024-10-26,104.94351650444436,0.3240399022980449
112,B,4,32.2787131130448,2024-05-09,129.1148524521792,0.6902438235993955
510,A,3,37.02632499853137,2024-06-09,111.07897499559412,0.4169941752144853
473,B,3,17.0742060668858,2024-09-13,51.2226182006574,-0.4898498908526496
99,A,4,49.054346851529054,2024-08-16,196.21738740611625,1.7068699415155426
153,B,1,43.60530907738212,2024-12-15,43.60530907738212,-0.6052547024335905
861,B,5,38.55836086831944,2024-06-30,192.7918043415972,1.6549711985713023
914,B,2,6.18372471214621,2024-01-14,12.36744942429242,-1.0785188498004519
896,B,4,31.56734179627808,2024-04-09,126.26936718511232,0.6471337586423626
878,B,5,36.79177946640712,2024-08-12,183.9588973320356,1.52114966754853
338,B,3,43.43449221985474,2024-12-23,130.3034766595642,0.7082518826756209
706,B,3,47.577070480502414,2024-08-18,142.73121144150724,0.8965362712539533
822,B,4,46.21338949737886,2024-02-22,184.85355798951545,1.5347040793407283
163,B,2,23.27202196172097,2024-01-06,46.54404392344194,-0.5607318747910051
720,A,4,45.34255345882788,2024-03-30,181.37021383531152,1.4819302363363593
957,C,0,5.033696414669204,2024-03-04,0.0,-1.2658898948045423
681,B,0,20.81638451785039,2024-03-28,0.0,-1.2658898948045423
996,C,4,10.124648115367714,2024-02-02,40.49859246147086,-0.6523225107491413
161,B,2,44.73804650225911,2024-03-12,89.47609300451822,0.08970320074587346
580,B,2,46.75918574451134,2024-02-13,93.51837148902268,0.1509450880465354
801,A,1,16.520378816760065,2024-09-09,16.520378816760065,-1.0156005637902072
398,D,2,21.52897016564585,2024-04-16,43.0579403312917,-0.6135475242142955
816,A,2,30.47285586782284,2024-01-02,60.94571173564568,-0.3425417326527221
916,C,3,27.36751295397378,2024-05-15,82.10253886192135,-0.022008640369794708
504,D,0,27.51959412574597,2024-04-26,0.0,-1.2658898948045423
896,A,2,36.32846806727522,2024-04-30,72.65693613455043,-0.16511271890717125
392,A,3,47.95443656474063,2024-10-14,143.86330969422187,0.9136879429835978
135,D,4,21.49800933885677,2024-11-07,85.9920373554271,0.036918578353131636
195,C,6,12.769607576706932,2024-04-03,76.61764546024159,-0.10510663197266515
401,A,4,13.325580146884567,2024-01-07,53.30232058753828,-0.4583416957383068
640,B,3,5.916156713820801,2024-03-28,17.748470141462402,-0.9969945645275013
33,C,2,29.99347232536824,2024-06-30,59.98694465073648,-0.3570673785196944
688,C,5,46.81027484917029,2024-07-09,234.05137424585143,2.2800676484661633
460,D,3,37.08846029205266,2024-07-26,111.26538087615798,0.41981828740107346
955,D,3,49.68340369576119,2024-10-17,149.05021108728357,0.9922712547893583
883,B,2,45.92873333414551,2024-12-19,91.857466668291,0.12578181781706096
470,A,3,27.133595302569088,2024-10-04,81.40078590770726,-0.032640435160685786
375,D,6,26.89472212660392,2024-11-10,161.3683327596235,1.1788949676545453
22,D,1,33.276075342285566,2024-02-21,33.276075342285566,-0.7617460898359913
750,C,2,9.992101883104,2024-09-23,19.984203766208,-0.9631224433448969
670,D,2,32.34579082030714,2024-08-31,64.69158164061427,-0.28579053566260426
38,D,2,25.883330891531816,2024-06-30,51.76666178306363,-0.48160744642728603
230,D,7,33.923319200267514,2024-07-29,237.4632344018726,2.331758484701629
365,D,1,30.43444857283366,2024-07-16,30.43444857283366,-0.8047976972481045
563,C,3,18.967813712803338,2024-09-26,56.90344113841002,-0.40378350045859196
776,B,1,21.47064587913559,2024-04-11,21.47064587913559,-0.9406023421920866
283,A,2,13.757951329151805,2024-11-28,27.51590265830361,-0.8490146557443145
27,D,4,35.37818814911142,2024-10-08,141.5127525964457,0.8780762073182787
226,C,1,18.78561918583611,2024-08-24,18.78561918583611,-0.9812814054433345
277,A,4,45.00611509397162,2024-08-03,180.0244603758865,1.4615416159054524
798,A,4,13.969960687139617,2024-11-16,55.87984274855846,-0.4192913625400222
609,B,4,32.00648172946313,2024-10-28,128.02592691785253,0.6737462331667505
284,C,2,30.7196948682164,2024-05-06,61.4393897364328,-0.33506234383700395
879,C,5,13.89838103605182,2024-04-03,69.4919051802591,-0.2130640091878502
960,C,3,24.794907748904293,2024-03-14,74.38472324671288,-0.1389361593237065
481,B,3,35.39924471942574,2024-05-07,106.1977341582772,0.3430417242905115
453,B,3,19.33372420204884,2024-03-14,58.00117260614651,-0.38715249715409056
829,B,2,10.122379583335926,2024-09-12,20.24475916667185,-0.9591749408331439
816,B,3,32.68583217310463,2024-04-11,98.05749651931389,0.2197143686921723
659,B,0,15.085485601723224,2024-02-16,0.0,-1.2658898948045423
516,D,1,35.66637408513145,2024-06-13,35.66637408513145,-0.7255322547958193
547,D,1,42.77601934628753,2024-09-12,42.77601934628753,-0.6178187225638158
192,C,3,10.5509917152408,2024-10-09,31.652975145722404,-0.7863366072129229
49,A,5,24.69240959995854,2024-09-04,123.4620479997927,0.6046019227425393
512,C,1,25.021502120696123,2024-07-22,25.021502120696123,-0.8868056682122728
17,A,7,33.46411633944324,2024-03-26,234.24881437610264,2.2830589332704694
172,B,3,20.04835679589056,2024-11-19,60.14507038767168,-0.35467172008155323
220,A,2,23.835612001495107,2024-06-12,47.671224002990215,-0.5436547150495705
158,C,6,5.539605981271486,2024-12-30,33.23763588762892,-0.7623284605853115
477,C,5,10.50916600324667,2024-02-26,52.54583001623335,-0.469802783956119
46,A,4,30.643794479975185,2024-07-24,122.57517791990074,0.5911655408378099
373,D,3,14.715311013276263,2024-05-27,44.14593303982879,-0.5970640664081126
518,B,1,11.50596004083688,2024-10-27,11.50596004083688,-1.0915707055631227
99,B,4,19.59857455838734,2024-10-05,78.39429823354936,-0.07818974108243708
892,C,1,12.359106271990555,2024-10-16,12.359106271990555,-1.0786452513818772
745,D,1,7.683009641514633,2024-01-21,7.683009641514633,-1.1494896981334763
37,A,5,17.773621211487892,2024-05-16,88.86810605743946,0.08049199270169655
280,B,2,12.3961298614498,2024-01-10,24.7922597228996,-0.8902787681345582
349,D,4,40.97280840506764,2024-11-03,163.89123362027055,1.2171177696635536
497,B,6,7.819563511879841,2024-02-14,46.917381071279046,-0.5550756906313445
302,D,3,38.634945654501145,2024-09-05,115.90483696350344,0.4901076175218832
181,D,1,22.22583563674408,2024-01-30,22.22583563674408,-0.9291609617420845
607,C,3,35.389458920722774,2024-08-12,106.16837676216832,0.34259694980235267
99,B,2,7.371024635002513,2024-06-25,14.742049270005026,-1.042542858365728
700,A,4,46.43167976553069,2024-04-05,185.72671906212275,1.5479327651447685
993,C,2,39.531906376322425,2024-01-17,79.06381275264485,-0.06804636949589755
116,C,5,11.306438234340176,2024-01-28,56.53219117170089,-0.4094080631176791
191,A,3,14.845296696231216,2024-05-05,44.53589008869365,-0.5911560851222541
253,C,4,33.97983046877686,2024-10-27,135.91932187510744,0.7933338385840647
981,D,3,46.47031719324576,2024-09-29,139.4109515797373,0.8462332104819408
928,D,3,25.06245759528051,2024-07-05,75.18737278584153,-0.12677574711913495
983,B,0,26.853475775981256,2024-05-21,0.0,-1.2658898948045423
161,B,3,15.701011762506337,2024-05-17,47.103035287519006,-0.5522629664136922
256,A,0,22.23548940295095,2024-12-02,0.0,-1.2658898948045423
323,B,3,17.870796627363756,2024-08-16,53.612389882091264,-0.45364404097127325
128,D,5,20.775701733701588,2024-08-01,103.87850866850796,0.3079046730918527
18,A,2,5.926893113990625,2024-09-30,11.85378622798125,-1.0863010210930966
793,A,0,6.847733510250698,2024-10-17,0.0,-1.2658898948045423
735,B,5,35.63089402590063,2024-02-27,178.15447012950315,1.433210630704569
566,D,3,35.68078350151829,2024-01-18,107.04235050455488,0.35583794782862704
570,A,2,19.86037701511257,2024-06-28,39.720754030225145,-0.6641070262710383
323,D,3,44.84580785392266,2024-06-06,134.53742356176798,0.7723976113817757
872,D,2,16.97504522899655,2024-09-12,33.9500904579931,-0.751534532687384
686,D,3,22.81031518882521,2024-02-06,68.43094556647564,-0.22913790645815302
792,B,4,37.91190309274202,2024-10-22,151.6476123709681,1.0316227634248407
626,C,1,38.46056530058151,2024-09-18,38.46056530058151,-0.6831993120831725
288,C,3,43.75245932173327,2024-03-19,131.2573779651998,0.7227038103395929
943,A,2,6.307656885768309,2024-06-02,12.615313771536618,-1.0747636210407385
854,D,2,13.26914065135213,2024-12-26,26.53828130270426,-0.863825950194176
663,B,0,33.82572968015274,2024-12-12,0.0,-1.2658898948045423
962,D,3,20.218989615638165,2024-06-06,60.656968846914495,-0.3469162851528353
639,D,3,6.960275191889068,2024-03-15,20.880825575667203,-0.949538319436386
155,B,2,31.39100032580098,2024-02-24,62.78200065160196,-0.314721334015285
490,C,1,22.68829393091652,2024-07-24,22.68829393091652,-0.9221545620490568
386,D,3,21.384268634480765,2024-08-02,64.1528059034423,-0.2939531704495695
986,D,4,16.896392810862164,2024-01-09,67.58557124344865,-0.24194561360058628
785,C,4,5.269905190263319,2024-04-15,21.079620761053278,-0.9465265050881174
104,B,5,13.20620076367821,2024-11-13,66.03100381839104,-0.26549783629172763
929,A,5,26.340588401837227,2024-09-01,131.70294200918613,0.72945425642381
393,C,2,17.408140388951306,2024-11-02,34.81628077790261,-0.7384114561462274
811,A,3,44.34749056685548,2024-04-12,133.04247170056644,0.7497485846621722
246,A,3,11.434984797036488,2024-10-01,34.30495439110946,-0.7461582239836936
176,C,2,44.39031291662906,2024-11-20,88.78062583325813,0.07916663769439386
39,D,2,23.217161382306827,2024-12-03,46.43432276461365,-0.5623941874864857
477,A,4,17.412814088092137,2024-02-02,69.65125635236855,-0.21064978499202472
682,A,1,18.69313363316778,2024-04-17,18.69313363316778,-0.982682592871456
759,B,6,19.853185677304644,2024-09-25,119.11911406382788,0.5388050035841646
538,D,1,27.795379310707013,2024-03-13,27.795379310707013,-0.8447804898610716
867,A,4,20.9247040068712,2024-12-11,83.69881602748481,0.0021754990082327877
818,B,2,34.12428561671844,2024-06-29,68.24857123343688,-0.23190093933510797
921,D,4,24.1330553187319,2024-09-24,96.5322212749276,0.19660593245323615
408,C,3,35.22396693572181,2024-05-31,105.67190080716544,0.33507517103319345
525,C,5,32.19918882582209,2024-03-08,160.99594412911046,1.1732531538534052
828,B,5,16.000428759316762,2024-12-13,80.00214379658381,-0.053830336566967195
506,C,1,41.57479795325397,2024-07-15,41.57479795325397,-0.6360176332666057
903,A,4,40.95416604978156,2024-10-21,163.81666419912622,1.215988017692406
825,D,2,49.50412101573689,2024-02-01,99.00824203147378,0.23411848501679125
36,A,3,12.877256049505538,2024-04-17,38.63176814851661,-0.6806055309869452
685,A,1,43.152719867315845,2024-03-19,43.152719867315845,-0.612111582161849
20,C,4,44.23914151441768,2024-09-15,176.95656605767073,1.4150619785408478
321,A,3,33.89738749710666,2024-06-23,101.69216249132,0.27478078845677617
776,C,4,27.78731500022107,2024-01-15,111.14926000088428,0.4180590168352214
512,D,4,48.0766800276065,2024-02-20,192.306720110426,1.647622008274148
400,D,4,48.77113675443482,2024-04-16,195.08454701773928,1.68970702617941
654,A,3,33.87638553539905,2024-07-28,101.62915660619716,0.27382622797046546
972,B,1,21.18019360658731,2024-07-20,21.18019360658731,-0.9450027924356337
883,C,5,41.77243325596748,2024-10-03,208.8621662798374,1.8984426215510084
471,C,5,9.016496024671532,2024-08-05,45.08248012335766,-0.5828750610832432
143,A,4,18.07680398134039,2024-02-10,72.30721592536156,-0.17041109845227437
354,C,3,41.64500242431362,2024-07-21,124.93500727294088,0.6269177543089198
834,B,2,47.28121122061057,2024-12-01,94.56242244122114,0.1667628133704563
800,B,5,31.765755712359063,2024-04-08,158.8287785617953,1.1404198619502968
727,A,6,23.345260616665215,2024-05-28,140.07156369999132,0.8562417077126822
959,B,3,49.08605465259671,2024-04-14,147.25816395779012,0.9651211341921212
854,A,0,18.92415136357197,2024-07-21,0.0,-1.2658898948045423
51,D,3,39.08364255090155,2024-04-04,117.25092765270466,0.5105013470980475
665,A,1,30.11931310550937,2024-06-25,30.11931310550937,-0.809572106247459
698,D,0,15.282821548150942,2024-03-05,0.0,-1.2658898948045423
575,A,1,5.78674793338442,2024-02-10,5.78674793338442,-1.1782187048723842
190,C,4,22.26938407268376,2024-08-11,89.07753629073503,0.08366493162562388
125,B,2,29.64584267947889,2024-03-07,59.29168535895778,-0.36760079212666635
150,D,8,13.243568042906,2024-09-11,105.948544343248,0.3392664142452013
314,A,7,23.6549698637552,2024-10-24,165.5847890462864,1.2427757076149022
570,B,3,32.68354687965319,2024-03-09,98.05064063895958,0.2196104997841753
342,A,3,37.1715406889506,2024-06-19,111.5146220668518,0.42359437580509274
305,B,3,7.3734138457941825,2024-04-10,22.120241537382547,-0.9307607480896861
692,B,0,34.88813698110624,2024-05-19,0.0,-1.2658898948045423
682,A,3,7.550028899497394,2024-07-24,22.65008669849218,-0.922733414552953
838,D,3,6.26834729117047,2024-11-15,18.80504187351141,-0.9809871451507182
783,D,4,11.858541165972758,2024-12-29,47.43416466389103,-0.5472462442785274
54,C,1,34.413982574520446,2024-11-02,34.413982574520446,-0.7445064101003486
444,B,3,7.37696492980055,2024-03-13,22.13089478940165,-0.9305993477156049
613,C,4,5.940329549250836,2024-02-29,23.761318197003344,-0.9058978812126248
993,C,4,10.308178010639924,2024-12-01,41.2327120425597,-0.6412003506054016
264,A,2,47.737444581975694,2024-06-04,95.4748891639514,0.18058699307832746
53,A,5,45.82749874672474,2024-05-03,229.13749373362373,2.2056206954191717
572,A,2,8.890968879484431,2024-01-14,17.781937758968862,-0.996487518793911
620,B,4,18.680593258245334,2024-09-20,74.72237303298135,-0.1338206507715338
5,A,3,47.628159757127,2024-01-27,142.884479271381,0.8988583307557731
103,A,3,9.395945305542554,2024-09-01,28.187835916627662,-0.8388346394397493
196,B,2,9.25681918914654,2024-02-19,18.51363837829308,-0.9854020067396936
774,B,2,8.870175398062802,2024-07-05,17.740350796125604,-0.9971175753576503
877,D,1,48.941430759440415,2024-02-26,48.941430759440415,-0.5244106527403408
992,A,3,38.43988309770946,2024-09-15,115.31964929312838,0.48124182623703565
884,A,5,14.65179653116843,2024-06-03,73.25898265584215,-0.15599151032442748
350,A,1,7.067626758342633,2024-02-03,7.067626758342633,-1.1588129571128971
47,D,2,48.435867901019,2024-01-26,96.871735802038,0.20174969246035554
867,A,3,24.1470068791861,2024-09-06,72.4410206375583,-0.16838391177128187
823,D,2,31.926892473273856,2024-03-26,63.85378494654771,-0.298483439161355
936,C,3,17.563830507415645,2024-06-08,52.691491522246935,-0.4675959628354257
820,D,4,39.126214503091965,2024-07-18,156.50485801236786,1.1052116790085975
656,C,1,13.856105565230742,2024-04-15,13.856105565230742,-1.0559652053738584
269,A,1,40.41103700189815,2024-10-01,40.41103700189815,-0.6536490055980895
370,C,3,15.37713695007656,2024-10-15,46.13141085022968,-0.5669834055212756
636,D,3,9.406050155786456,2024-09-14,28.21815046735937,-0.8383753637350699
106,B,3,26.54701495388616,2024-08-07,79.64104486165849,-0.05930110765853306
670,C,2,41.59475631030429,2024-01-15,83.18951262060857,-0.0055406199987389935
659,C,1,22.318911340797616,2024-01-21,22.318911340797616,-0.9277508333207185
657,A,3,6.299314280117603,2024-11-29,18.89794284035281,-0.9795796640572624
120,D,5,29.898937053421868,2024-02-28,149.49468526710933,0.9990051890626374
831,C,0,35.621212501558745,2024-12-25,0.0,-1.2658898948045423
604,C,4,23.086622943917774,2024-04-27,92.34649177567113,0.13319071372271735
58,C,1,9.365883417158026,2024-04-22,9.365883417158026,-1.1239935908008745
951,B,6,31.294689550852382,2024-10-21,187.76813730511432,1.5788609425204871
346,D,0,19.82965483571818,2024-10-02,0.0,-1.2658898948045423
474,A,1,27.622044862759747,2024-11-24,27.622044862759747,-0.8474065654190029
117,B,3,26.25197210595404,2024-09-21,78.75591631786212,-0.07271110470192613
830,D,1,18.914428954326056,2024-08-22,18.914428954326056,-0.9793298938502255
791,C,1,20.245392742259657,2024-02-20,20.245392742259657,-0.9591653419485314
127,B,2,28.07396528359604,2024-06-14,56.14793056719208,-0.41522974134336854
393,D,8,18.799915789174765,2024-08-18,150.39932631339812,1.0127108071235273
908,C,2,45.15371979657855,2024-08-08,90.3074395931571,0.10229838296411525
641,B,6,24.75580695930989,2024-09-27,148.53484175585933,0.9844632349722452
58,D,3,18.140993780586093,2024-03-24,54.42298134175828,-0.4413633059823053
634,A,3,11.992767509351722,2024-08-17,35.97830252805517,-0.7208064333016708
513,A,5,35.25578268351612,2024-10-23,176.27891341758058,1.4047953116665877
751,D,8,6.160412447851282,2024-08-09,49.28329958281026,-0.5192312243479913
802,A,3,25.24981042264732,2024-06-02,75.74943126794196,-0.11826037086558742
96,D,2,29.755481916525078,2024-02-23,59.51096383305015,-0.3642786490211618
638,C,2,20.290307489614925,2024-04-28,40.58061497922985,-0.651079841841502
118,D,3,38.74179862737526,2024-07-16,116.22539588212578,0.4949641936441733
560,C,6,35.40472235770724,2024-09-29,212.42833414624343,1.952471271830024
601,B,3,48.71295444064828,2024-07-16,146.13886332194485,0.9481633506898799
488,D,4,27.894505968035688,2024-05-07,111.57802387214277,0.4245549346159644
237,B,4,29.201556408322237,2024-04-01,116.80622563328892,0.5037639609778594
885,A,3,16.062769363721998,2024-01-09,48.18830809116599,-0.535820716087248
897,C,4,22.346775082882424,2024-08-14,89.3871003315297,0.08835493162719693
272,D,5,6.208726602123678,2024-02-15,31.043633010618397,-0.7955683468143965
189,B,6,36.017365486896026,2024-05-13,216.10419292137613,2.008161776505241
999,C,3,19.0230259857593,2024-01-16,57.0690779572779,-0.4012740465867639
704,C,4,29.316515435001406,2024-08-02,117.26606174000564,0.5107306336433556
447,A,6,16.474657838492707,2024-04-21,98.84794703095623,0.23168996150110902
581,A,2,32.94662901528464,2024-12-08,65.89325803056929,-0.2675847316024437
790,C,8,25.141212182932,2024-06-05,201.129697463456,1.7812931016394027
861,C,3,26.68372935738324,2024-11-13,80.05118807214971,-0.053087299191273384
247,D,1,47.41732129168968,2024-12-25,47.41732129168968,-0.5475014270686475
963,C,4,36.77721454057371,2024-10-22,147.10885816229484,0.962859100852234
76,D,4,16.785488102003328,2024-07-16,67.14195240801331,-0.24866658911682726
154,C,1,27.676481798364144,2024-02-27,27.676481798364144,-0.8465818274183784
656,A,1,26.000276857339024,2024-03-18,26.000276857339024,-0.8719768996491966
435,D,5,40.77736730952637,2024-08-29,203.88683654763184,1.8230646920215645
997,B,4,42.50098013432911,2024-04-08,170.00392053731645,1.309727045524429
86,A,3,17.754927023377643,2024-01-06,53.264781070132926,-0.4589104321336524
697,D,2,41.95181542578064,2024-10-05,83.90363085156127,0.005278512920232817
285,D,1,13.077563238095063,2024-11-13,13.077563238095063,-1.067760385156748
974,B,5,39.32467495419629,2024-07-30,196.62337477098143,1.7130207875148662
220,D,5,16.195304471061235,2024-09-29,80.97652235530617,-0.03906817158743793
69,C,2,18.406902083598315,2024-03-24,36.81380416719663,-0.7081483006618825
47,B,4,43.36105280850472,2024-04-21,173.4442112340189,1.3618486140745967
94,A,6,23.903368927533364,2024-07-16,143.4202135652002,0.9069748866464538
750,A,2,49.57546211853332,2024-12-25,99.15092423706665,0.2362801687276549
958,C,4,11.83743634583485,2024-01-28,47.3497453833394,-0.5485252249537491
453,A,3,25.850706711785755,2024-05-20,77.55212013535726,-0.09094902433674
204,D,4,37.96026489090213,2024-06-21,151.84105956360852,1.0345535538727846
912,D,5,5.241517609032835,2024-01-20,26.20758804516417,-0.8688360649814162
218,C,0,11.833487518685782,2024-04-26,0.0,-1.2658898948045423
474,A,4,5.916053723494114,2024-02-23,23.664214893976457,-0.9073690291217288
432,A,1,49.67950394222392,2024-08-14,49.67950394222392,-0.5132285941926825
341,C,1,39.228109808966174,2024-04-18,39.228109808966174,-0.6715707529769837
551,B,3,21.81015939859701,2024-08-18,65.43047819579104,-0.2745960027444869
612,A,2,12.032822061354908,2024-11-15,24.065644122709816,-0.901287240427674
289,B,1,9.06724592615528,2024-11-03,9.06724592615528,-1.1285180498746004
254,A,2,28.935824024791035,2024-08-16,57.87164804958207,-0.38911483802847496
734,A,2,48.91510931896395,2024-10-25,97.8302186379279,0.21627103185847069
357,A,4,35.35749250959938,2024-03-27,141.42997003839753,0.8768220235429945
23,A,5,21.431226571642828,2024-09-30,107.15613285821414,0.3575617890004603
762,D,3,27.53829379568697,2024-08-15,82.61488138706092,-0.014246477692430159
522,B,3,49.950651557275336,2024-12-05,149.851954671826,1.0044179414752945
758,B,1,28.34448029980027,2024-11-05,28.34448029980027,-0.8364614240125311
837,A,0,48.38906685993601,2024-11-11,0.0,-1.2658898948045423
100,A,3,5.73627734680217,2024-03-11,17.208832040406513,-1.005170264419207
180,D,1,33.222265214590244,2024-04-22,33.222265214590244,-0.7625613314846268
906,C,4,30.675519016585376,2024-10-31,122.7020760663415,0.5930880907098138
762,B,5,6.987954930874513,2024-10-17,34.93977465437256,-0.7365404821165839
659,A,3,11.730377097132166,2024-04-14,35.1911312913965,-0.7327323439846114
442,A,4,46.501307165084654,2024-10-17,186.00522866033864,1.552152279829735
608,D,4,15.481625376520247,2024-01-09,61.92650150608099,-0.3276824356456272
769,C,3,49.68217711971238,2024-06-13,149.04653135913713,0.992215505662398
325,D,4,35.58148179775776,2024-02-29,142.32592719103104,0.8903960776756181
516,C,4,24.995952055678305,2024-11-07,99.98380822271322,0.24889864303095283
16,B,4,46.4021985396218,2024-04-15,185.6087941584872,1.5461461629385933
792,C,3,40.7743785327855,2024-04-20,122.32313559835649,0.5873470143532591
336,D,7,24.303428581320592,2024-03-29,170.12400006924415,1.3115462910785447
759,D,3,8.086683752031023,2024-09-24,24.26005125609307,-0.8983419065525485
258,D,1,44.07370585405253,2024-08-17,44.07370585405253,-0.5981583327206168
497,B,5,39.42679691112535,2024-11-22,197.13398455562677,1.7207566985872322
988,C,3,40.58306767808216,2024-03-11,121.74920303424648,0.578651741738039
896,C,4,38.51864297265,2024-04-28,154.0745718906,1.0683920216425327
160,D,3,17.40895202201373,2024-12-16,52.22685606604119,-0.4746353472702001
475,C,3,43.64805738512019,2024-11-01,130.94417215536058,0.7179586363043018
852,A,4,5.100464891484894,2024-04-12,20.40185956593957,-0.956794816607729
664,A,0,15.67743252726887,2024-07-20,0.0,-1.2658898948045423
908,A,3,7.095181947088806,2024-01-23,21.28554584126642,-0.9434066704198389
690,C,5,9.9768405501032,2024-03-30,49.88420275051601,-0.5101273379590856
675,B,3,28.957061188287742,2024-04-02,86.87118356486323,0.05023794100602213
380,B,2,6.676528547346549,2024-09-20,13.353057094693098,-1.063586559978083
545,B,2,13.16214714651708,2024-10-11,26.32429429303416,-0.8670679258225891
929,B,4,15.473306632587247,2024-06-19,61.89322653034899,-0.32818656279112773
957,A,5,34.49024623117498,2024-11-04,172.4512311558749,1.3468046297794491
691,A,6,26.096923600170435,2024-08-08,156.5815416010226,1.106373461333147
427,D,4,25.628563537495623,2024-01-24,102.51425414998248,0.287235755353198
613,C,3,39.5794649415931,2024-07-20,118.7383948247793,0.5330369782439054
268,C,7,25.55246354334508,2024-05-03,178.86724480341556,1.4440094082796031
835,B,2,20.681993431312087,2024-05-21,41.363986862624174,-0.6392114926465494
577,A,2,48.310297052194976,2024-02-21,96.62059410438997,0.19794481073268222
417,B,3,5.373198924703565,2024-03-10,16.119596774110693,-1.021672547396025
168,D,2,18.742685003392275,2024-09-16,37.48537000678455,-0.6979738508755364
842,C,3,32.42267223708754,2024-07-04,97.26801671126262,0.2077534823712114
43,C,2,40.22641562237624,2024-07-25,80.45283124475247,-0.0470022691751799
556,B,2,41.73858296413539,2024-10-19,83.47716592827078,-0.0011825750206302368
285,D,3,7.073290933482761,2024-10-30,21.21987280044829,-0.9444016392177319
397,C,6,36.91094250009145,2024-02-08,221.4656550005487,2.0893897417921776
12,D,2,37.41141395623176,2024-12-13,74.82282791246352,-0.1322987253446658
607,D,7,14.633573965532063,2024-03-06,102.43501775872446,0.2860352972051173
302,B,3,10.07487628115414,2024-01-13,30.22462884346242,-0.8079765371694179
898,A,4,38.7358770962886,2024-07-12,154.9435083851544,1.081556703659105
253,B,1,16.227500280677514,2024-11-11,16.227500280677514,-1.020037772747558
499,A,0,5.075321183765476,2024-10-14,0.0,-1.2658898948045423
754,D,3,15.060767160958749,2024-05-12,45.18230148287624,-0.5813627336982622
35,A,4,6.398060396734065,2024-07-13,25.59224158693626,-0.8781587721106048
727,D,2,16.213400901235786,2024-11-17,32.42680180247157,-0.7746128714325836
849,C,3,20.075881204931942,2024-03-18,60.227643614795824,-0.3534207077406238
90,C,6,17.213007179207818,2024-09-06,103.2780430752469,0.2988074161038975
776,C,3,46.397168023066,2024-08-19,139.191504069198,0.8429085064170487
605,B,2,15.463982632337808,2024-06-28,30.927965264675617,-0.7973207523175065
922,B,1,26.03906702501456,2024-06-25,26.03906702501456,-0.8713892154789283
970,D,3,48.084241722982114,2024-01-29,144.25272516894634,0.9195877192379134
602,C,4,44.56397711166,2024-06-14,178.25590844663998,1.4347474555447863
418,B,3,18.91663135397426,2024-11-21,56.74989406192278,-0.4061097906411275
115,C,2,19.69206327308609,2024-08-13,39.38412654617218,-0.6692070465986096
617,B,3,31.69982311292524,2024-05-15,95.09946933877572,0.17489925565202744
903,A,0,46.30382828394035,2024-07-05,0.0,-1.2658898948045423
196,A,2,5.449990795511149,2024-02-24,10.899981591022298,-1.1007514841938963
826,C,6,22.69039064833316,2024-01-02,136.14234388999893,0.7967126975998173
501,D,2,43.23989688630007,2024-11-14,86.47979377260015,0.044308253172715015
626,B,3,23.47114902740492,2024-01-17,70.41344708221474,-0.19910233744288036
493,B,5,37.40246938489726,2024-02-28,187.01234692448628,1.5674104624284355
75,A,3,36.1366206085491,2024-03-28,108.40986182564733,0.376556207228558
413,A,3,14.245641933366528,2024-08-10,42.736925800099584,-0.6184110030212369
376,D,2,25.23175269651425,2024-09-28,50.46350539302849,-0.5013507068383641
420,D,3,30.47840207657024,2024-02-27,91.43520622971072,0.11938442924272286
729,D,0,37.19583208598404,2024-07-10,0.0,-1.2658898948045423
277,C,2,42.00753342087884,2024-02-19,84.01506684175767,0.006966805891389177
761,A,1,39.1969945026272,2024-07-31,39.1969945026272,-0.672042160400159
676,C,1,6.274016032335357,2024-08-17,6.274016032335357,-1.1708364282391552
394,A,3,35.17870287207494,2024-06-02,105.53610861622482,0.3330178733764945
869,A,7,27.37919587350529,2024-09-29,191.65437111453704,1.637738700174501
457,B,3,30.823778113411407,2024-02-15,92.47133434023422,0.13508212083348597
920,A,2,21.783479573564463,2024-12-27,43.56695914712893,-0.6058357168578953
192,A,2,37.13117965641074,2024-11-01,74.26235931282149,-0.1407900143408135
739,C,3,35.324983045360995,2024-04-27,105.97494913608298,0.3396664557943415
689,A,6,31.076891665536447,2024-06-24,186.46134999321868,1.559062672414201
99,C,3,43.77224896651916,2024-03-08,131.31674689955747,0.7236032697907491
548,D,2,9.585501120123771,2024-09-07,19.171002240247542,-0.9754427217216851
978,A,3,18.546047416412765,2024-08-17,55.6381422492383,-0.4229532069173013
999,A,6,27.280868684127253,2024-07-18,163.6852121047635,1.2139964739679305
96,C,1,48.13721650847909,2024-05-25,48.13721650847909,-0.5365947708588126
664,D,2,8.238352382681864,2024-02-20,16.476704765363728,-1.0162622404519785
663,B,5,20.16848704931767,2024-07-04,100.84243524658834,0.2619071330771078
190,D,4,46.66507491766775,2024-11-15,186.66029967067095,1.5620768273695662
736,C,2,45.40764053521234,2024-07-17,90.81528107042467,0.10999235324267095
37,D,2,43.9360506818421,2024-05-24,87.87210136368421,0.06540218445624434
780,C,3,18.87757052006228,2024-02-28,56.632711560186834,-0.4078851452072299
369,C,3,43.10761008879525,2024-07-13,129.32283026638575,0.6933947578824986
695,B,3,27.74027353531634,2024-05-22,83.22082060594903,-0.005066293423471784
525,A,6,32.89004798190631,2024-08-10,197.34028789143784,1.723882263955854
279,C,0,15.74712074573911,2024-04-09,0.0,-1.2658898948045423
217,C,4,36.80032500135955,2024-01-26,147.2013000054382,0.9642596260662573
867,B,1,19.74636969150377,2024-01-14,19.74636969150377,-0.9667257100805086
873,C,4,20.47461917542932,2024-05-01,81.89847670171727,-0.02510025116936077
798,A,1,33.6567729242109,2024-09-21,33.6567729242109,-0.7559783926084799
273,B,1,15.79243649783319,2024-01-07,15.79243649783319,-1.0266291363212674
881,A,3,15.099742546061746,2024-08-06,45.29922763818524,-0.579591262867298
62,A,2,21.612332416823488,2024-08-07,43.224664833646976,-0.6110215915694662
596,B,0,40.01286312766551,2024-07-01,0.0,-1.2658898948045423
880,C,2,15.110692207841716,2024-04-17,30.221384415683435,-0.8080256913484675
729,A,3,40.42932757491439,2024-12-12,121.28798272474316,0.5716640979317906
342,A,3,36.30223747241375,2024-05-03,108.90671241724124,0.38408366186888115
397,A,2,35.55859462115673,2024-06-18,71.11718924231346,-0.18844040550951602
19,B,4,38.5649525011708,2024-01-09,154.2598100046832,1.071198441771665
177,B,2,5.608378404674556,2024-10-06,11.216756809349112,-1.0959522324118185
612,D,2,18.752326617443984,2024-05-04,37.50465323488797,-0.6976817034426395
396,D,3,35.56118587207165,2024-06-10,106.68355761621494,0.3504021141233976
445,A,3,49.42829409193772,2024-02-05,148.28488227581315,0.9806762642414057
233,C,3,5.113145348792417,2024-01-04,15.339436046377251,-1.0334922464957796
915,A,0,27.94875192651685,2024-03-27,0.0,-1.2658898948045423
76,C,0,46.5726393066661,2024-09-20,0.0,-1.2658898948045423
265,A,4,43.85927231675032,2024-03-31,175.43708926700126,1.3920413908384253
455,D,2,6.041128763948963,2024-10-21,12.082257527897928,-1.0828396035646979
796,D,4,28.830115730780832,2024-02-27,115.32046292312332,0.4812541530068625
718,C,2,5.19291956376201,2024-05-19,10.38583912752402,-1.1085409165466518
735,A,1,40.5308726704569,2024-06-20,40.5308726704569,-0.651833454656558
384,C,2,18.89936789402056,2024-09-16,37.79873578804112,-0.6932262532191242
564,D,2,39.45157978618799,2024-01-25,78.90315957237597,-0.07048031955605176
851,A,4,47.51570037666073,2024-07-16,190.06280150664293,1.6136258818886131
506,A,2,48.92382743698168,2024-03-07,97.84765487396336,0.21653519673635455
367,C,3,45.23500313951627,2024-04-27,135.70500941854883,0.7900869323251309
144,B,0,14.186455392873478,2024-10-06,0.0,-1.2658898948045423
885,C,2,13.75700764675986,2024-01-06,27.51401529351972,-0.8490432499596396
69,D,1,33.16011947988025,2024-04-06,33.16011947988025,-0.7635028604010327
99,D,5,29.48241570115891,2024-03-12,147.41207850579454,0.9674529916925266
396,D,4,5.429057351060698,2024-09-14,21.716229404242792,-0.9368816686597784
25,D,6,22.62773080180981,2024-02-07,135.76638481085888,0.7910167902934265
948,D,3,45.80109524827289,2024-10-22,137.40328574481867,0.815816393513293
469,A,1,14.175809784321569,2024-04-12,14.175809784321569,-1.0511215782387755
484,C,1,22.188338112076732,2024-04-12,22.188338112076732,-0.9297290619332352
565,C,2,30.21647049482372,2024-08-03,60.43294098964744,-0.35031038302104284
151,D,4,43.375291929150094,2024-01-21,173.50116771660038,1.362711524064759
144,C,2,28.93974976586067,2024-04-24,57.87949953172134,-0.38899588541643704
569,D,2,48.56899156083657,2024-07-28,97.13798312167314,0.2057834294741965
39,B,2,40.95734620945496,2024-10-17,81.91469241890992,-0.024854577565075815
109,B,3,47.88913428403799,2024-07-21,143.66740285211395,0.9107198880136611
693,A,1,37.91714982693545,2024-11-18,37.91714982693545,-0.6914322404482125
42,B,0,44.49308627131385,2024-07-06,0.0,-1.2658898948045423
186,B,1,42.39517065700323,2024-05-30,42.39517065700323,-0.6235887091189636
935,A,3,16.422731678350758,2024-07-09,49.26819503505227,-0.5194600633592242
398,C,7,15.329139055442091,2024-08-01,107.30397338809463,0.3598016230703095
223,D,4,43.89725414555292,2024-02-11,175.58901658221168,1.3943431410893483
634,D,6,8.810498188414531,2024-07-12,52.86298913048719,-0.4649977160208027
133,C,5,23.385362211487934,2024-09-06,116.92681105743966,0.5055908709703923
163,A,2,41.92959966285016,2024-03-21,83.85919932570032,0.004605360263926706
215,C,3,41.59576993285281,2024-02-10,124.78730979855844,0.6246800875782887
733,B,5,11.245226480612128,2024-01-20,56.226132403060646,-0.414044957059622
235,A,5,26.946941038574423,2024-01-09,134.73470519287213,0.775386494870354
843,A,3,26.592458122630887,2024-11-08,79.77737436789266,-0.05723566949326231
658,A,4,19.56746535976483,2024-05-03,78.26986143905933,-0.0800750006392508
751,D,3,46.27315152789515,2024-07-21,138.81945458368546,0.8372718307774628
588,C,0,34.39029254025793,2024-03-18,0.0,-1.2658898948045423
74,A,2,8.004479487204147,2024-01-18,16.008958974408294,-1.02334874751102
954,A,5,22.74575778099193,2024-08-23,113.72878890495966,0.4571397528700495
492,C,1,42.58119029444648,2024-11-14,42.58119029444648,-0.620770448646391
913,D,1,24.020855114547164,2024-07-18,24.020855114547164,-0.9019658090618541
253,B,1,16.78451121694959,2024-12-14,16.78451121694959,-1.0115988685218409
230,D,3,49.90133949426982,2024-10-08,149.70401848280946,1.0021766581371547
519,A,3,44.290620036604125,2024-09-08,132.87186010981236,0.7471637613123706
174,D,1,29.591314758475185,2024-12-05,29.591314758475185,-0.8175714599258257
653,D,3,30.27691563109734,2024-08-26,90.83074689329202,0.11022666569409767
168,B,3,5.308833226444396,2024-09-25,15.926499679333189,-1.024598033742842
393,C,4,41.28328228583712,2024-10-08,165.1331291433485,1.2359329072041974
946,D,3,6.652821179508299,2024-12-02,19.958463538524896,-0.9635124165070392
795,D,3,12.93485864716204,2024-12-10,38.80457594148612,-0.677987434430193
634,C,1,41.94640536338412,2024-01-07,41.94640536338412,-0.6303876552187
194,C,5,8.908949672238231,2024-09-29,44.544748361191154,-0.5910218792955032
517,B,2,47.38035773793053,2024-09-09,94.76071547586103,0.1697670199649485
29,A,2,49.99509779677813,2024-12-07,99.99019559355628,0.24899541386126983
165,D,2,44.88947643111315,2024-05-07,89.7789528622263,0.09429163010440311
422,C,5,38.25067952108825,2024-04-01,191.25339760544125,1.6316638157872108
339,D,2,26.927705802594797,2024-11-01,53.85541160518959,-0.4499621796065374
648,D,1,8.709330935631812,2024-01-06,8.709330935631812,-1.133940583130753
365,B,6,22.85893193125489,2024-02-25,137.15359158752935,0.8120334425120284
833,D,2,30.66028840160035,2024-10-21,61.3205768032007,-0.3368623999921536
342,B,2,18.202571426373268,2024-11-05,36.405142852746536,-0.7143396579025159
500,C,3,15.897020428163366,2024-08-25,47.6910612844901,-0.543354173520177
657,A,4,19.593363139088225,2024-01-22,78.3734525563529,-0.07850556014796299
511,A,2,41.62226105361708,2024-02-10,83.24452210723416,-0.004707207656341996
327,D,2,24.1921193071802,2024-12-11,48.38423861436039,-0.5328523023408354
217,C,2,19.02685603831467,2024-09-22,38.05371207662934,-0.6893632761407464
301,B,4,24.48366787737144,2024-09-14,97.93467150948575,0.21785352821855528
132,D,5,6.452931467591074,2024-02-17,32.26465733795537,-0.7770694149538657
804,C,3,45.077192726692246,2024-10-24,135.23157818007672,0.7829142888117597
70,C,3,29.829270162509523,2024-05-18,89.48781048752858,0.08988072457970098
252,B,2,9.717180220429931,2024-07-20,19.434360440859862,-0.9714527558389704
415,D,5,17.978311937711084,2024-05-19,89.89155968855542,0.09599766163928342
787,C,2,49.259873699499856,2024-05-21,98.51974739899973,0.22671762598552092
445,C,3,31.68758418817654,2024-10-12,95.06275256452962,0.17434298409403276
876,C,3,18.113219910493044,2024-08-20,54.33965973147913,-0.4426256565813514
182,B,2,24.18555476146974,2024-11-11,48.37110952293948,-0.5330512125198945
167,D,1,16.63136507459007,2024-06-06,16.63136507459007,-1.0139190844166304
91,D,1,6.431191570379282,2024-02-07,6.431191570379282,-1.1684551656358473
714,D,4,42.89135144684244,2024-03-15,171.56540578736974,1.3333840756058517
858,D,1,18.16153887685982,2024-11-16,18.16153887685982,-0.9907364333676596
531,A,3,42.728483248475534,2024-06-23,128.1854497454266,0.6761630580009684
39,A,2,26.535068002126557,2024-02-08,53.07013600425311,-0.461859370766638
126,D,1,13.230258662643225,2024-03-13,13.230258662643225,-1.065446997789363
173,A,2,21.970016647510757,2024-12-28,43.94003329502151,-0.6001835172364165
653,C,4,36.84781345129792,2024-03-29,147.3912538051917,0.9671374904294944
754,A,4,42.67533510629296,2024-09-29,170.70134042517182,1.3202931928932973
638,D,2,8.861653966380887,2024-05-22,17.723307932761774,-0.9973757805064072
58,A,8,5.37739168281968,2024-04-04,43.01913346255744,-0.6141354614112564
660,B,3,29.679124168510132,2024-06-04,89.03737250553041,0.08305643668483793
476,A,4,16.890843284375006,2024-07-19,67.56337313750002,-0.24228192241948768
456,A,4,26.10958053846093,2024-06-08,104.43832215384371,0.3163860368845123
829,A,5,8.269640922024836,2024-07-29,41.34820461012418,-0.6394505991140184
895,D,1,27.571507100301183,2024-06-20,27.571507100301183,-0.8481722296266471
361,B,3,10.618504393016318,2024-03-10,31.855513179048955,-0.783268087451449
935,A,2,42.7364491189573,2024-11-14,85.4728982379146,0.0290534450007563
1,B,1,39.17690611864055,2024-11-09,39.17690611864055,-0.6723465062172219
387,D,2,8.333311019775897,2024-05-24,16.666622039551793,-1.0133849294634212
973,C,3,42.63576596275704,2024-06-15,127.90729788827112,0.6719489632141579
348,A,7,19.623132159108017,2024-11-14,137.36192511375612,0.8151897659526419
190,B,4,20.87868842947989,2024-04-26,83.51475371791956,-0.0006131072844572066
505,B,1,13.09116084087027,2024-07-03,13.09116084087027,-1.0675543768720863
191,D,1,42.58868546716151,2024-07-21,42.58868546716151,-0.6206568942427366
508,A,1,23.21175937317912,2024-06-10,23.21175937317912,-0.9142238834123108
369,C,4,7.197614180614116,2024-11-04,28.790456722456465,-0.8297047302518805
824,A,6,16.514924628238802,2024-07-06,99.0895477694328,0.23535029446783984
929,C,0,47.12797750579124,2024-02-12,0.0,-1.2658898948045423
934,B,8,18.555726319104224,2024-07-19,148.4458105528338,0.983114382110466
117,B,3,42.414196761415134,2024-08-18,127.2425902842454,0.6618784180180056
134,C,4,34.88987716066359,2024-01-04,139.55950864265435,0.8484839002698313
58,C,2,43.75775443953041,2024-08-27,87.51550887906082,0.05999968761212948
556,D,2,48.92530940163038,2024-07-24,97.85061880326076,0.21658010126846286
685,A,2,44.21676575554758,2024-11-26,88.43353151109515,0.07390804122656285
672,A,0,23.164932267500923,2024-04-03,0.0,-1.2658898948045423
829,B,4,37.02428646381919,2024-12-28,148.09714585527675,0.9778319939238624
815,C,3,7.772165187424403,2024-12-12,23.31649556227321,-0.9126370946956528
149,C,3,46.83920439819309,2024-12-14,140.51761319457927,0.8629995085378328
80,C,1,25.968249123207404,2024-06-08,25.968249123207404,-0.8724621306622757
886,B,5,11.050275456331516,2024-04-22,55.25137728165758,-0.4288128270912256
213,C,3,24.14201437391657,2024-09-08,72.42604312174971,-0.1686108262054826
203,C,4,32.14135603046648,2024-08-09,128.56542412186593,0.6819197984205708
764,D,2,30.78257562877593,2024-12-11,61.56515125755187,-0.33315701422335714
229,B,0,30.865714105383635,2024-04-03,0.0,-1.2658898948045423
676,A,1,16.512767741828014,2024-06-15,16.512767741828014,-1.0157158741516807
227,D,1,33.471610223953505,2024-05-17,33.471610223953505,-0.7587836701926243
659,D,4,45.833667519994826,2024-12-13,183.3346700799793,1.5116924133868044
532,A,0,22.490012594822037,2024-12-26,0.0,-1.2658898948045423
441,D,2,33.376112717904945,2024-07-28,66.75222543580989,-0.2545710846633868
402,B,3,15.979415315326078,2024-09-12,47.93824594597823,-0.5396092422297332
47,C,3,7.172645908491583,2024-03-13,21.51793772547475,-0.9398858547123532
233,B,3,31.35791137637323,2024-08-01,94.07373412911969,0.15935902002727273
305,A,1,7.139741098335164,2024-09-22,7.139741098335164,-1.1577204004522132
526,A,2,37.5613067714213,2024-12-25,75.1226135428426,-0.1277568715707579
143,D,3,35.165871401079386,2024-05-30,105.49761420323816,0.332434669989872
415,B,4,21.619625850559192,2024-08-22,86.47850340223677,0.0442887036249357
513,B,4,23.508054934159183,2024-08-03,94.03221973663672,0.15873006292905614
373,A,1,46.299242141478494,2024-10-30,46.299242141478494,-0.564440704650075
566,B,0,5.591013148537823,2024-04-18,0.0,-1.2658898948045423
886,A,3,30.34865213703464,2024-12-10,91.04595641110392,0.11348716273466261
259,B,4,46.55125065805085,2024-10-26,186.20500263220345,1.5551789231244633
656,B,0,46.129426149631854,2024-12-14,0.0,-1.2658898948045423
471,B,1,31.309509372111165,2024-11-15,31.309509372111165,-0.791540229941977
953,A,4,22.155349950931907,2024-10-22,88.62139980372763,0.07675430945099868
971,D,2,9.450658684956828,2024-04-29,18.901317369913656,-0.9795285387921797
12,B,5,12.820289171555771,2024-11-23,64.10144585777886,-0.29473129252610003
330,A,5,35.58530098416476,2024-04-07,177.9265049208238,1.4297568806297212
736,A,4,5.748533771439552,2024-07-28,22.99413508575821,-0.9175209650298214
784,B,2,44.756850938359214,2024-02-01,89.51370187671843,0.09027298788983679
968,B,5,31.45705115656476,2024-11-25,157.2852557828238,1.117034969385834
358,D,6,7.031599801914387,2024-08-13,42.18959881148632,-0.6267031921620286
972,A,1,15.789533908623463,2024-08-02,15.789533908623463,-1.0266731115302847
408,A,2,31.73904097554446,2024-05-02,63.47808195108892,-0.30417546671329376
668,C,2,6.602056945691681,2024-05-26,13.20411389138336,-1.0658430999236264
373,A,2,40.0994330880993,2024-12-05,80.1988661761986,-0.050849925927752074
8,D,3,46.396493007377146,2024-02-21,139.18947902213142,0.842877826268537
122,C,1,48.25491769858718,2024-06-28,48.25491769858718,-0.5348115579883028
348,C,4,38.01466611052364,2024-10-16,152.05866444209454,1.0378503414383617
676,C,2,43.55714618777827,2024-07-05,87.11429237555654,0.053921121777300206
90,B,0,32.48183580483814,2024-12-02,0.0,-1.2658898948045423
648,B,1,25.63446490437085,2024-04-17,25.63446490437085,-0.8775190745594089
698,A,5,37.09106390174932,2024-05-05,185.4553195087466,1.5438209700457852
316,C,5,15.088129891821277,2024-09-17,75.44064945910637,-0.12293851978820475
178,D,3,9.94029467879976,2024-07-12,29.82088403639928,-0.8140934076589629
540,B,2,39.28329392580044,2024-10-23,78.56658785160087,-0.07557949505108824
732,D,1,48.118405684364106,2024-02-03,48.118405684364106,-0.5368797612113819
869,D,2,30.98656995476106,2024-10-02,61.97313990952212,-0.3269758480469812
41,B,3,26.714406694903715,2024-06-30,80.14322008471115,-0.0516929830492891
740,B,3,29.048190407248303,2024-08-26,87.14457122174491,0.05437985654606252
704,B,5,26.530888297317464,2024-11-17,132.65444148658733,0.7438697955770424
923,B,3,24.89901265297572,2024-12-13,74.69703795892715,-0.13420448571905877
502,C,2,47.61660623657958,2024-05-25,95.23321247315916,0.17692550940830512
959,C,5,26.589343600771176,2024-02-13,132.9467180038559,0.7482978837455856
145,C,3,8.649609845629035,2024-12-24,25.948829536887104,-0.8727563439683139
201,C,4,39.44825055816064,2024-10-30,157.79300223264255,1.1247274999663741
929,A,4,22.62027215335616,2024-10-17,90.48108861342465,0.10492922439917762
724,C,4,36.98120955869976,2024-10-21,147.92483823479904,0.9752214751496631
461,B,5,31.0806211808483,2024-09-15,155.4031059042415,1.0885197616412536
732,D,4,37.09310293201328,2024-01-19,148.3724117280531,0.9820023650704595
752,C,4,7.78972806660558,2024-08-02,31.15891226642232,-0.793821827068389
925,A,0,6.524299520052038,2024-07-29,0.0,-1.2658898948045423
909,B,4,22.034373118301357,2024-08-18,88.13749247320541,0.0694229495970428
558,D,2,36.19247620198733,2024-12-04,72.38495240397467,-0.16923336448846565
547,D,5,15.065713710769735,2024-01-05,75.32856855384867,-0.12463658344083545
253,C,5,24.503032308315746,2024-11-06,122.5151615415787,0.5902562723914421
390,D,2,49.13646187878385,2024-09-25,98.2729237575677,0.22297816427112782
594,C,4,14.669354953280548,2024-06-10,58.67741981312219,-0.37690712306723595
883,C,0,43.15745577971136,2024-08-03,0.0,-1.2658898948045423
256,B,2,42.14573981650385,2024-09-30,84.2914796330077,0.011154553241079893
709,B,0,45.11084833800448,2024-11-19,0.0,-1.2658898948045423
921,B,4,27.82940865791595,2024-06-19,111.3176346316638,0.42060994948422553
450,B,5,35.68702024380091,2024-09-08,178.43510121900454,1.4374622867006088
10,C,6,32.850091040706246,2024-06-17,197.10054624423748,1.7202500968512366
824,B,5,18.902684316450063,2024-02-07,94.51342158225032,0.16602043377087386
798,C,5,17.59044137696183,2024-08-15,87.95220688480916,0.06661581021599858
242,C,2,20.37064862754911,2024-05-04,40.74129725509822,-0.6486454509731671
251,B,3,14.830597940346149,2024-10-04,44.49179382103844,-0.5918241585032624
5,A,0,48.40577907919321,2024-05-16,0.0,-1.2658898948045423
119,D,1,44.049728382713525,2024-04-17,44.049728382713525,-0.5985215995274751
801,D,3,14.807318183977126,2024-03-08,44.42195455193138,-0.5928822470699485
374,B,6,7.336196182048092,2024-04-13,44.01717709228856,-0.5990147625956156
65,A,1,39.06922581824788,2024-09-02,39.06922581824788,-0.6739778992165981
146,C,5,22.559621265887728,2024-06-13,112.79810632943864,0.4430395968265613
224,D,3,42.10756772750217,2024-07-10,126.32270318250652,0.6479418170564488
239,C,5,40.06561084639035,2024-07-13,200.3280542319517,1.7691479353359625
177,D,7,33.143461339955344,2024-05-11,232.00422937968744,2.2490527108109926
779,B,5,16.49027004707279,2024-10-22,82.45135023536395,-0.016724029993877083
853,A,6,9.681609552356615,2024-05-23,58.08965731413969,-0.3858119238770333
282,D,1,16.369174672526086,2024-08-06,16.369174672526086,-1.0178913577560527
63,A,2,27.939186290546026,2024-01-26,55.87837258109205,-0.41931363607477146
217,C,1,49.0758339039072,2024-09-07,49.0758339039072,-0.5223743996078952
854,B,5,7.865925809016139,2024-04-04,39.32962904508069,-0.6700327021868644
827,A,2,14.003240036716932,2024-12-19,28.006480073433863,-0.8415822418508071
795,B,2,33.227575596159134,2024-07-18,66.45515119231827,-0.2590718600081794
689,A,2,18.696397760016247,2024-04-12,37.39279552003249,-0.6993763856851294
461,C,2,43.63269347479479,2024-07-11,87.26538694958958,0.05621025571751344
929,C,2,11.273764417951776,2024-01-02,22.547528835903552,-0.9242872008857173
610,B,2,48.342088561277365,2024-09-03,96.68417712255471,0.19890811497993002
99,D,0,44.938807520482456,2024-02-14,0.0,-1.2658898948045423
511,A,1,12.788106879353723,2024-01-03,12.788106879353723,-1.0721457469690159
385,C,4,19.827325591368997,2024-12-01,79.30930236547597,-0.06432711876636012
823,B,3,41.351362950197576,2024-05-14,124.05408885059272,0.6135715420305403
518,D,3,36.73289368432096,2024-10-17,110.19868105296288,0.4036574240151956
476,B,3,25.16228966901883,2024-10-04,75.48686900705648,-0.1222382779920249
977,B,4,19.02151718030467,2024-06-24,76.08606872121868,-0.1131601995009017
709,A,1,48.33310712817772,2024-10-08,48.33310712817772,-0.5336269616638677
863,A,4,11.266802144975571,2024-04-29,45.067208579902285,-0.5831064301358175
645,D,4,6.9689327432880255,2024-09-18,27.875730973152105,-0.8435631349770015
870,A,4,5.410873399543752,2024-06-22,21.64349359817501,-0.9379836407418607
771,A,1,39.87621093351599,2024-04-27,39.87621093351599,-0.6617518015659757
437,A,2,7.551731568503277,2024-12-06,15.103463137006552,-1.037067315946607
23,D,1,29.23896220123604,2024-07-03,29.23896220123604,-0.8229097204349073
997,C,2,21.528159848028608,2024-08-30,43.056319696057216,-0.6135720773866625
565,A,2,11.610855053249312,2024-08-01,23.221710106498627,-0.9140731264343223
677,A,3,38.32679690992414,2024-04-30,114.98039072977242,0.47610194416743673
714,D,2,7.475307396977055,2024-03-03,14.95061479395411,-1.039383020081093
458,C,5,19.32772273634536,2024-05-28,96.63861368172678,0.19821781342873523
83,A,5,30.298605143904098,2024-10-02,151.4930257195205,1.0292807233297725
145,B,3,23.108707551031348,2024-01-29,69.32612265309405,-0.21557567058970079
85,D,5,16.661668939664004,2024-10-25,83.30834469832001,-0.0037402737982470736
78,A,3,46.670045211772106,2024-08-12,140.01013563531632,0.8553110517402288
878,B,8,23.72425428241519,2024-08-31,189.7940342593215,1.6095539671173613
1,B,4,22.718498754263894,2024-11-16,90.8739950170556,0.11088188940806193
51,D,1,18.83232713690154,2024-05-10,18.83232713690154,-0.9805737641746394
685,D,0,43.50902868105622,2024-12-17,0.0,-1.2658898948045423
717,B,3,30.556187869770696,2024-01-20,91.66856360931207,0.12291987253222103
772,D,4,9.028499580610484,2024-03-21,36.11399832244194,-0.7187505960853917
446,B,3,43.39943164032654,2024-10-19,130.1982949209796,0.7066583437333687
449,A,6,29.069882148065037,2024-10-20,174.4192928883902,1.3766214311911964
881,B,4,23.70163118476588,2024-08-22,94.80652473906352,0.17046104580832552
488,B,4,20.203922463960104,2024-10-27,80.81568985584042,-0.041504838394122084
800,C,3,9.47419656408252,2024-08-08,28.42258969224756,-0.8352780402779079
34,B,2,48.05159703803913,2024-06-18,96.10319407607824,0.19010602517035835
348,B,5,38.355958286253575,2024-02-15,191.77979143126788,1.6396388604261727
95,C,4,10.929990339454132,2024-02-29,43.71996135781653,-0.6035176815766544
72,D,3,28.007096861067545,2024-04-05,84.02129058320264,0.007061097680938659
551,C,5,30.000883900382917,2024-09-25,150.00441950191455,1.0067278352585631
154,A,2,12.55499406638401,2024-01-31,25.10998813276802,-0.8854650751779816
250,C,2,24.22496879880368,2024-11-19,48.44993759760735,-0.5318569405063645
674,A,2,34.05857519543036,2024-04-25,68.11715039086071,-0.2338920095844389
438,D,3,17.780475731664204,2024-03-02,53.34142719499261,-0.457749217398279
118,C,3,19.92240297004768,2024-05-25,59.76720891014303,-0.3603964493674693
771,C,3,10.491281467925363,2024-11-26,31.47384440377609,-0.7890504985869123
891,D,0,23.595828994659023,2024-12-27,0.0,-1.2658898948045423
306,A,4,31.27357781187326,2024-02-22,125.09431124749304,0.6293312634457766
268,C,4,10.243649331469264,2024-02-20,40.974597325877056,-0.6451108759317283
961,A,2,32.6652961475766,2024-06-17,65.3305922951532,-0.2761093079492712
54,C,4,22.90069466387656,2024-12-22,91.60277865550624,0.12192320821468333
236,B,2,35.518201447586364,2024-12-22,71.03640289517273,-0.18966434601386037
389,C,1,19.167663898257167,2024-07-13,19.167663898257167,-0.9754932987328262
990,D,50,30.582465723122183,2024-03-23,30.582465723122183,-0.8025551873192899
734,D,1,32.57612817169106,2024-05-13,32.57612817169106,-0.7723505263938107
763,A,1,36.07283296157651,2024-09-24,36.07283296157651,-0.7193742652364598
825,C,2,39.06225425917847,2024-03-21,78.12450851835693,-0.08227714658802732
401,A,1,11.135826945495856,2024-08-06,11.135826945495856,-1.0971783472429362
767,B,2,42.96404370441928,2024-11-04,85.92808740883856,0.03594971501606281
303,B,1,30.304345216937776,2024-09-07,30.304345216937776,-0.8067688071282765
919,D,3,45.066149185026106,2024-08-23,135.1984475550783,0.7824123486287338
207,A,5,22.20948355913372,2024-06-04,111.0474177956686,0.4165160729538983
229,D,3,6.542894822276006,2024-02-06,19.62868446682802,-0.9685086810693143
853,C,3,37.71641213905744,2024-08-16,113.14923641717232,0.4483593365088444
910,A,1,47.4504867209912,2024-05-24,47.4504867209912,-0.5469989595886489
578,A,2,12.283459860888604,2024-11-20,24.56691972177721,-0.8936927454263183
75,C,3,33.97432761573509,2024-02-25,101.92298284720528,0.278277794978225
435,C,2,41.60415022935426,2024-04-30,83.20830045870852,-0.005255977892077832
103,D,4,45.728017323713736,2024-11-09,182.91206929485492,1.50528986844712
422,D,4,17.443749160183373,2024-07-29,69.77499664073349,-0.20877507773876475
704,C,4,10.79302142231292,2024-09-16,43.17208568925168,-0.611818183404434
764,D,2,16.153255124417065,2024-04-12,32.30651024883413,-0.7764353291873687
738,C,3,30.9974738458611,2024-10-31,92.99242153758333,0.14297676825478645
806,A,1,46.34277154229892,2024-08-22,46.34277154229892,-0.563781219493491
306,A,3,31.214111503932777,2024-02-07,93.64233451179834,0.15282316980151042
98,B,2,46.38295853761984,2024-10-27,92.76591707523968,0.139545148981369
850,A,0,39.65166606610486,2024-04-17,0.0,-1.2658898948045423
798,C,3,31.92752588755141,2024-08-11,95.78257766265423,0.18524857798236175
335,D,4,5.980932916849832,2024-10-19,23.923731667399327,-0.903437262161209
859,B,1,19.988409554426354,2024-07-02,19.988409554426354,-0.9630587242297824
435,D,2,7.585680075120782,2024-06-03,15.171360150241563,-1.0360386532138117
447,C,5,19.50090576233128,2024-02-01,97.5045288116564,0.21133672074854812
994,A,0,7.805007417129836,2024-08-21,0.0,-1.2658898948045423
308,B,1,12.55171376525281,2024-09-06,12.55171376525281,-1.0757271826637402
249,C,2,23.4808662309084,2024-02-27,46.9617324618168,-0.5544037520523097
166,B,2,28.16981354448413,2024-11-28,56.33962708896826,-0.41232547415159815
481,B,2,14.771375973178468,2024-06-11,29.542751946356937,-0.8183072029673183
984,A,4,37.9659820666095,2024-01-17,151.863928266438,1.0349000224614193
335,C,3,31.56640798401589,2024-09-10,94.69922395204767,0.16883540256506882
542,D,3,36.1292238843475,2024-05-25,108.3876716530425,0.3762200186025006
759,B,2,37.9744556492036,2024-08-16,75.9489112984072,-0.115238180882558
106,B,3,37.71141523614606,2024-08-27,113.1342457084382,0.44813222219735616
563,D,1,47.130525553858384,2024-10-12,47.130525553858384,-0.5518464795735414
81,C,2,15.674915026160017,2024-12-11,31.34983005232003,-0.7909293579887697
133,B,0,17.15700376540707,2024-01-16,0.0,-1.2658898948045423
797,B,4,9.23904806009678,2024-03-15,36.956192240387125,-0.7059910731564748
900,B,4,31.66638608439964,2024-09-16,126.66554433759856,0.6531359766035117
138,C,6,22.783347843703943,2024-12-26,136.70008706222364,0.8051626954480698
184,C,3,27.32894963004933,2024-01-04,81.986848890148,-0.023761382601761135
401,D,4,12.641965597136291,2024-09-07,50.567862388545166,-0.4997696630327562
330,C,1,34.20771127571224,2024-03-25,34.20771127571224,-0.7476314900975328
785,C,3,32.8558712287753,2024-03-03,98.5676136863259,0.2274428164406486
508,A,1,16.915299211940876,2024-04-09,16.915299211940876,-1.0096173861276319
852,D,3,25.94375106917333,2024-11-17,77.83125320751999,-0.08672006381044084
984,B,2,45.24354221482759,2024-08-30,90.48708442965516,0.10502006304457821
69,C,5,39.80745654466094,2024-10-21,199.03728272330468,1.7495923100700408
546,B,4,15.212474454349929,2024-06-10,60.84989781739971,-0.3439933459459547
774,B,1,44.54846836248216,2024-06-26,44.54846836248216,-0.5909655200167707
53,A,4,8.029083803969428,2024-11-23,32.11633521587771,-0.7793165453085148
450,C,2,23.62678547249355,2024-11-23,47.2535709449871,-0.5499823002486242
205,D,1,8.605320239182824,2024-09-08,8.605320239182824,-1.1355163803882677
747,B,1,6.831609881901951,2024-08-29,6.831609881901951,-1.1623886926797171
43,D,4,11.80581332485604,2024-12-07,47.22325329942416,-0.5504416228410444
752,C,4,46.1767974726448,2024-03-31,184.7071898905792,1.5324865530980838
971,B,6,31.19709402052832,2024-01-28,187.18256412316995,1.5699893106048737
111,A,1,5.73830421178078,2024-04-28,5.73830421178078,-1.1789526436522695
761,A,4,23.85927817498928,2024-08-07,95.43711269995713,0.18001466686195627
183,B,6,31.091857971357012,2024-09-20,186.5511478281421,1.5604231400087283
848,C,2,43.23572548699634,2024-04-30,86.47145097399269,0.04418185694987964
95,A,4,48.36017646035954,2024-02-15,193.44070584143816,1.6648022759388876
971,C,4,35.8268229060083,2024-10-06,143.3072916240332,0.905264081015117
374,A,3,19.74337077619313,2024-04-24,59.23011232857941,-0.3685336443785949
912,D,2,18.887312042201025,2024-06-16,37.77462408440205,-0.6935915536907645
520,D,0,8.20748335444106,2024-09-02,0.0,-1.2658898948045423
900,A,3,24.24974459027448,2024-10-06,72.74923377082344,-0.1637143784760464
360,B,0,46.19252370298462,2024-08-21,0.0,-1.2658898948045423
900,A,1,26.512809196729137,2024-01-22,26.512809196729137,-0.8642118612216866
696,A,3,45.99477095570514,2024-07-20,137.98431286711542,0.8246191510864609
281,B,3,41.77138699527075,2024-03-08,125.31416098581226,0.6326620613976838
195,D,1,49.2884200980476,2024-05-15,49.2884200980476,-0.5191536468089155
195,A,3,36.79174710738454,2024-02-27,110.3752413221536,0.40633237185686516
667,B,1,44.20477790941887,2024-01-15,44.20477790941887,-0.5961725467155746
93,A,2,38.6634965734569,2024-09-20,77.32699314691381,-0.09435977441431198
672,B,3,36.6527531588998,2024-06-18,109.9582594766994,0.40001495575512447
946,C,1,37.2001810054011,2024-10-17,37.2001810054011,-0.7022945607793853
61,C,3,37.44696539110829,2024-06-17,112.34089617332488,0.43611270820155124
634,D,3,22.07385553376968,2024-02-17,66.22156660130904,-0.2626107456274151
51,B,5,24.060308722366287,2024-04-05,120.30154361183143,0.5567192114739467
403,B,5,18.23320216278699,2024-11-22,91.16601081393496,0.11530602757445814
789,D,6,11.671725905209826,2024-02-13,70.03035543125895,-0.20490630562656553
5,D,4,25.62995301503866,2024-12-18,102.51981206015463,0.28731995957358886
466,B,1,45.49771801725272,2024-08-27,45.49771801725272,-0.5765840664379291
604,D,1,34.3069117978023,2024-10-17,34.3069117978023,-0.7461285686097395
682,C,5,7.528116187315003,2024-10-09,37.64058093657502,-0.6956223527522635
829,A,4,41.50399750540935,2024-03-10,166.01599002163738,1.2493085483475757
534,C,3,47.09306872478752,2024-09-09,141.27920617436254,0.8745378999711929
405,D,1,42.32400979940468,2024-03-06,42.32400979940468,-0.6246668201986368
838,B,1,37.73936363700861,2024-11-22,37.73936363700861,-0.6941257614039931
513,B,1,11.755417811599466,2024-12-01,11.755417811599466,-1.087791335897752
645,C,1,20.704995151366465,2024-10-11,20.704995151366465,-0.9522022098809292
233,B,2,30.437909975661363,2024-01-31,60.875819951322725,-0.3436006168427047
524,D,0,8.45873507202753,2024-08-01,0.0,-1.2658898948045423
346,C,0,9.782159636110318,2024-06-29,0.0,-1.2658898948045423
46,B,2,47.04142649050174,2024-07-20,94.08285298100348,0.15949717371992894
546,A,0,36.62110369741926,2024-03-08,0.0,-1.2658898948045423
945,A,5,17.3789170723074,2024-01-25,86.894585361537,0.0505924861468435
78,D,4,19.73121393926065,2024-09-04,78.9248557570426,-0.07015161501446682
730,B,2,22.299318692607624,2024-12-02,44.59863738521525,-0.5902054423407813
813,D,1,8.378208166042262,2024-12-08,8.378208166042262,-1.1389572051709271
923,C,2,38.26296494214927,2024-06-08,76.52592988429853,-0.10649615399277121
73,A,1,12.957530544104252,2024-10-06,12.957530544104252,-1.069578921100266
794,C,2,41.23040111693196,2024-09-13,82.46080223386392,-0.016580829017219953
249,B,5,43.06425933996201,2024-04-20,215.32129669981003,1.9963006337479918
47,D,6,33.72953798423589,2024-02-16,202.3772279054153,1.800193610108448
121,D,4,39.64347245295109,2024-06-27,158.57388981180438,1.1365582111112986
214,D,2,12.732582500871953,2024-02-05,25.465165001743905,-0.8800840253900946
239,C,3,30.917254220178656,2024-07-16,92.75176266053596,0.13933070480751622
56,A,4,35.45596915007591,2024-02-11,141.82387660030363,0.8827898412882883
350,C,1,34.7702261384425,2024-11-27,34.7702261384425,-0.7391091995229642
107,C,0,10.278044493943137,2024-03-30,0.0,-1.2658898948045423
831,B,7,20.497210811601715,2024-12-10,143.480475681212,0.9078878781020006
48,B,2,19.626688466705147,2024-03-08,39.25337693341029,-0.6711879474890515
573,B,6,30.76370926686088,2024-03-10,184.5822556011653,1.5305937563247776
337,A,2,39.43567079904889,2024-04-19,78.87134159809779,-0.0709623726363503
26,A,3,30.67656647765962,2024-12-16,92.02969943297886,0.12839120250070643
804,B,6,38.96723473932444,2024-01-22,233.80340843594664,2.276310882512798
257,B,4,9.453541851455366,2024-10-03,37.814167405821465,-0.6929924589863435
8,A,2,44.51624108902748,2024-07-13,89.03248217805496,0.08298234656827053
625,D,7,29.147768121391685,2024-02-14,204.0343768497418,1.8252999775390666
867,A,5,6.687439721022779,2024-04-20,33.43719860511389,-0.7593050178659445
253,A,5,33.94458513600918,2024-07-27,169.7229256800459,1.3054698783235557
692,A,0,28.2806234313384,2024-08-17,0.0,-1.2658898948045423
719,B,2,14.916630598185424,2024-06-26,29.833261196370845,-0.8139058894958807
303,D,1,39.39914563751096,2024-09-06,39.39914563751096,-0.6689795022810536
639,A,5,47.010571304359104,2024-11-23,235.05285652179552,2.2952404439358687
56,B,3,19.52075542295776,2024-01-11,58.56226626887329,-0.3786517382406331
726,C,8,27.226205726736605,2024-09-08,217.80964581389284,2.0339999651012204
526,C,2,10.767874941429309,2024-12-09,21.535749882858617,-0.9396159944987964
474,A,3,46.84098756671673,2024-08-22,140.52296270015017,0.8630805553579723
28,C,2,19.34582268286548,2024-05-15,38.69164536573096,-0.679698370878463
983,D,3,13.765310766478663,2024-09-10,41.29593229943599,-0.640242542314464
78,C,5,26.529290454625496,2024-02-23,132.6464522731275,0.7437487562888776
216,C,8,6.947712027553133,2024-05-08,55.581696220425066,-0.4238083833600925
386,D,3,16.37765740518822,2024-08-13,49.13297221556466,-0.5215087348456849
365,A,3,8.044598142113486,2024-01-20,24.133794426340454,-0.9002547402596492
666,A,5,10.73170195223899,2024-04-09,53.65850976119495,-0.4529453091918535
526,D,2,10.047089788964064,2024-10-16,20.09417957792813,-0.961456272571908
699,D,4,44.25889797580808,2024-02-26,177.0355919032323,1.4162592468503603
312,D,3,46.869568161558256,2024-08-13,140.60870448467475,0.8643795724160351
883,C,5,26.35349746010657,2024-05-20,131.76748730053288,0.7304321394354824
7,D,4,33.36876895340053,2024-05-04,133.47507581360213,0.7563026834057136
3,B,4,36.31558537683493,2024-11-04,145.26234150733973,0.9348837485070037
623,C,2,22.609099619242706,2024-02-21,45.21819923848541,-0.5808188705498445
919,A,4,21.659471016929952,2024-05-13,86.63788406771981,0.0467033746553542
750,A,5,35.40060586506513,2024-10-18,177.00302932532566,1.4157659127730517
363,A,3,21.95215318603573,2024-06-01,65.85645955810719,-0.26814224091606453
751,C,0,31.14542837975797,2024-12-12,0.0,-1.2658898948045423
508,B,3,28.1836764865156,2024-07-04,84.5510294595468,0.015086820967498672
274,D,6,28.600727040544164,2024-08-26,171.60436224326497,1.3339742790989348
506,D,5,42.3211488294403,2024-07-01,211.60574414720148,1.940008754908171
806,A,3,36.682569900441344,2024-12-16,110.04770970132404,0.4013701569359637
739,A,1,48.230719431714185,2024-01-03,48.230719431714185,-0.5351781699222375
15,B,3,11.560663156995307,2024-07-14,34.681989470985926,-0.7404460149019333
192,D,2,38.231748634992925,2024-06-14,76.46349726998585,-0.10744202923226297
985,C,3,34.95413992852109,2024-10-16,104.86241978556326,0.32281125955677703
631,D,6,34.071979078010685,2024-12-05,204.4318744680641,1.8313222010045933
485,A,1,26.633508178640163,2024-05-20,26.633508178640163,-0.8623832307906475
28,D,3,7.810876391719389,2024-04-20,23.43262917515817,-0.9108776311506785
714,B,1,47.81681453795314,2024-09-17,47.81681453795314,-0.5414489691643174
39,B,4,43.33661126259854,2024-07-06,173.34644505039415,1.3603674233000584
953,A,1,26.906361683533607,2024-12-09,26.906361683533607,-0.8582494078340326
273,B,2,12.136143543386378,2024-12-23,24.27228708677276,-0.8981565295760764
231,B,5,42.10126960350914,2024-09-29,210.5063480175457,1.9233525314121251
86,C,2,24.38022224341336,2024-07-03,48.76044448682672,-0.5271526560320149
474,D,3,22.55512655778617,2024-10-13,67.66537967335853,-0.24073648887330207
126,A,4,34.94220043697156,2024-04-01,139.76880174788624,0.851654761657178
812,A,3,39.14039293396932,2024-07-12,117.42117880190796,0.5130807096363499
537,A,6,7.827833147920614,2024-12-25,46.96699888752368,-0.5543239639202316
145,A,3,39.54003874175808,2024-12-14,118.62011622527424,0.5312450174255856
525,A,3,38.02732256082327,2024-12-03,114.0819676824698,0.46249053089590164
212,B,3,31.51443247349196,2024-11-06,94.54329742047588,0.1664730628325866
25,C,2,20.228851146116043,2024-11-24,40.457702292232085,-0.6529420106539165
580,A,3,12.416096626512251,2024-02-16,37.24828987953676,-0.7015656950519813
394,C,4,9.619383613273849,2024-05-23,38.47753445309539,-0.6829422236787426
67,C,3,5.053266217335558,2024-05-28,15.159798652006677,-1.0362138138254922
233,B,3,14.290707906144178,2024-12-15,42.87212371843253,-0.6163627087956979
109,A,3,23.51016365224878,2024-11-18,70.53049095674635,-0.19732908312584735
146,B,2,15.963994913003797,2024-12-18,31.92798982600759,-0.7821700417175924
111,A,5,18.904057412225445,2024-04-29,94.52028706112722,0.1661244480997372
228,B,4,22.57035869124456,2024-05-13,90.28143476497824,0.10190440101489837
111,C,0,18.8718038809444,2024-07-15,0.0,-1.2658898948045423
470,A,2,37.60794673964288,2024-02-06,75.21589347928577,-0.1263436489595588
34,D,5,27.127705512423645,2024-07-05,135.6385275621182,0.7890797096969351
623,C,3,5.869721648841831,2024-07-31,17.609164946525492,-0.9991050853838518
776,D,1,15.200070411303653,2024-04-19,15.200070411303653,-1.0356036830406588
936,C,1,36.93462100855388,2024-07-05,36.93462100855388,-0.7063178846203391
369,B,2,18.54187354790536,2024-03-18,37.08374709581072,-0.7040585739210933
748,A,2,46.4063797264572,2024-10-24,92.8127594529144,0.1402548268586966
595,C,5,37.06988213513393,2024-11-25,185.34941067566965,1.5422164153758613
554,B,3,18.04671391458386,2024-05-04,54.14014174375159,-0.4456484216297527
425,A,7,28.238443077804984,2024-11-11,197.66910154463488,1.7288639021010748
613,A,5,35.02575635810764,2024-11-15,175.1287817905382,1.3873704282118073
518,C,3,13.70146394016929,2024-11-09,41.10439182050787,-0.6431444454042677
692,A,6,16.078436054908803,2024-01-02,96.4706163294528,0.19567259667679385
282,C,4,27.820568563801544,2024-11-29,111.28227425520618,0.42007422781184994
320,A,2,46.62026251206315,2024-03-11,93.2405250241263,0.1467356200558218
738,D,1,20.480466508592684,2024-07-30,20.480466508592684,-0.9556038948190732
443,B,3,23.095864764531797,2024-01-08,69.28759429359538,-0.21615938827747067
952,D,2,13.577909480668112,2024-07-02,27.155818961336223,-0.8544700456371723
315,C,4,31.69439128728993,2024-06-12,126.77756514915971,0.6548331298162988
877,D,6,38.30678362629493,2024-09-25,229.8407017577696,2.2162745350120523
966,C,2,24.82890198393292,2024-10-21,49.65780396786584,-0.5135573561493758
741,A,3,38.76122208469183,2024-12-23,116.28366625407548,0.49584700950299926
377,A,2,18.617212551558083,2024-03-21,37.234425103116166,-0.7017757511078058
289,C,6,36.81429881128257,2024-09-18,220.8857928676954,2.080604634203412
437,D,1,16.62550399267044,2024-10-01,16.62550399267044,-1.0140078817916152
277,B,3,42.37887102346443,2024-11-04,127.13661307039328,0.6602728273561922
582,B,1,14.69626726327817,2024-02-16,14.69626726327817,-1.0432364712642732
503,D,4,36.241224705227246,2024-11-08,144.964898820909,0.9303773911269706
624,B,1,29.234317431935715,2024-02-24,29.234317431935715,-0.8229800902620031
516,B,0,49.371664549507145,2024-03-19,0.0,-1.2658898948045423
350,B,0,21.270956944057883,2024-01-01,0.0,-1.2658898948045423
843,B,4,39.70631087775683,2024-06-16,158.8252435110273,1.1403663047345916
446,A,4,21.653515267579262,2024-01-23,86.61406107031705,0.04634244818091743
830,B,4,22.85858633693189,2024-08-15,91.43434534772754,0.11937138658928008
350,A,2,9.994648298229382,2024-10-24,19.989296596458765,-0.9630452852427388
607,B,3,15.784753362178613,2024-09-16,47.35426008653583,-0.548456825672153
664,C,3,12.40179289575516,2024-09-20,37.20537868726548,-0.70221581413979
823,D,4,12.16402524697672,2024-06-12,48.65610098790688,-0.5287334953596123
137,B,7,5.405743744333526,2024-01-10,37.84020621033468,-0.6925979622841606
759,C,0,40.7201346262743,2024-04-25,0.0,-1.2658898948045423
899,B,3,26.05690480728564,2024-06-06,78.17071442185691,-0.08157711150988549
243,B,4,41.187540558234105,2024-12-21,164.75016223293642,1.2301308288819723
543,B,4,32.56476841394622,2024-09-28,130.25907365578487,0.7075791621385057
40,C,3,42.41019481162292,2024-06-06,127.23058443486876,0.6616965253361206
229,D,3,27.66942514568485,2024-11-15,83.00827543705455,-0.008286424676089216
548,C,3,9.231845951247552,2024-12-29,27.69553785374266,-0.8462931217291588
920,D,2,32.75436394552733,2024-07-20,65.50872789105466,-0.2734104933747055
223,B,2,35.499418801823296,2024-04-30,70.99883760364659,-0.19023347289585998
6,A,4,33.192687573547474,2024-05-18,132.7707502941899,0.7456319133812895
322,B,2,41.06013418519609,2024-06-10,82.12026837039218,-0.02174003231524594
468,D,4,37.9174659802796,2024-07-26,151.66986392111838,1.0319598819414872
732,C,4,24.46846021394911,2024-02-24,97.87384085579644,0.2169319232247512
75,B,4,41.85966449548595,2024-12-04,167.4386579819438,1.270862449501427
4,C,4,36.13039439642096,2024-09-16,144.5215775856838,0.9236609243546469
847,C,4,10.416503233175495,2024-02-13,41.66601293270198,-0.6346356954528451
646,C,2,29.29428119524189,2024-06-07,58.58856239048378,-0.3782533430973277
118,B,2,37.78501128034723,2024-10-30,75.57002256069445,-0.12097847350797773
881,C,4,29.897969077322617,2024-12-20,119.59187630929048,0.5459675116269963
606,C,4,47.70628929282189,2024-04-07,190.8251571712876,1.6251758282557829
504,B,7,9.567107069394629,2024-01-26,66.9697494857624,-0.2512755216774515
998,C,3,37.50447617954725,2024-12-24,112.51342853864172,0.43872663193613676
947,B,2,42.10028651432752,2024-07-16,84.20057302865504,0.00977728741439513
574,D,2,36.61939377073275,2024-04-06,73.2387875414655,-0.15629747314302586
441,D,1,22.351325227898283,2024-08-26,22.351325227898283,-0.9272597519594502
194,D,0,22.34661409414967,2024-01-12,0.0,-1.2658898948045423
847,C,3,31.39553772837557,2024-02-14,94.1866131851267,0.1610691759339196
715,A,2,22.869411635953696,2024-01-09,45.73882327190739,-0.5729312402188151
392,A,2,44.74323488146239,2024-01-01,89.48646976292478,0.0898604121481351
26,C,1,9.946877823250269,2024-11-22,9.946877823250269,-1.1151913288892787
435,A,0,33.76208065877386,2024-07-28,0.0,-1.2658898948045423
173,B,4,11.035173234813698,2024-02-23,44.14069293925479,-0.5971434557055167
300,A,1,29.30719111245688,2024-04-13,29.30719111245688,-0.8218760293352834
645,C,4,37.20115410848128,2024-05-31,148.8046164339251,0.9885504126602767
326,C,6,12.447991245211202,2024-01-10,74.68794747126722,-0.13434220968412247
410,B,1,36.6814949670344,2024-02-09,36.6814949670344,-0.7101528298293401
118,D,3,11.29910140449909,2024-02-13,33.89730421349727,-0.7523342621589756
836,C,2,32.92491855331126,2024-09-24,65.84983710662252,-0.2682425732976738
787,B,5,27.749886319529853,2024-10-04,138.74943159764928,0.8362109588371147
724,A,3,18.413372921416773,2024-06-03,55.24011876425032,-0.42898339744081215
225,A,1,10.019692888488612,2024-03-22,10.019692888488612,-1.1140881560039344
532,B,1,38.11343628204124,2024-07-15,38.11343628204124,-0.6884584342128638
113,B,3,22.18123100196527,2024-02-21,66.5436930058958,-0.2577304215621896
140,C,2,8.893884977292936,2024-08-10,17.787769954585873,-0.9963991590561885
559,A,4,39.77552022227298,2024-02-28,159.10208088909192,1.1445604847182405
1,B,5,15.480260756771932,2024-10-20,77.40130378385966,-0.09323394311136646
90,A,3,38.140342416748425,2024-10-02,114.42102725024527,0.46762739811509885
654,B,2,30.42044086733315,2024-11-29,60.8408817346663,-0.34412994265119645
320,A,4,13.753805521057306,2024-10-02,55.01522208422922,-0.43239065826782896
550,D,1,8.43825772286564,2024-12-22,8.43825772286564,-1.1380474340590332
805,C,4,31.69620569311816,2024-04-19,126.78482277247264,0.6549430852661038
894,A,2,6.134532450774296,2024-01-30,12.269064901548592,-1.080009408621944
139,D,3,7.945901818885077,2024-04-16,23.837705456655232,-0.9047405883727723
511,A,3,36.59985868850153,2024-10-23,109.79957606550458,0.39761084836318444
868,A,1,29.24932286305864,2024-12-05,29.24932286305864,-0.8227527529013411
845,D,2,19.683286954446963,2024-11-22,39.366573908893926,-0.6694729749947221
259,A,2,29.265257420079067,2024-11-14,58.53051484015813,-0.37913278313312687
673,A,4,31.624219738621377,2024-04-04,126.49687895448552,0.6505806389582387
902,C,3,30.437863981000987,2024-10-11,91.31359194300296,0.11754193163419413
690,D,2,33.914930518197075,2024-07-25,67.82986103639415,-0.23824454054844005
10,D,2,47.31296450856652,2024-11-28,94.62592901713305,0.1677249594916987
261,B,3,22.494988403781147,2024-06-20,67.48496521134344,-0.24346982904085668
919,A,2,18.55181360559093,2024-03-19,37.10362721118185,-0.7037573834440517
650,C,3,6.729570996357637,2024-09-06,20.18871298907291,-0.960024059394694
172,A,4,11.61828755855451,2024-08-05,46.47315023421804,-0.5618059381793692
898,A,2,9.78124171465142,2024-12-04,19.56248342930284,-0.9695116491960393
13,B,2,20.0949884092608,2024-02-26,40.1899768185216,-0.6569981422023355
168,A,1,32.4495827966775,2024-05-26,32.4495827966775,-0.7742677316592839
642,C,3,7.085025101056254,2024-08-21,21.255075303168763,-0.9438683093859123
596,C,3,37.74492520046082,2024-01-17,113.23477560138248,0.4496552841035662
321,B,3,22.884482748998263,2024-07-15,68.6534482469948,-0.2257669155339293
319,A,4,48.35770321048046,2024-07-07,193.43081284192183,1.6646523936475595
613,C,3,30.57732388363724,2024-05-11,91.73197165091172,0.12388052582528011
329,A,2,39.711304057482,2024-09-04,79.42260811496399,-0.06261049830904568
785,A,3,43.75315545336649,2024-05-29,131.25946636009945,0.722735450229218
777,A,4,44.99808355964873,2024-07-20,179.9923342385949,1.4610548940511916
971,B,6,28.330778735591323,2024-07-31,169.98467241354794,1.3094354299340885
911,A,3,22.85341512939865,2024-08-04,68.56024538819594,-0.22717897039272733
920,C,3,30.223174535979776,2024-01-06,90.66952360793933,0.10778407834895033
550,A,3,23.093168072784252,2024-06-06,69.27950421835277,-0.21628195565578487
419,C,3,15.83217361774587,2024-12-14,47.49652085323761,-0.546301526903141
606,A,5,19.576392222500036,2024-03-15,97.88196111250016,0.21705494786241727
95,C,4,15.474643530736952,2024-09-07,61.89857412294781,-0.32810554495316285
817,C,1,17.124693376768775,2024-10-30,17.124693376768775,-1.0064449936531983
581,A,3,9.212348175607415,2024-02-15,27.63704452682225,-0.8471793154312584
318,A,4,24.19082243257571,2024-12-07,96.76328973030284,0.20010669776593673
956,C,2,15.587775797145069,2024-12-13,31.175551594290138,-0.7935697356189884
236,D,2,25.176494857751425,2024-11-10,50.35298971550285,-0.5030250567610443
946,B,1,40.64892053793319,2024-08-16,40.64892053793319,-0.6500449895065739
334,D,4,25.17405589594297,2024-06-30,100.6962235837719,0.25969197689463003
885,D,1,47.95753418193719,2024-03-23,47.95753418193719,-0.5393170189261297
376,A,3,11.65266025376094,2024-05-24,34.95798076128281,-0.7362646534343554
459,B,2,43.26192458770436,2024-02-19,86.52384917540871,0.044975707437464485
137,D,0,16.171615133284437,2024-04-09,0.0,-1.2658898948045423
930,A,1,47.02700528847384,2024-12-08,47.02700528847384,-0.5534148466344249
588,D,1,15.221656690189455,2024-08-07,15.221656690189455,-1.035276643608855
995,D,3,38.61328036841625,2024-05-18,115.83984110524877,0.4891229082690444
547,A,3,7.795305538698657,2024-01-14,23.38591661609597,-0.9115853422320845
513,A,4,33.34160467220799,2024-01-13,133.36641868883197,0.7546564911863757
296,A,3,14.840339806217337,2024-12-09,44.521019418652,-0.5913813808069198
320,B,3,35.157764374170625,2024-09-06,105.47329312251188,0.33206619738448895
918,D,4,33.61232019311811,2024-12-01,134.44928077247243,0.7710622182887227
572,A,4,46.5663145847073,2024-06-20,186.2652583388292,1.5560918174756422
832,C,3,33.20043937792017,2024-11-14,99.60131813376051,0.24310378871523552
349,D,1,23.37119652424585,2024-12-24,23.37119652424585,-0.9118083566061799
840,C,2,13.71055121821414,2024-04-15,27.42110243642828,-0.8504509111944083
779,B,0,34.58529538448629,2024-07-07,0.0,-1.2658898948045423
873,A,3,10.23649717652746,2024-01-17,30.709491529582383,-0.8006307033547803
229,C,3,42.28325721147955,2024-02-19,126.84977163443864,0.6559270825092616
270,B,1,16.130054612248866,2024-09-05,16.130054612248866,-1.0215141076083851
828,A,2,28.58715042119284,2024-08-14,57.17430084238568,-0.39967988426075796
798,C,4,31.8176286948228,2024-03-19,127.2705147792912,0.6623014835700399
291,C,2,21.31204956788691,2024-09-28,42.62409913577382,-0.6201203651761787
725,B,5,34.87431999075109,2024-07-31,174.37159995375544,1.3758988670880212
165,A,4,16.25976315014585,2024-01-17,65.0390526005834,-0.28052623300452284
5,A,3,6.558105819946795,2024-12-11,19.674317459840385,-0.9678173257789829
851,C,3,48.16704812607213,2024-09-07,144.5011443782164,0.9233513543451322
379,C,4,19.40206241044175,2024-12-05,77.608249641767,-0.09009864331550048
78,C,3,37.105800559721,2024-03-24,111.317401679163,0.42060642017498695
410,A,2,27.83901231141713,2024-07-15,55.678024622834265,-0.42234897545764066
574,B,6,35.10494047008519,2024-09-21,210.62964282051115,1.9252204894107918
132,B,1,9.992143513205498,2024-01-18,9.992143513205498,-1.1145055383645908
601,A,3,28.348154380224457,2024-08-08,85.04446314067337,0.022562508257660457
749,D,2,22.64987990804992,2024-11-26,45.29975981609984,-0.5795832001917564
42,B,4,25.33323050751684,2024-08-22,101.33292203006737,0.2693381738704214
89,C,2,48.47937498249063,2024-06-24,96.95874996498128,0.2030679864821458
402,D,3,11.133000717660153,2024-03-12,33.39900215298046,-0.7598837070447846
296,D,2,38.96150793851292,2024-03-31,77.92301587702585,-0.0853298283069178
840,B,2,19.865425737797665,2024-11-17,39.73085147559533,-0.6639540465558218
295,D,3,18.0661094430693,2024-01-23,54.198328329207904,-0.44476687516466235
616,D,3,17.184982815466938,2024-07-31,51.554948446400815,-0.4848149751400291
526,B,4,20.69516989503009,2024-10-20,82.78067958012036,-0.011734578946976795
800,B,4,21.070267681712277,2024-05-07,84.2810707268491,0.010996854789493266
691,D,2,17.18361523318871,2024-02-28,34.36723046637742,-0.7452147203637158
637,C,2,35.03719164980642,2024-11-19,70.07438329961283,-0.20423926851812466
422,A,4,7.147489266511222,2024-03-25,28.58995706604489,-0.8327423679131276
865,D,2,19.953221261264787,2024-08-16,39.90644252252957,-0.6612937827594074
23,D,2,17.60925230762312,2024-09-24,35.21850461524624,-0.7323176288627621
143,D,3,11.592434480879884,2024-04-25,34.77730344263965,-0.7390019759687989
993,D,3,47.33092139437548,2024-08-25,141.99276418312644,0.8853485453343761
665,A,4,12.673337542031971,2024-02-21,50.69335016812789,-0.497868480696043
145,A,1,21.651231382859805,2024-03-24,21.651231382859805,-0.9378664106847433
225,A,4,13.986508704760515,2024-04-20,55.94603481904207,-0.4182885302670123
503,B,4,17.901407456244073,2024-07-18,71.60562982497629,-0.18104036535118095
962,B,4,39.24611153006562,2024-08-06,156.98444612026248,1.1124776011777429
974,A,3,26.4382123432262,2024-08-16,79.3146370296786,-0.06424629679797368
821,A,3,12.31590727896125,2024-11-12,36.94772183688375,-0.7061194026366759
616,B,2,7.098569539005817,2024-01-21,14.197139078011634,-1.0507984322196735
104,C,2,15.346229907662376,2024-06-24,30.692459815324757,-0.8008887395908043
947,D,2,47.55212503367094,2024-02-25,95.10425006734188,0.17497168530802124
39,D,2,43.03925366846151,2024-10-17,86.07850733692301,0.0382286278417957
947,A,3,24.80781721658039,2024-10-26,74.42345164974117,-0.1383494109087507
198,C,0,26.689784987569237,2024-10-21,0.0,-1.2658898948045423
646,B,4,45.47147627205477,2024-05-22,181.8859050882191,1.4897431333729114
579,A,3,31.61054220690809,2024-08-13,94.83162662072426,0.170841347812157
179,C,4,27.132759695855327,2024-05-03,108.53103878342132,0.37839207915571
968,C,1,14.004392860347169,2024-09-02,14.004392860347169,-1.0537186026594603
554,B,4,37.66671409740057,2024-04-10,150.6668563896023,1.016763978333586
448,B,6,28.68769938105557,2024-11-18,172.1261962863334,1.3418802414856807
500,D,3,35.079781098581094,2024-12-15,105.23934329574328,0.3285217783198712
15,D,2,12.075391251477258,2024-04-02,24.15078250295452,-0.899997365148696
623,C,1,34.142081086352555,2024-09-10,34.142081086352555,-0.7486258096813256
669,C,4,22.201571633230422,2024-03-20,88.80628653292169,0.07955540598012086
289,B,4,19.93989887650382,2024-10-24,79.75959550601527,-0.05750502526862586
478,D,3,35.216399348267096,2024-01-31,105.6491980448013,0.33473121649877713
231,C,2,31.65076009674305,2024-11-25,63.30152019348609,-0.30685043710491056
923,D,4,34.209834302151705,2024-10-25,136.83933720860682,0.8072723823001978
157,C,3,36.5538411306238,2024-01-12,109.6615233918714,0.39551930362854826
550,B,2,33.840453302280075,2024-05-06,67.68090660456015,-0.2405012506099266
441,C,5,32.609886882863194,2024-12-25,163.04943441431595,1.2043642267548993
97,C,1,22.942141220918263,2024-07-05,22.942141220918263,-0.9183086896814159
997,D,1,42.763626101398174,2024-03-09,42.763626101398174,-0.6180064844188471
411,C,1,22.14223711275698,2024-11-24,22.14223711275698,-0.9304275076775379
951,B,1,36.51096354465028,2024-01-11,36.51096354465028,-0.7127364386012011
289,C,2,18.191464012160026,2024-10-29,36.38292802432005,-0.7146762200726171
254,B,3,11.64903987948292,2024-01-23,34.94711963844876,-0.7364292031216447
196,B,1,10.839348828409824,2024-12-02,10.839348828409824,-1.1016700910709027
598,D,1,33.555148551085935,2024-11-28,33.555148551085935,-0.757518036259895
834,A,2,19.75797187158156,2024-07-27,39.51594374316312,-0.6672099714457339
522,A,3,17.37721798665771,2024-08-02,52.13165395997312,-0.47607769140184664
517,D,5,31.64266982104104,2024-05-02,158.21334910520517,1.1310958973678267
635,C,4,6.155138950947586,2024-03-13,24.620555803790342,-0.8928801406286803
842,D,3,16.080154339310354,2024-07-28,48.24046301793106,-0.5350305512929705
865,B,1,20.324627839268945,2024-11-06,20.324627839268945,-0.9579649034087571
118,A,2,36.87681157732391,2024-09-30,73.75362315464783,-0.14849753933793464
806,D,0,29.52505612236877,2024-04-03,0.0,-1.2658898948045423
909,C,2,43.51948777069023,2024-08-23,87.03897554138045,0.052780046245731446
159,D,2,20.05278633493281,2024-06-02,40.10557266986562,-0.6582768936242162
815,A,5,18.339844652393705,2024-09-30,91.69922326196853,0.12338437664787306
228,D,3,6.493883385425473,2024-07-31,19.48165015627642,-0.9707363006434357
877,D,2,47.82727852872589,2024-05-07,95.65455705745178,0.1833090224801801
216,A,4,27.56714658777808,2024-08-20,110.2685863511123,0.40471651294422345
948,B,5,27.613576161221676,2024-02-10,138.06788080610835,0.8258852336488999
696,B,3,46.55462654055192,2024-10-15,139.66387962165578,0.8500651559299666
15,A,2,18.04632061678609,2024-02-12,36.09264123357218,-0.7190741632108745
157,D,0,19.94477585205856,2024-09-26,0.0,-1.2658898948045423
648,A,3,34.53564624778144,2024-11-09,103.60693874334432,0.3037902968026199
261,B,1,40.33291797047274,2024-01-28,40.33291797047274,-0.6548325353664939
157,C,6,36.4689826444621,2024-09-26,218.8138958667726,2.0492146933283597
47,D,4,40.49232271350252,2024-03-14,161.96929085401007,1.187999686201257
324,B,3,30.87986176807687,2024-05-24,92.63958530423062,0.1376311798888663
685,A,4,29.754802853112373,2024-09-02,119.0192114124495,0.5372914445999912
130,C,3,15.320328226304408,2024-09-26,45.96098467891322,-0.5695654197038351
411,A,1,29.37654979243782,2024-07-29,29.37654979243782,-0.8208252218565313
95,C,2,37.08251083206296,2024-10-06,74.16502166412592,-0.1422647126661211
627,D,1,34.410890273671015,2024-08-10,34.410890273671015,-0.7445532595049223
755,D,4,15.935754333683112,2024-12-25,63.74301733473245,-0.3001616059737995
932,A,2,6.848520260185333,2024-03-10,13.697040520370669,-1.0583750946450052
292,C,1,16.361634217576984,2024-01-20,16.361634217576984,-1.0180055982008809
794,C,2,49.28189320641738,2024-04-30,98.56378641283476,0.2273848319517739
811,D,1,13.300980817570217,2024-06-21,13.300980817570217,-1.0643755332036593
283,A,3,25.896729132090208,2024-02-03,77.69018739627063,-0.08885725859987131
69,C,1,33.725560971090204,2024-03-11,33.725560971090204,-0.7549362304143699
660,D,3,44.5762933272294,2024-02-02,133.7288799816882,0.7601479024617359
11,B,3,39.21163868885935,2024-09-18,117.63491606657804,0.5163189015434771
254,A,1,45.90288975022714,2024-09-28,45.90288975022714,-0.5704455775378318
842,B,2,32.19726621103183,2024-04-18,64.39453242206366,-0.29029093187106997
872,A,3,43.93934636575144,2024-01-23,131.8180390972543,0.7311980162669595
550,D,6,16.872934871264427,2024-05-25,101.23760922758656,0.26789415265065253
134,C,3,24.37541789764391,2024-01-14,73.12625369293173,-0.1580023990396047
712,C,5,42.96976134571735,2024-11-01,214.84880672858677,1.9891422507520475
23,C,1,19.65036505000345,2024-11-12,19.65036505000345,-0.9681802128956019
815,A,2,44.20499649072777,2024-02-05,88.40999298145555,0.07355142453502658
346,D,3,21.340178054975212,2024-09-27,64.02053416492565,-0.29595713206041635
302,B,3,21.352761667550407,2024-09-17,64.05828500265122,-0.2953851940906903
363,D,1,18.9064811656015,2024-02-22,18.9064811656015,-0.979450305539629
396,B,3,29.612438763690587,2024-02-17,88.83731629107176,0.08002551731927722
218,A,3,10.808093250442395,2024-01-11,32.42427975132719,-0.7746510813611036
141,A,1,6.647119333160866,2024-09-14,6.647119333160866,-1.1651837869408745
616,B,3,45.38358409869458,2024-12-08,136.15075229608374,0.796840087798142
958,B,2,46.80222145582064,2024-10-06,93.60444291164129,0.15224909923330107
210,B,4,8.42767978513662,2024-07-28,33.71071914054648,-0.7551610891708802
985,D,4,29.73638997326717,2024-11-19,118.94555989306868,0.536175599151259
993,B,3,29.285697188983157,2024-11-30,87.85709156694946,0.06517478095508557
623,A,4,21.759380618792783,2024-01-12,87.03752247517113,0.05275803180081558
616,A,5,30.600716922707456,2024-09-07,153.00358461353727,1.052166201879311
828,C,3,25.61537055776292,2024-11-18,76.84611167328876,-0.10164529151206127
683,B,2,27.033575639204955,2024-06-08,54.06715127840991,-0.44675425188603357
460,D,6,38.99015703892552,2024-02-05,233.9409422335531,2.2783945660999962
356,D,2,28.66821203003527,2024-05-28,57.33642406007054,-0.3972236626361625
324,D,2,19.564614176239655,2024-07-16,39.12922835247932,-0.6730688405128886
133,C,4,31.165525044003008,2024-09-02,124.66210017601205,0.6227831194148287
888,A,1,33.83392986842565,2024-07-22,33.83392986842565,-0.7532944049382293
805,D,0,34.80401047997142,2024-02-13,0.0,-1.2658898948045423
840,A,4,32.82379929396376,2024-11-10,131.29519717585504,0.7232767841823469
127,C,4,34.90712441342599,2024-11-14,139.62849765370396,0.8495291071391454
106,B,2,18.954175265026628,2024-07-24,37.908350530053255,-0.6915655527744291
604,B,0,25.076026088568376,2024-08-28,0.0,-1.2658898948045423
799,B,3,35.09177761644565,2024-02-10,105.27533284933692,0.329067032238826
378,D,6,38.94658437220905,2024-03-16,233.6795062332543,2.274433722202672
905,B,4,24.53657578962029,2024-07-20,98.14630315848116,0.22105981933548677
51,D,3,21.439977958262528,2024-12-28,64.31993387478758,-0.29142112511297247
29,C,1,37.21471948277863,2024-04-04,37.21471948277863,-0.702074297926024
462,C,4,14.997793092590284,2024-01-28,59.99117237036114,-0.3570033271363509
296,D,4,5.427148799119935,2024-05-23,21.70859519647974,-0.936997329491472
297,A,2,26.20247011026993,2024-02-28,52.40494022053986,-0.47193731205029904
726,B,7,12.801791967185338,2024-05-08,89.61254377029736,0.0917704760342953
779,B,2,22.022724156635395,2024-12-07,44.04544831327079,-0.5985864440282822
407,B,4,18.105536761849223,2024-01-01,72.42214704739689,-0.16866985305070004
769,D,1,39.97678498313551,2024-10-13,39.97678498313551,-0.6602280706711894
814,C,3,19.913382472992364,2024-01-22,59.74014741897709,-0.36080644011860774
613,B,0,33.83041061251953,2024-08-13,0.0,-1.2658898948045423
405,C,1,35.326066846969454,2024-07-22,35.326066846969454,-0.730688024643693
346,B,3,25.54044284985599,2024-07-05,76.62132854956796,-0.10505083192269118
622,B,2,8.648507098801023,2024-10-10,17.297014197602046,-1.003834274889144
420,D,2,36.51642887339327,2024-11-27,73.03285774678653,-0.15941737923705732
182,A,2,8.382556160391545,2024-01-27,16.76511232078309,-1.0118927683650456
983,D,4,9.46458318653159,2024-12-08,37.85833274612636,-0.6923233391313123
825,B,2,13.819881594869996,2024-05-08,27.639763189739995,-0.8471381267678214
1,B,3,17.616910900467104,2024-12-28,52.85073270140131,-0.46518340507010086
831,A,4,43.09032651444718,2024-04-04,172.3613060577887,1.345442234104929
950,C,3,35.37147996970238,2024-03-06,106.11443990910712,0.34177978822152916
567,C,5,22.42457547875421,2024-06-25,112.12287739377103,0.43280964989469606
371,B,1,49.0382353022339,2024-10-01,49.0382353022339,-0.5229440311498994
936,C,6,15.962114402741562,2024-06-04,95.77268641644936,0.1850987222542955
911,B,3,32.44164743229145,2024-01-19,97.32494229687434,0.20861592426182368
661,A,4,43.12463490288872,2024-11-15,172.49853961155486,1.347521368896318
431,A,4,41.09101600805533,2024-02-27,164.3640640322213,1.2242813104517543
969,B,4,9.063848685453202,2024-09-29,36.25539474181281,-0.7166083924710137
309,A,2,36.37734006535443,2024-07-16,72.75468013070886,-0.16363186428025786
137,D,6,16.603868999871136,2024-03-19,99.6232139992268,0.24343551848852488
202,D,1,21.008006512946004,2024-02-10,21.008006512946004,-0.9476114851874647
436,A,6,27.004639204002448,2024-08-13,162.0278352240147,1.18888665322336
313,B,3,40.58375747294271,2024-09-17,121.75127241882812,0.5786830936149115
117,B,3,12.479064920107126,2024-09-01,37.437194760321375,-0.6987037221661685
666,A,2,9.884985576782752,2024-01-23,19.769971153565507,-0.9663681399414752
937,C,3,11.904856026964008,2024-07-15,35.71456808089202,-0.7248020994469853
803,D,5,14.820059101639242,2024-08-23,74.10029550819621,-0.14324533583744573
575,C,4,7.67758342149631,2024-05-05,30.71033368598524,-0.8006179444002176
244,B,4,46.686041130653486,2024-09-22,186.74416452261397,1.5633474082637004
537,B,2,19.35875331899368,2024-11-19,38.71750663798736,-0.6793065638500632
602,C,4,12.963903343988925,2024-05-19,51.8556133759557,-0.480259799685976
75,A,5,33.70253916569316,2024-11-11,168.5126958284658,1.287134486424536
806,C,3,40.414825344498304,2024-05-06,121.24447603349492,0.5710049568329121
386,C,5,38.89553745206376,2024-10-12,194.4776872603188,1.6805128954400954
903,D,1,37.34182367541915,2024-04-23,37.34182367541915,-0.7001486263843497
210,D,4,7.27384889470852,2024-11-20,29.09539557883408,-0.8250848033597926
475,C,3,40.19717836492008,2024-01-13,120.59153509476025,0.5611126805987874
418,C,6,27.584538856333616,2024-08-15,165.5072331380017,1.2416007093526897
347,B,4,34.20887090141826,2024-01-09,136.83548360567303,0.8072139989113548
529,D,3,48.03910810426519,2024-05-25,144.11732431279555,0.9175363504357422
640,D,2,41.48026423133252,2024-06-11,82.96052846266504,-0.009009807499840535
939,B,3,42.14174041517022,2024-08-10,126.42522124551066,0.6494950004120363
955,A,3,13.166024849517724,2024-08-03,39.49807454855317,-0.6674806957925722
876,D,1,26.438770684537904,2024-06-17,26.438770684537904,-0.8653335697424889
763,D,2,47.719646825466015,2024-01-26,95.43929365093204,0.18004770900745076
179,A,3,31.220836343181745,2024-05-04,93.66250902954523,0.15312882057419638
182,D,4,9.616386639390722,2024-10-26,38.46554655756289,-0.6831238443538118
664,D,3,37.93189211983586,2024-09-06,113.79567635950758,0.45815312044701256
25,A,1,6.931708119727245,2024-01-10,6.931708119727245,-1.1608721704946696
967,A,1,38.40337701516824,2024-04-14,38.40337701516824,-0.6840657339646988
180,C,1,44.58976822051913,2024-04-15,44.58976822051913,-0.5903398131880282
710,B,4,24.13625632760007,2024-01-01,96.54502531040028,0.19679991792465226
501,B,2,23.612578834328925,2024-06-30,47.22515766865785,-0.5504127710025489
856,A,4,18.689511976462697,2024-10-28,74.75804790585079,-0.13328016437206613
161,A,2,44.46222282966797,2024-05-20,88.92444565933594,0.0813455567406748
177,D,3,29.65030718217741,2024-08-17,88.95092154653223,0.08174667539345327
285,C,5,31.066697328557847,2024-03-04,155.33348664278924,1.0874650062650075
63,C,4,34.77683258824796,2024-03-18,139.10733035299182,0.841633246124781
662,A,3,18.510392640329467,2024-08-19,55.5311779209884,-0.42457375269636694
666,D,1,24.47538401076853,2024-03-27,24.47538401076853,-0.8950795424317866
156,D,4,38.37225929928345,2024-07-01,153.4890371971338,1.0595209728403916
882,B,4,49.34691358425434,2024-11-14,197.38765433701732,1.7245998816393293
469,B,3,6.54374930290386,2024-05-25,19.63124790871158,-0.9684698440570856
49,D,4,6.919182407595535,2024-11-12,27.67672963038214,-0.8465780726794178
967,B,4,24.26371168923177,2024-04-01,97.05484675692708,0.20452388540767988
849,A,3,34.6829825664326,2024-05-02,104.0489476992978,0.3104868820997867
84,D,1,22.38640811758926,2024-10-02,22.38640811758926,-0.9267282343055152
361,B,1,49.98373942843307,2024-03-04,49.98373942843307,-0.5086193235967288
689,C,4,13.791166613876111,2024-11-27,55.16466645550445,-0.4301265254579694
148,D,4,5.356645610334238,2024-08-06,21.42658244133695,-0.9412699181896554
630,D,3,13.55582130407461,2024-07-10,40.66746391222383,-0.6497640511093719
342,C,2,44.90790687955855,2024-04-16,89.81581375911709,0.09485008516924845
476,A,3,11.531704679080908,2024-09-03,34.59511403724272,-0.7417622071293843
63,C,3,26.553865113798835,2024-02-26,79.6615953413965,-0.058989760934423166
701,D,4,23.867428132465164,2024-02-14,95.46971252986066,0.18050856531962714
360,A,3,34.9576394581008,2024-03-26,104.8729183743024,0.3229703167298152
561,B,0,7.456801388875382,2024-02-07,0.0,-1.2658898948045423
327,B,5,34.64375769798017,2024-06-30,173.21878848990085,1.358433383198445
769,B,2,20.96382397920509,2024-06-12,41.92764795841018,-0.6306718362532008
736,D,2,46.67178015871245,2024-09-01,93.34356031742487,0.14829663962544593
141,C,3,43.199929831365765,2024-11-18,129.5997894940973,0.6975907839295434
990,A,2,22.977781181491373,2024-05-05,45.95556236298275,-0.5696475696255675
215,B,2,49.68013295830337,2024-07-25,99.36026591660674,0.23945176603221247
435,A,2,7.337468869531123,2024-09-23,14.674937739062246,-1.0435596207759201
891,D,1,40.48844990288858,2024-12-19,40.48844990288858,-0.6524761739447912
952,B,3,24.52264358123132,2024-03-27,73.56793074369395,-0.15131084221843116
723,D,4,24.49873150644134,2024-05-24,97.99492602576537,0.21876640453558724
318,C,1,12.65602091654042,2024-05-01,12.65602091654042,-1.0741468940150742
32,D,2,28.16959639875174,2024-04-07,56.33919279750348,-0.4123320538142917
670,D,3,8.812332359603836,2024-10-15,26.43699707881151,-0.8653604404695869
285,C,2,32.745973055016975,2024-05-12,65.49194611003395,-0.27366474303759103
305,A,4,15.871569838424929,2024-12-02,63.48627935369971,-0.30405127328902265
429,C,0,37.61861205962165,2024-11-13,0.0,-1.2658898948045423
477,C,4,32.33126832154577,2024-03-05,129.32507328618308,0.6934287403916622
286,D,2,38.588225393815065,2024-07-17,77.17645078763013,-0.09664054211415463
424,B,4,13.851907034919854,2024-12-11,55.40762813967942,-0.4264455737032448
19,C,2,5.030362826896823,2024-07-26,10.060725653793646,-1.1134664957204883
18,A,2,21.45925667267319,2024-07-26,42.91851334534638,-0.6156598902456479
590,C,2,31.00547230861254,2024-04-30,62.01094461722508,-0.32640309392886335
175,C,3,44.58066518855989,2024-12-12,133.74199556567964,0.7603466079986664
194,D,2,45.77262114761137,2024-02-26,91.54524229522274,0.121051512881054
502,A,2,28.806132078924225,2024-10-30,57.61226415784845,-0.39304459178642387
988,A,4,29.34239382104248,2024-05-24,117.36957528416993,0.5122988988754771
113,A,4,43.29224785549024,2024-02-13,173.16899142196095,1.3576789407634744
222,D,4,36.44863699574505,2024-03-21,145.7945479829802,0.9429468567581542
678,C,4,32.20089323523379,2024-12-18,128.80357294093517,0.6855278336398494
947,C,5,32.77467961603521,2024-01-30,163.87339808017603,1.2168475551940157
831,A,3,21.33101050805233,2024-12-06,63.99303152415699,-0.2963738063773595
644,C,2,42.8412986330761,2024-07-27,85.6825972661522,0.03223045625903911
897,B,3,32.80008672892674,2024-08-30,98.40026018678024,0.22490735427547745
264,C,2,15.058762800868896,2024-07-01,30.11752560173779,-0.8095991875346461
925,B,2,15.792947532929226,2024-06-06,31.58589506585845,-0.787352893128625
871,D,2,33.15683955364649,2024-12-05,66.31367910729298,-0.2612152099828337
643,D,4,22.94168577925693,2024-12-19,91.76674311702772,0.12440732530664138
800,A,8,13.41953416558794,2024-08-20,107.35627332470352,0.36059398481280486
778,C,5,32.45971879603408,2024-04-01,162.2985939801704,1.192988740027552
458,B,7,13.293967100877728,2024-11-24,93.0577697061441,0.14396681512801524
979,B,3,26.157516404823543,2024-06-20,78.47254921447063,-0.07700421223450714
878,C,1,35.48797404085563,2024-07-08,35.48797404085563,-0.7282350758527688
162,B,2,30.443694544450437,2024-01-31,60.88738908890087,-0.3434253404923883
380,D,2,46.49449550568208,2024-04-18,92.98899101136416,0.14292479462137617
993,B,2,6.787454083329604,2024-09-28,13.574908166659208,-1.060225441143999
87,A,6,17.590769413313126,2024-04-04,105.54461647987875,0.33314677039065643
55,D,2,7.568874555709149,2024-03-17,15.137749111418298,-1.036547871828898
476,D,5,13.75719035096748,2024-05-30,68.7859517548374,-0.22375944253934327
800,D,2,10.57925011304888,2024-05-21,21.15850022609776,-0.9453314544929868
178,C,4,37.969773215910415,2024-08-18,151.87909286364166,1.0351297712420802
391,C,5,21.62191735824791,2024-09-14,108.10958679123956,0.37200693881795843
349,D,1,46.62699220413592,2024-05-07,46.62699220413592,-0.5594751802615416
8,C,4,6.051997476143174,2024-12-13,24.207989904572692,-0.8991306536501948
833,B,1,34.381588322488014,2024-08-11,34.381588322488014,-0.7449971939836867
759,C,6,12.912742391450838,2024-10-06,77.47645434870503,-0.09209538661643817
835,D,4,24.909450362851185,2024-10-19,99.63780145140474,0.24365652332668966
984,A,3,36.585045102662335,2024-01-29,109.755135307987,0.39693755584415574
983,A,1,33.49120996954255,2024-10-24,33.49120996954255,-0.7584867274126829
443,A,1,30.471220875455185,2024-01-18,30.471220875455185,-0.8042405844164264
767,B,1,19.704025717448232,2024-05-10,19.704025717448232,-0.9673672356203525
328,C,3,37.76899790898056,2024-09-25,113.30699372694168,0.4507494131507152
54,A,2,34.39648746807514,2024-04-15,68.79297493615027,-0.22365303896519467
761,D,0,12.326012844968815,2024-06-05,0.0,-1.2658898948045423
239,A,1,48.38408290875633,2024-02-28,48.38408290875633,-0.5328546613334412
229,A,6,30.005280902305376,2024-04-01,180.03168541383226,1.4616510776759153
579,C,4,28.64577204661557,2024-09-16,114.58308818646228,0.47008267615437477
51,C,2,43.17065049143613,2024-02-20,86.34130098287226,0.042210040530270235
609,C,4,33.81860797830395,2024-05-12,135.2744319132158,0.7835635373742664
604,B,5,8.351567897286888,2024-06-15,41.75783948643444,-0.633244492081665
264,B,0,27.796521820561697,2024-10-23,0.0,-1.2658898948045423
418,A,0,40.12684218023061,2024-01-05,0.0,-1.2658898948045423
803,C,4,36.49910540796011,2024-05-15,145.99642163184043,0.9460053108700777
96,A,3,48.684592586423605,2024-08-13,146.05377775927082,0.9468742756149755
88,D,4,6.121232585866896,2024-07-02,24.484930343467585,-0.8949349122600824
78,D,1,16.754853048818084,2024-03-31,16.754853048818084,-1.01204819980795
288,C,3,29.712040532709143,2024-11-03,89.13612159812743,0.08455251886300844
120,C,4,32.87704095593371,2024-07-07,131.50816382373483,0.7265033009842572
814,D,2,17.346019365848484,2024-10-29,34.69203873169697,-0.7402937652006126
491,C,5,42.20607498691389,2024-12-03,211.0303749345695,1.9312917165815555
912,B,2,12.39565068122058,2024-11-17,24.79130136244116,-0.8902932876198966
452,B,4,5.038209932977316,2024-05-12,20.152839731909264,-0.9605675513833696
500,C,2,47.85761292692583,2024-06-20,95.71522585385166,0.18422817528126273
165,D,3,22.62005574935449,2024-09-06,67.86016724806346,-0.23778539118337852
182,A,3,48.087041043024215,2024-03-01,144.26112312907264,0.9197149511764307
469,C,0,17.506922015535082,2024-02-19,0.0,-1.2658898948045423
910,C,5,7.855188580905166,2024-08-10,39.27594290452583,-0.6708460653883538
735,A,5,39.76338220488604,2024-06-20,198.81691102443023,1.7462536042390449
823,C,2,42.61187893215642,2024-11-14,85.22375786431284,0.025278884009807073
944,A,2,27.14391044814361,2024-08-12,54.28782089628723,-0.4434110324813023
978,D,1,8.323265308003908,2024-07-09,8.323265308003908,-1.1397896080676744
7,B,0,34.4360333738002,2024-12-24,0.0,-1.2658898948045423
330,D,5,13.19647885138208,2024-09-21,65.9823942569104,-0.2662342876018845
775,B,2,43.22216966703279,2024-08-31,86.44433933406557,0.043771106428034785
673,A,5,17.3310403793986,2024-03-19,86.655201896993,0.04696574563071049
151,B,3,43.14678756412675,2024-12-08,129.44036269238023,0.6951754139195628
85,D,1,24.21160438520837,2024-12-30,24.21160438520837,-0.899075893045108
147,B,1,31.841952766166777,2024-01-22,31.841952766166777,-0.7834735322966433
624,A,4,40.53031325694349,2024-02-05,162.12125302777395,1.190301964571064
381,B,5,6.81976593423191,2024-11-25,34.09882967115955,-0.7492810832615596
915,C,1,41.95247027854032,2024-06-04,41.95247027854032,-0.6302957697011861
548,D,0,11.239161879447392,2024-02-25,0.0,-1.2658898948045423
285,C,1,21.12882598413439,2024-12-20,21.12882598413439,-0.9457810293030894
700,A,7,26.27514635499784,2024-09-04,183.92602448498488,1.5206516327886663
82,B,4,45.29419626508829,2024-09-17,181.17678506035315,1.478999724922533
514,C,5,6.009828255301599,2024-09-16,30.049141276508,-0.8106352332091113
897,C,2,30.164117373355342,2024-01-15,60.328234746710685,-0.3518967180432808
815,B,4,33.913512502807755,2024-07-06,135.65405001123102,0.7893148800551478
709,B,200,19.24620390945831,2024-01-26,76.98481563783324,-0.09954387949966521
916,D,0,18.07190470892569,2024-01-23,0.0,-1.2658898948045423
523,C,3,27.07111213297104,2024-04-12,81.21333639891313,-0.03548035866821768
746,C,3,13.419518803910266,2024-01-29,40.2585564117308,-0.6559591381518864
386,A,5,26.06535183222316,2024-12-07,130.3267591611158,0.7086046204549614
707,D,3,39.42613955705664,2024-02-26,118.2784186711699,0.526068183820581
471,A,5,43.04279768722317,2024-03-02,215.2139884361158,1.994674877230527
119,C,4,22.33226232045053,2024-02-17,89.32904928180213,0.08747543857427419
396,A,0,32.77857709146585,2024-02-04,0.0,-1.2658898948045423
532,C,2,5.0009233082402735,2024-02-15,10.001846616480549,-1.1143585330655952
261,C,1,29.76586176521535,2024-02-02,29.76586176521535,-0.8149270136917461
805,A,3,48.88563374266205,2024-11-22,146.65690122798614,0.9560118003157202
934,A,5,19.051926222254515,2024-08-13,95.25963111127255,0.1773257607180998
256,B,6,31.764925589416077,2024-09-22,190.58955353649645,1.6216063534398302
734,B,2,39.30276459405258,2024-08-03,78.60552918810517,-0.07498952062189562
905,B,2,32.40198594453392,2024-08-04,64.80397188906784,-0.28408778535584744
226,C,6,23.832498671007773,2024-06-24,142.99499202604665,0.9005326363961351
53,A,9,11.865900798928914,2024-02-13,106.79310719036025,0.3520618272528518
940,D,3,25.866562885620382,2024-08-06,77.59968865686116,-0.09022834513460967
867,C,0,18.265289413036623,2024-05-05,0.0,-1.2658898948045423
500,D,3,36.31641299425839,2024-11-14,108.94923898277516,0.3847279537314275
506,A,1,24.88607454715145,2024-10-31,24.88607454715145,-0.8888574417920048
854,C,3,43.24458940732947,2024-07-18,129.7337682219884,0.6996206070072077
364,D,3,13.699509660192938,2024-03-25,41.09852898057881,-0.6432332694136905
280,D,2,23.79740549241081,2024-02-10,47.59481098482162,-0.5448123981396702
593,B,0,30.08772393776637,2024-07-29,0.0,-1.2658898948045423
714,B,4,10.670660421273285,2024-12-19,42.68264168509313,-0.6192334257380747
158,B,3,31.455953502552,2024-02-08,94.367860507656,0.1638151342201773
632,C,2,18.09146323974092,2024-12-28,36.18292647948184,-0.717706311174923
59,A,1,15.329173106689678,2024-09-25,15.329173106689678,-1.0336477335059222
727,A,3,11.385983287820515,2024-12-27,34.157949863461546,-0.748385392336743
128,B,0,20.744686653508005,2024-06-29,0.0,-1.2658898948045423
736,B,4,46.8042086837393,2024-08-18,187.2168347349572,1.5705085219736215
721,B,4,6.395263669897632,2024-03-10,25.58105467959053,-0.8783282575435201
882,D,1,43.34702937385726,2024-11-08,43.34702937385726,-0.6091677273664228
115,B,3,22.881240400331336,2024-03-16,68.64372120099401,-0.225914283573324
209,D,3,30.272073742687304,2024-10-02,90.81622122806192,0.11000659694910675
526,A,3,28.07655336164172,2024-08-21,84.22966008492517,0.01021796616249024
552,C,5,39.65581711425711,2024-11-14,198.27908557128555,1.7381053665767523
237,C,3,40.74934782297638,2024-06-02,122.24804346892915,0.5862093431746939
281,D,2,18.314982239300928,2024-10-20,36.629964478601856,-0.7109335341715154
758,D,6,10.539216662751477,2024-12-29,63.235299976508855,-0.30785369580682614
278,B,1,45.54698827023397,2024-12-26,45.54698827023397,-0.5758376054279025
235,B,4,34.889098230192296,2024-12-28,139.55639292076918,0.8484366960286385
494,C,1,46.48971965149012,2024-12-23,46.48971965149012,-0.5615549058991578
4,D,1,46.20825590985441,2024-05-09,46.20825590985441,-0.5658191768568749
666,D,4,45.11178640342475,2024-01-07,180.447145613699,1.467945440331948
442,B,5,44.837401715707045,2024-04-14,224.18700857853523,2.1306191696426278
29,B,2,10.294080754694836,2024-11-02,20.58816150938967,-0.9539722791035957
109,A,1,11.458206872521789,2024-02-19,11.458206872521789,-1.0922941822269432
610,A,5,10.300073871963502,2024-08-11,51.50036935981751,-0.4856418667761004
727,B,5,9.096308996012835,2024-03-04,45.481544980064186,-0.5768290934257052
805,A,1,20.89783782832948,2024-06-29,20.89783782832948,-0.949280578050119
75,A,3,35.7781286446089,2024-03-15,107.3343859338267,0.36026238343241446
838,B,7,20.96116758826632,2024-09-22,146.72817311786423,0.9570915935720115
146,B,3,37.41351499737927,2024-07-07,112.2405449921378,0.43459235383895445
128,D,2,41.91274062590912,2024-07-01,83.82548125181825,0.004094520031469466
853,B,2,34.97966330658876,2024-12-20,69.95932661317752,-0.20598241626286065
42,B,5,25.929712682733594,2024-03-08,129.64856341366797,0.6983297253203973
356,C,2,18.29828478159306,2024-06-18,36.59656956318612,-0.7114394784438226
41,D,2,10.598151310485388,2024-11-17,21.196302620970776,-0.9447587354150254
934,D,3,27.21433225601227,2024-06-20,81.64299676803681,-0.028970858641363645
34,D,2,37.38195290164538,2024-10-10,74.76390580329077,-0.13319141524302583
17,C,3,29.670944517682173,2024-04-16,89.01283355304652,0.0826846632485802
677,B,2,37.466686368070825,2024-04-20,74.93337273614165,-0.13062393384790993
153,D,2,20.08488525545753,2024-03-18,40.16977051091506,-0.6573042746021556
998,D,0,8.005822837490662,2024-07-04,0.0,-1.2658898948045423
588,D,5,14.88758503233002,2024-08-23,74.4379251616501,-0.13813013230422866
599,B,1,32.73282771062108,2024-04-02,32.73282771062108,-0.7699764753381981
629,B,1,41.19317350496299,2024-05-09,41.19317350496299,-0.6417993728332893
874,A,2,11.259950083010452,2024-07-01,22.519900166020903,-0.9247057845863965
342,D,3,31.93226195059741,2024-02-03,95.79678585179224,0.18546383685709578
981,D,2,36.02184628280422,2024-10-29,72.04369256560844,-0.17440356655187658
27,D,3,38.5938890068516,2024-08-09,115.7816670205548,0.48824155119473506
825,C,4,11.64499750136694,2024-10-08,46.57999000546776,-0.5601872794810173
287,D,3,42.13022728907171,2024-12-05,126.39068186721514,0.6489717171397141
646,B,9,9.236685476771148,2024-01-01,83.13016929094033,-0.00643969153018341
731,B,3,28.38125606705633,2024-04-06,85.143768201169,0.02406701353768298
168,C,4,24.9535713289046,2024-03-27,99.8142853156184,0.24633031360709473
610,C,1,14.979473340599895,2024-11-26,14.979473340599895,-1.0389458033311543
268,D,4,18.586883365125765,2024-09-08,74.34753346050306,-0.13949959717306012
749,A,1,12.399610248000585,2024-12-29,12.399610248000585,-1.0780316024352388
821,C,4,24.1576787669564,2024-01-15,96.6307150678256,0.19809814675455098
455,C,2,6.597991740675209,2024-05-21,13.195983481350416,-1.0659662783876669
906,D,5,45.001187388327,2024-11-06,225.00593694163496,2.1430262115405383
685,D,3,12.356930076646789,2024-10-15,37.07079022994037,-0.7042548748247652
401,C,4,44.87079904051769,2024-03-10,179.48319616207075,1.4533412798550163
922,A,1,43.86098300603015,2024-11-07,43.86098300603015,-0.601381155872164
981,C,2,25.325474322095904,2024-10-05,50.65094864419181,-0.4985108781360572
476,D,3,27.397657049679157,2024-02-23,82.19297114903746,-0.02063856060979391
702,D,6,18.586109324051662,2024-12-11,111.51665594430996,0.4236251897370258
558,A,4,35.184748576560054,2024-09-08,140.73899430624022,0.8663535073142177
576,C,3,47.83137286709985,2024-09-03,143.49411860129956,0.908094572959284
130,C,5,23.665857997468013,2024-05-13,118.32928998734006,0.5268389014798595
822,D,3,44.73574607447539,2024-08-31,134.20723822342617,0.7673951917423136
363,A,3,25.170558494768017,2024-08-26,75.51167548430405,-0.12186245146504378
705,B,5,44.00729924455906,2024-01-17,220.0364962227953,2.0677375025569447
819,A,5,10.891695177268684,2024-12-14,54.45847588634342,-0.44082555161738357
693,C,3,33.65844920458291,2024-10-05,100.97534761374872,0.263920800428752
292,C,4,35.5416581677616,2024-08-20,142.1666326710464,0.8879827117786594
371,C,2,34.52768137788924,2024-12-17,69.05536275577848,-0.21967777468285105
794,A,2,25.116242811770466,2024-06-02,50.23248562354093,-0.5048507345433866
29,D,1,35.776224951385814,2024-07-04,35.776224951385814,-0.7238679769889292
149,C,3,15.775839536746687,2024-03-23,47.32751861024006,-0.5488619680896872
779,C,4,31.81318675236888,2024-02-24,127.25274700947551,0.6620322958431656
296,A,1,29.940571600219812,2024-03-02,29.940571600219812,-0.8122801005543471
11,B,3,19.325278495869213,2024-12-23,57.97583548760764,-0.3875363630762504
512,B,5,40.04887140415532,2024-02-28,200.2443570207766,1.7678798942562062
676,D,1,8.639242945640644,2024-05-21,8.639242945640644,-1.135002439903022
113,D,4,12.71478475814315,2024-05-28,50.8591390325726,-0.49535672328226055
187,C,1,26.2017517828747,2024-06-22,26.2017517828747,-0.868924486330603
744,C,2,30.88217995375763,2024-03-02,61.76435990751526,-0.3301389357467896
227,D,0,42.89300829226369,2024-06-15,0.0,-1.2658898948045423
310,A,2,28.2906373616417,2024-06-18,56.5812747232834,-0.4086644306970392
98,A,3,40.34551858749256,2024-10-30,121.03655576247768,0.5678548943486046
55,D,1,19.660882763553133,2024-04-12,19.660882763553133,-0.9680208659752105
623,B,2,41.68140427344371,2024-01-28,83.36280854688742,-0.002915128057123194
664,B,4,23.075873175459595,2024-03-24,92.30349270183838,0.13253926319950562
758,A,1,30.14740226353352,2024-05-13,30.14740226353352,-0.8091465459955665
406,C,2,12.914667118857244,2024-02-28,25.829334237714487,-0.8745667381984347
69,B,2,46.41948608475005,2024-03-30,92.8389721695001,0.14065195838764466
312,C,0,36.56566037467738,2024-03-10,0.0,-1.2658898948045423
289,B,2,43.64846686172205,2024-07-03,87.2969337234441,0.056688200019595465
762,B,4,14.35383082199446,2024-02-29,57.41532328797784,-0.39602831262697075
548,C,5,8.045795987115639,2024-05-24,40.2289799355782,-0.6564072317768636
751,D,3,20.174416848995666,2024-06-16,60.523250546986986,-0.34894216265869954
148,B,6,28.25084259297193,2024-03-06,169.50505555783158,1.3021690722257129
467,B,2,41.106644733156585,2024-05-03,82.21328946631317,-0.0203307312255721
739,C,3,22.897688697773976,2024-07-31,68.69306609332193,-0.2251666917519306
244,D,4,17.14812462054762,2024-06-30,68.59249848219048,-0.22669032510144344
491,B,5,21.76453005869212,2024-03-11,108.8226502934606,0.38281009223963297
849,B,1,36.662333470752,2024-02-13,36.662333470752,-0.710443132983944
958,D,3,20.129814362795763,2024-12-05,60.38944308838729,-0.35096939094862656
507,B,1,49.06245318598137,2024-07-13,49.06245318598137,-0.5225771220136763
365,D,4,12.874058992433284,2024-02-26,51.496235969733135,-0.4857044890349792
482,D,4,38.88932560853012,2024-10-18,155.5573024341205,1.090855891262506
201,C,3,31.512362557209045,2024-02-26,94.53708767162712,0.166378983035606
154,A,1,15.489302007044378,2024-06-19,15.489302007044378,-1.03122172646393
450,D,3,38.91261367133053,2024-10-26,116.7378410139916,0.5027279108481716
501,C,0,25.139309475103303,2024-11-13,0.0,-1.2658898948045423
73,A,2,35.707922399435915,2024-03-23,71.41584479887183,-0.18391567273650755
713,B,2,34.801576032408896,2024-11-12,69.60315206481779,-0.21137858123111491
296,A,8,9.97895449616298,2024-04-03,79.83163596930385,-0.05641358786501335
17,D,0,42.79923611877862,2024-09-23,0.0,-1.2658898948045423
641,D,0,35.66637078702436,2024-11-28,0.0,-1.2658898948045423
217,D,4,40.12640206864991,2024-06-09,160.50560827459964,1.1658243996850475
61,D,1,25.149462573383094,2024-04-11,25.149462573383094,-0.8848670240410617
939,D,0,13.777777476625843,2024-04-21,0.0,-1.2658898948045423
616,C,4,19.67960856862992,2024-03-06,78.71843427451967,-0.07327897034576443
42,D,5,45.56611527774152,2024-04-19,227.8305763887076,2.185820455268611
25,C,4,47.210837083314274,2024-04-29,188.8433483332571,1.5951507535422582
39,B,3,26.68398793372795,2024-10-05,80.05196380118385,-0.05307554663383177
803,D,5,18.445800881722736,2024-08-29,92.22900440861368,0.1314107403438011
131,D,3,37.8640005848824,2024-05-27,113.5920017546472,0.45506738124208607
498,A,1,39.46968546198237,2024-08-29,39.46968546198237,-0.6679108000634685
229,B,1,41.69598338331115,2024-08-09,41.69598338331115,-0.6341816329814957
108,D,0,6.39877148251232,2024-09-27,0.0,-1.2658898948045423
172,D,5,5.438024257848491,2024-10-12,27.19012128924245,-0.8539503537584864
435,B,3,21.072003272683364,2024-01-04,63.2160098180501,-0.30814594823695235
478,C,2,11.862347799942942,2024-11-15,23.724695599885884,-0.9064527259552428
102,D,2,41.22418363313515,2024-11-16,82.4483672662703,-0.01676922298534341
866,A,4,28.977973411038903,2024-01-08,115.9118936441556,0.490214528622361
524,D,3,42.1406656862809,2024-02-21,126.42199705884268,0.6494461528926698
275,A,2,12.96108845348608,2024-05-21,25.92217690697216,-0.8731601403331053
613,A,3,33.225021898782245,2024-11-09,99.67506569634672,0.24422108925103883
44,D,3,31.107744087587296,2024-09-23,93.32323226276188,0.14798866271651073
955,D,2,20.31702353776708,2024-11-10,40.63404707553416,-0.6502703274963991
817,A,3,28.268658525099266,2024-10-06,84.8059755752978,0.018949340917179494
957,B,2,31.506239170612336,2024-03-28,63.01247834122467,-0.3112295190037022
17,B,2,45.02695120411197,2024-06-08,90.05390240822393,0.09845720879322993
330,D,3,7.503727314028279,2024-10-28,22.51118194208484,-0.924837868630037
569,C,4,42.05182400711423,2024-01-28,168.2072960284569,1.2825075760804105
497,D,4,37.92987761488846,2024-10-24,151.71951045955385,1.0327120438035133
815,B,3,38.180614201735565,2024-12-24,114.5418426052067,0.4694577916372423
12,C,5,14.808843384804325,2024-09-28,74.04421692402163,-0.14409494536958603
318,D,2,28.53829764271117,2024-04-09,57.07659528542235,-0.40116015652085446
592,C,4,36.76731440824695,2024-07-22,147.0692576329878,0.9622591394289517
216,D,3,32.10264519588141,2024-07-08,96.30793558764422,0.19320792837300924
339,C,4,22.330922320255137,2024-02-03,89.32368928102055,0.08739423274814043
776,B,4,47.305328452508974,2024-10-20,189.2213138100359,1.6008770584520164
991,B,1,28.12940336245431,2024-10-04,28.12940336245431,-0.8397199124141602
661,C,2,48.64441394459878,2024-12-01,97.28882788919756,0.2080687787612478
81,C,4,30.37440566760904,2024-12-09,121.49762267043616,0.5748402140695241
727,C,3,40.70225510073174,2024-09-15,122.1067653021952,0.5840689311277921
485,D,3,38.39103964192192,2024-09-13,115.17311892576576,0.47902184157280586
374,B,6,34.7370698836817,2024-02-22,208.4224193020902,1.891780305989318
976,D,4,5.65073805892149,2024-07-10,22.60295223568596,-0.92344751761889
710,B,6,8.484311772513724,2024-06-20,50.90587063508234,-0.4946487236861784
200,A,4,31.16679296920888,2024-02-16,124.66717187683552,0.6228599573990112
537,D,1,46.03016397808775,2024-07-09,46.03016397808775,-0.5685173299050185
466,B,4,32.05137500882802,2024-02-10,128.20550003531207,0.676466826679504
89,B,3,15.619819812702453,2024-07-12,46.85945943810736,-0.5559532229796398
268,D,5,19.409828072699614,2024-03-06,97.04914036349808,0.20443743161568823
655,D,3,33.04219433361223,2024-02-12,99.12658300083667,0.23591139075956855
571,B,2,31.867450952675775,2024-07-08,63.73490190535156,-0.30028455747589067
922,D,1,48.00663095967971,2024-03-29,48.00663095967971,-0.5385731861246889
489,C,2,28.808805380339702,2024-06-24,57.61761076067941,-0.39296358894377703
877,D,5,20.975669688795776,2024-01-26,104.87834844397888,0.32305258412342414
538,D,2,28.62467405336382,2024-04-08,57.24934810672764,-0.39854289280342237
47,D,5,40.38052924718608,2024-03-01,201.9026462359304,1.7930035371758262
288,B,4,29.31637126027445,2024-09-06,117.2654850410978,0.5107218964596966
778,C,1,19.67236476294712,2024-11-13,19.67236476294712,-0.9678469097978792
16,A,2,20.23794729972853,2024-08-12,40.47589459945706,-0.6526663910415911
711,A,1,39.056531865905775,2024-03-22,39.056531865905775,-0.6741702168913242
401,C,2,7.990172458757684,2024-06-30,15.980344917515367,-1.023782260158446
919,C,2,17.363987427853054,2024-07-06,34.72797485570611,-0.7397493207579483
794,C,3,11.886691568384371,2024-02-13,35.660074705153114,-0.7256276925347519
981,B,3,47.51040349387541,2024-11-07,142.53121048162623,0.893506189013947
86,A,6,9.054241842568032,2024-09-15,54.3254510554082,-0.4428409228332841
250,C,6,39.118262431831546,2024-04-07,234.7095745909893,2.290039606487539
391,B,2,33.36915062611266,2024-12-18,66.73830125222533,-0.25478204075785393
782,A,4,33.4761980301937,2024-03-31,133.9047921207748,0.7628130309129441
335,D,5,39.35448622165483,2024-11-10,196.77243110827416,1.7152790414785464
629,B,3,23.021958743320702,2024-11-24,69.06587622996211,-0.21951849199029014
519,A,3,23.03345142487733,2024-05-20,69.100354274632,-0.218996137943157
137,B,3,17.991760200685505,2024-11-04,53.97528060205652,-0.44814612372985574
883,A,5,31.89875165985473,2024-09-08,159.49375829927368,1.1504945300603706
688,A,2,46.84123634496162,2024-07-26,93.68247268992324,0.15343127678637114
840,D,3,46.579243972591904,2024-06-27,139.7377319177757,0.8511840432142567
498,B,3,36.633230248162334,2024-10-24,109.899690744487,0.3991276196373276
827,C,3,45.77835969648726,2024-07-05,137.33507908946177,0.8147830395975411
727,D,2,48.35834727600958,2024-11-20,96.71669455201916,0.19940076504305723
477,D,3,40.77972243512561,2024-04-19,122.33916730537683,0.5875899001411485
594,A,2,23.35249980245058,2024-08-06,46.70499960490116,-0.5582933417354243
223,C,5,26.74512348492673,2024-12-13,133.72561742463364,0.7600984736180246
990,B,4,46.90656140430193,2024-01-03,187.62624561720773,1.5767112354201507
372,C,4,35.15036338736196,2024-02-10,140.60145354944785,0.8642697182929973
935,C,2,41.93122825337789,2024-05-04,83.86245650675578,0.00465470765943174
995,C,3,10.2251316085438,2024-09-13,30.675394825631404,-0.8011472799609429
402,C,5,13.725563679078988,2024-07-11,68.62781839539494,-0.22615521646104952
443,C,2,20.4848810295336,2024-04-24,40.96976205906719,-0.6451841318605748
490,A,5,13.470829500179862,2024-03-10,67.35414750089932,-0.24545176163423454
615,A,0,45.79092790931931,2024-11-01,0.0,-1.2658898948045423
273,D,2,14.760074614886223,2024-12-01,29.52014922977245,-0.8186496417743084
526,A,0,30.07326714487232,2024-04-06,0.0,-1.2658898948045423
159,D,1,8.845424156726466,2024-08-03,8.845424156726466,-1.1318787247653255
152,D,3,11.973283093574093,2024-11-10,35.919849280722275,-0.7216920197844531
995,B,4,16.133681073704224,2024-08-11,64.5347242948169,-0.288166977545673
620,C,3,49.23020306679737,2024-11-25,147.69060920039212,0.9716728259948164
813,B,3,35.30997764463061,2024-10-07,105.92993293389182,0.33898444509372716
98,A,3,46.23178927324109,2024-11-28,138.69536781972326,0.8353918743016268
131,D,5,48.02938967154267,2024-05-08,240.1469483577133,2.3724176595360316
805,A,5,25.41078114254372,2024-04-08,127.05390571271856,0.65901978289202
171,C,1,19.746025224918263,2024-09-26,19.746025224918263,-0.9667309288658766
936,D,3,19.189189708442346,2024-09-03,57.56756912532703,-0.39372173665782967
986,D,3,6.607809593665184,2024-07-04,19.823428780995556,-0.9655582387911755
183,B,4,17.583714217685205,2024-08-31,70.33485687074082,-0.2002930057485083
983,C,6,20.97706852371848,2024-02-07,125.86241114231088,0.6409682368444193
364,D,4,6.660447775193013,2024-09-13,26.641791100772053,-0.8622577417166843
39,C,5,44.71721670285031,2024-12-05,223.58608351425156,2.121514951513155
527,A,4,43.15355311098846,2024-09-04,172.61421244395385,1.3492738514609612
888,C,3,16.317541397048124,2024-05-12,48.95262419114437,-0.52424106846119
497,D,2,41.11515051393135,2024-02-13,82.2303010278627,-0.020073000309897223
516,B,3,40.829534558677146,2024-07-11,122.48860367603145,0.5898539117388977
349,D,2,20.075574188077272,2024-02-26,40.15114837615455,-0.6575864062471356
982,C,4,36.36806173839924,2024-09-04,145.47224695359697,0.938063887068154
921,C,3,18.04360271135605,2024-04-13,54.13080813406816,-0.4457898289757662
397,D,2,8.162430614946498,2024-02-14,16.324861229892996,-1.018562721411487
722,C,4,27.71590252680404,2024-02-29,110.86361010721616,0.4137313242572535
161,A,1,24.72471683955767,2024-03-06,24.72471683955767,-0.8913020656796048
16,D,3,11.216881153372054,2024-08-10,33.65064346011616,-0.7560712560642617
493,B,3,27.0749001645538,2024-02-16,81.2247004936614,-0.03530818878617821
426,D,3,47.721908559061234,2024-08-25,143.1657256771837,0.9031193090020547
108,A,4,37.91269162351086,2024-01-26,151.65076649404344,1.031670549457063
894,A,0,38.24925394756073,2024-11-02,0.0,-1.2658898948045423
450,A,2,39.08978577870306,2024-04-03,78.17957155740612,-0.08144292290828604
311,A,2,38.50852132708455,2024-04-19,77.0170426541691,-0.0990556292937372
739,A,100,5.895564593027303,2024-09-17,11.791129186054606,-1.0872502964869057
170,B,5,46.61109210622693,2024-09-10,233.05546053113463,2.264979218583939
546,C,2,42.3561993997448,2024-10-21,84.71239879948959,0.01753162108912372
414,A,2,17.35607333448512,2024-11-19,34.71214666897024,-0.7399891231446387
251,A,2,29.87345771764836,2024-02-09,59.74691543529672,-0.3607039023804769
759,D,3,32.67526684789252,2024-10-18,98.02580054367758,0.21923416393259318
781,B,3,10.937526310231029,2024-09-10,32.812578930693086,-0.7687682173593224
141,B,5,16.428351958570737,2024-04-06,82.14175979285369,-0.02141442999037792
274,C,3,6.046269587786842,2024-01-26,18.13880876336053,-0.9910808022810313
416,B,2,43.87782740244194,2024-04-13,87.75565480488387,0.0636379796747239
608,D,6,6.12072813857902,2024-04-12,36.72436883147412,-0.7095032762708147
739,D,5,19.34131270373901,2024-03-15,96.70656351869508,0.19924727645897
891,C,4,8.52109218258004,2024-03-25,34.08436873032016,-0.7495001714101229
39,D,3,40.16326667769735,2024-08-01,120.48980003309204,0.5595713599784754
814,A,3,46.62422478820345,2024-04-22,139.87267436461036,0.8532284669601226
29,A,1,30.326702891800657,2024-11-07,30.326702891800657,-0.8064300807863122
958,D,2,11.280506778874477,2024-02-26,22.56101355774895,-0.9240829027853507
477,C,5,30.117238622874567,2024-04-10,150.58619311437283,1.0155419024103556
318,B,2,39.665355775370536,2024-09-06,79.33071155074107,-0.06400276236285396
245,C,5,37.32872923518352,2024-05-14,186.6436461759176,1.5618245212870547
748,B,5,38.37735526399498,2024-05-20,191.8867763199749,1.6412597177031232
697,D,2,17.562822914906494,2024-03-24,35.12564582981299,-0.7337244708936066
272,D,5,8.318188516290903,2024-07-25,41.59094258145451,-0.6357730366846138
440,A,5,11.70336373468026,2024-08-17,58.516818673401296,-0.3793402846954731
748,B,2,47.99779182855233,2024-12-21,95.99558365710466,0.18847569089813543
239,C,4,32.608129419319155,2024-10-28,130.43251767727662,0.7102068977727252
377,D,1,37.75548226387665,2024-03-01,37.75548226387665,-0.6938815587509898
266,C,3,45.45790663012727,2024-08-04,136.3737198903818,0.8002181223234837
921,B,4,14.828083237360357,2024-01-29,59.31233294944143,-0.36728797414188935
359,B,2,7.612702007393916,2024-04-20,15.225404014787832,-1.0352198703727675
577,D,4,30.530488708128885,2024-04-11,122.12195483251554,0.5842990576536102
689,B,5,15.4317222371639,2024-01-13,77.1586111858195,-0.09691081812006656
3,D,4,9.99674170654331,2024-06-05,39.98696682617324,-0.660073812302742
429,C,3,27.491762183378636,2024-03-21,82.4752865501359,-0.016361386722940453
142,D,2,41.50325387677037,2024-04-09,83.00650775354075,-0.008313205679661992
376,B,3,34.459413045814955,2024-03-23,103.37823913744488,0.3003254203613036
670,A,3,33.67940756646944,2024-08-05,101.03822269940832,0.2648733792589205
324,B,3,5.785650870132477,2024-08-24,17.35695261039743,-1.0029261876468951
146,B,3,19.28718015642911,2024-05-04,57.86154046928733,-0.38926797129122914
958,D,0,47.27731039351166,2024-07-19,0.0,-1.2658898948045423
293,C,6,11.042309278261556,2024-01-02,66.25385566956933,-0.26212155531382814
665,B,3,37.68646753342194,2024-03-02,113.05940260026584,0.44699832377509424
432,C,4,39.169001921362,2024-01-20,156.676007685448,1.1078046544877733
705,D,0,37.97749594365299,2024-07-28,0.0,-1.2658898948045423
949,C,1,49.51782023450794,2024-12-11,49.51782023450794,-0.5156781570924809
975,D,2,23.41436951083661,2024-06-28,46.82873902167323,-0.5564186476870914
585,A,1,35.698702649405874,2024-03-02,35.698702649405874,-0.7250424661042494
399,C,4,13.714480102271107,2024-09-29,54.85792040908443,-0.43477383189091096
817,C,2,22.98694621419896,2024-10-21,45.97389242839792,-0.5693698629300311
889,A,4,27.12022710949069,2024-08-28,108.48090843796275,0.3776325874535213
344,C,4,14.66723934950115,2024-09-07,58.6689573980046,-0.3770353315206885
964,A,2,45.806483406148686,2024-01-10,91.61296681229736,0.12207756223863166
140,B,5,37.22890237103131,2024-07-05,186.14451185515657,1.554262467376836
187,D,5,17.769099564162264,2024-04-19,88.84549782081132,0.08014947026417645
805,A,1,11.07303976839174,2024-01-28,11.07303976839174,-1.0981295942287332
61,C,5,17.95402977901285,2024-03-01,89.77014889506424,0.09415824702186568
997,A,2,33.034342200938795,2024-02-27,66.06868440187759,-0.2649269626975029
939,C,1,42.18838872396286,2024-10-26,42.18838872396286,-0.6267215253976084
380,B,5,27.64257156748222,2024-12-04,138.2128578374111,0.8280816847460379
710,A,6,9.612260307703131,2024-09-08,57.67356184621879,-0.3921159110591168
807,B,1,16.21916898849906,2024-09-12,16.21916898849906,-1.0201639946440992
440,D,5,20.531476372529852,2024-05-24,102.65738186264927,0.2894041886470303
319,C,3,33.6261314169962,2024-03-19,100.8783942509886,0.2624519241654425
302,C,0,16.098951891275384,2024-12-06,0.0,-1.2658898948045423
344,B,1,15.526777669425137,2024-10-20,15.526777669425137,-1.0306539574938212
11,D,5,17.879084087953743,2024-10-12,89.39542043976871,0.08848098408327006
62,A,2,31.6638070004097,2024-10-14,63.3276140008194,-0.30645510709138535
845,A,3,27.16836277739752,2024-08-01,81.50508833219256,-0.03106021812467486
226,C,3,42.87361789860984,2024-01-20,128.6208536958295,0.6827595752283326
153,B,4,36.40695414859908,2024-12-23,145.6278165943963,0.9404208197846307
711,B,3,35.006984238034875,2024-08-17,105.02095271410462,0.3252130870855808
564,A,4,11.959252790207612,2024-03-04,47.83701116083045,-0.5411429834914234
772,D,3,7.485250937548358,2024-02-05,22.455752812645077,-0.9256776387031126
571,D,7,27.949948905167226,2024-07-29,195.64964233617056,1.698268411531301
584,A,3,8.223874941719128,2024-06-19,24.671624825157384,-0.8921064276687483
660,A,3,21.380806216685137,2024-01-26,64.14241865005542,-0.29411054085433536
861,B,1,6.175055676271487,2024-09-19,6.175055676271487,-1.1723357111303587
575,D,3,12.956403948343304,2024-10-16,38.86921184502991,-0.6770081786130643
310,A,2,9.96655409101523,2024-06-12,19.93310818203046,-0.9638965587403991
885,A,5,41.04432517891436,2024-03-02,205.22162589457184,1.8432872024371092
243,C,6,20.575676865476915,2024-03-26,123.45406119286147,0.6044809199140976
493,A,4,8.548093322239847,2024-03-13,34.19237328895939,-0.7478638657885541
366,A,4,16.946609204285565,2024-02-29,67.78643681714226,-0.23890243216865814
330,D,2,35.726363873145914,2024-11-15,71.45272774629183,-0.18335688359868085
107,B,3,38.553587247756,2024-06-26,115.660761743268,0.4864097953189244
226,D,5,10.39393084322846,2024-02-21,51.9696542161423,-0.478532042355759
825,B,2,40.035489797027004,2024-05-24,80.07097959405401,-0.052787450935242106
218,C,3,21.675162119768512,2024-11-11,65.02548635930553,-0.2807317661518846
937,A,3,35.57222010207515,2024-03-17,106.71666030622544,0.35090363108190076
753,C,3,35.21785051836248,2024-04-28,105.65355155508745,0.33479717365322076
506,B,4,40.71167244849377,2024-07-27,162.8466897939751,1.2012925771302314
259,D,3,36.37322511390708,2024-06-30,109.11967534172123,0.38731012226002415
888,D,0,6.749076050262509,2024-05-17,0.0,-1.2658898948045423
774,C,3,28.376649990029676,2024-05-04,85.12994997008902,0.023857662659523875
517,B,2,12.478152806193734,2024-06-01,24.956305612387467,-0.887793417381347
54,C,1,16.512554232999403,2024-03-04,16.512554232999403,-1.0157191088827042
47,A,2,23.904830807115044,2024-08-23,47.80966161423009,-0.5415573383798964
727,C,2,13.851596829804684,2024-03-19,27.70319365960937,-0.8461771336788843
689,A,1,11.056511021808344,2024-02-28,11.056511021808344,-1.0983800103342445
521,A,4,32.04183202716696,2024-09-07,128.16732810866785,0.675888509070127
99,D,5,27.193084193368428,2024-11-09,135.96542096684215,0.7940322554278082
20,A,2,21.85968803463686,2024-03-01,43.71937606927372,-0.6035265488961907
890,A,4,8.84385599681864,2024-04-27,35.37542398727456,-0.7299402472612995
753,D,4,38.11817141008556,2024-03-19,152.47268564034223,1.044122902732782
573,C,3,5.26353340542885,2024-08-24,15.79060021628655,-1.0266569566082573
891,B,4,25.594771474819325,2024-11-22,102.3790858992773,0.285187910602262
490,B,2,33.46573913579004,2024-06-19,66.93147827158008,-0.2518553435266384
419,B,2,24.381987602420608,2024-08-31,48.763975204841216,-0.5270991644589916
690,C,3,10.679404276003735,2024-07-26,32.03821282801121,-0.7805001259281379
850,A,3,40.02124487832658,2024-12-09,120.06373463497974,0.5531163249792962
62,B,2,19.577477853662977,2024-03-27,39.15495570732595,-0.6726790623785762
145,C,2,11.063999803186988,2024-05-18,22.127999606373976,-0.9306432107184572
216,A,6,29.76196166358817,2024-03-28,178.57176998152903,1.4395328647135117
3,D,2,5.8627200903806855,2024-05-12,11.725440180761373,-1.0882455071520003
160,B,4,19.5828660835225,2024-02-08,78.33146433409,-0.07914169592773102
739,A,2,38.778906631703045,2024-06-24,77.55781326340609,-0.09086277151974796
998,B,4,46.07200982138785,2024-03-20,184.2880392855514,1.5261362795547053
781,B,3,31.62773567482196,2024-01-20,94.88320702446588,0.17162280838816024
120,B,0,14.792521342877684,2024-08-08,0.0,-1.2658898948045423
893,A,4,14.900006782136591,2024-12-02,59.600027128546365,-0.36292930994758893
89,C,2,32.17422488955788,2024-10-01,64.34844977911575,-0.29098909951012575
329,A,2,23.30427680774284,2024-07-06,46.60855361548568,-0.559754531120823
580,B,3,12.97689344491566,2024-06-02,38.93068033474698,-0.6760769101875401
357,D,5,14.010936642555375,2024-09-07,70.05468321277688,-0.20453773150192095
610,C,5,19.47383755917793,2024-07-30,97.36918779588969,0.20928625854845104
267,A,0,7.764324745014691,2024-05-28,0.0,-1.2658898948045423
617,D,4,36.56174508961979,2024-06-23,146.24698035847916,0.9498013603896316
952,C,4,17.387506742096626,2024-06-20,69.5500269683865,-0.2121834444242258
323,D,3,15.479013305675352,2024-05-13,46.437039917026055,-0.5623530217077158
635,C,4,18.651122871001405,2024-04-25,74.60449148400562,-0.1356065961399376
988,A,2,44.335873983771855,2024-12-22,88.67174796754371,0.07751710117503244
541,D,2,28.31083567127738,2024-07-21,56.62167134255476,-0.4080524082413306
649,B,1,12.104812844023847,2024-10-21,12.104812844023847,-1.0824978828906993
195,D,5,39.85163992781054,2024-05-25,199.2581996390527,1.7529392761212204
921,C,2,14.38039605332684,2024-08-25,28.76079210665368,-0.830154159222392
738,A,0,23.561426668530807,2024-08-15,0.0,-1.2658898948045423
332,C,3,30.56341186615378,2024-09-11,91.69023559846131,0.12324821050352774
170,D,3,31.29993116283695,2024-10-18,93.89979348851084,0.15672376044532985
521,D,4,8.106445242827212,2024-06-04,32.425780971308846,-0.7746283373702374
463,B,2,42.65620212663692,2024-12-04,85.31240425327384,0.02662190680825374
40,A,4,26.574384197203795,2024-12-15,106.29753678881518,0.3445537679250969
537,A,4,49.51673148730517,2024-08-30,198.0669259492207,1.7348910764891063
261,D,0,37.28490835764165,2024-07-25,0.0,-1.2658898948045423
395,A,1,49.66560069277632,2024-09-10,49.66560069277632,-0.5134392331278886
955,B,4,25.40638616292993,2024-09-14,101.62554465171972,0.27377150563753117
226,C,1,11.33516332583051,2024-03-13,11.33516332583051,-1.094158333608009
984,A,3,37.72892196633411,2024-02-04,113.18676589900234,0.4489279208618267
124,D,2,39.99921271174024,2024-05-08,79.99842542348047,-0.053886671178105305
975,C,3,43.37758705471231,2024-07-06,130.13276116413692,0.7056654851348497
38,C,0,18.56520615228398,2024-11-14,0.0,-1.2658898948045423
328,B,0,27.980779285189715,2024-04-04,0.0,-1.2658898948045423
251,D,4,43.58775080121791,2024-08-07,174.35100320487163,1.3755868193706913
901,A,1,43.91313064753546,2024-10-27,43.91313064753546,-0.6005911014520379
176,D,2,6.155772937526341,2024-05-04,12.311545875052682,-1.079365807494082
602,C,1,35.19125528240712,2024-07-03,35.19125528240712,-0.7327304654788311
914,D,5,32.07593073068519,2024-02-06,160.37965365342592,1.1639161445402106
454,A,1,8.750199981254262,2024-09-19,8.750199981254262,-1.133321403255915
37,A,3,46.85612357803818,2024-04-19,140.56837073411452,0.8637685024425805
316,B,2,25.041753222915677,2024-06-26,50.08350644583135,-0.5071078195132644
688,A,3,35.34159695573324,2024-05-21,106.02479086719973,0.34042157489155916
973,A,1,44.72590079764021,2024-05-13,44.72590079764021,-0.5882773585654789
796,D,5,10.855448188874826,2024-05-28,54.27724094437413,-0.44357132233396646
965,D,1,43.51294145771303,2024-10-14,43.51294145771303,-0.6066541031368544
973,C,3,37.59375333790206,2024-09-14,112.78126001370616,0.4427843694409483
593,B,4,42.78165448807217,2024-02-08,171.12661795228868,1.326736291380211
114,D,4,27.267606732824174,2024-10-31,109.0704269312967,0.38656399217212495
40,A,1,6.506818409198505,2024-10-09,6.506818409198505,-1.1673093934290024
301,C,4,35.17321296697844,2024-11-07,140.69285186791376,0.8656544337549369
224,D,1,21.85395927890786,2024-01-14,21.85395927890786,-0.9347950144387726
318,B,2,23.10871254632977,2024-12-24,46.21742509265954,-0.5656802606337241
349,B,3,24.85679906778713,2024-12-26,74.57039720336138,-0.13612313603218298
115,C,5,27.1809336101818,2024-10-07,135.90466805090898,0.7931118281873228
698,C,3,34.78704046546716,2024-02-22,104.36112139640149,0.3152164192777772
323,C,5,37.70490543133435,2024-01-11,188.52452715667172,1.590320504800032
568,C,1,39.95790288627314,2024-06-11,39.95790288627314,-0.6605141408300065
40,C,2,35.22227859956622,2024-07-01,70.44455719913245,-0.19863100864119393
866,A,2,41.15657389643346,2024-07-04,82.31314779286691,-0.018817843777495465
40,A,4,10.496714355077051,2024-02-06,41.986857420308205,-0.6297747928637877
859,D,1,42.65679497890278,2024-01-09,42.65679497890278,-0.6196250120856434
973,B,2,22.427558922175702,2024-01-28,44.85511784435141,-0.5863196765694594
749,A,1,28.794950409379112,2024-11-06,28.794950409379112,-0.829636649373946
289,A,2,24.520073022269862,2024-06-22,49.04014604453973,-0.5229150827572039
262,A,4,26.407274198369244,2024-05-06,105.62909679347698,0.334426675737193
216,D,1,17.844245830601302,2024-03-10,17.844245830601302,-0.9955435304181812
147,C,8,12.647790985985273,2024-10-09,101.18232788788218,0.2670566216420931
336,D,6,9.720262986947237,2024-09-22,58.32157792168342,-0.3822982481705375
168,B,4,25.31294775806304,2024-05-30,101.25179103225214,0.2681090117916986
92,B,4,10.63674484483724,2024-05-28,42.54697937934896,-0.6212887555900828
353,B,2,16.024481264657318,2024-08-05,32.04896252931464,-0.7803372643147523
571,B,3,11.01271485317743,2024-05-05,33.03814455953229,-0.7653508217312806
571,A,5,9.910455420888043,2024-01-03,49.552277104440215,-0.5151561238497898
816,A,3,44.71075165314881,2024-07-05,134.13225495944644,0.7662591699121291
681,D,3,35.3311678853908,2024-02-12,105.9935036561724,0.3399475630541677
781,C,1,46.5691600341013,2024-04-08,46.5691600341013,-0.5603513572130282
363,B,3,33.98054712048099,2024-09-19,101.94164136144298,0.2785604777845985
557,D,3,42.97779608152312,2024-07-08,128.93338824456936,0.6874945794307546
345,A,3,29.988436517133792,2024-02-11,89.96530955140138,0.09711499702480055
693,A,3,25.81835228038512,2024-04-06,77.45505684115537,-0.09241956609860275
170,C,2,28.781483045152864,2024-09-16,57.56296609030573,-0.39379147419647187
356,C,3,19.410147251454877,2024-08-05,58.23044175436462,-0.3836789919538635
191,C,3,34.608757594720615,2024-05-15,103.82627278416184,0.30711328176281927
667,D,5,45.3728705751806,2024-12-05,226.864352875903,2.171181841995116
422,A,1,40.20590509195056,2024-05-24,40.20590509195056,-0.6567568234683666
700,A,3,25.79000048317784,2024-01-05,77.37000144953353,-0.0937081840718537
7,C,5,47.926358862214144,2024-05-15,239.63179431107076,2.364612901356232
133,B,2,49.34403923531494,2024-01-07,98.68807847062988,0.229267898698668
747,C,2,27.189527437859013,2024-02-06,54.379054875718026,-0.44202880681137136
557,D,2,43.90879285907516,2024-11-06,87.81758571815031,0.06457625397354554
826,C,3,5.214661528015619,2024-03-07,15.64398458404686,-1.0288782330642359
761,C,1,7.999501628600306,2024-11-20,7.999501628600306,-1.1446947374005718
31,D,2,6.007523401795007,2024-01-05,12.015046803590014,-1.0838578687879474
535,C,1,39.79233488064296,2024-09-29,39.79233488064296,-0.663022552157991
426,A,2,8.590060014945571,2024-02-27,17.180120029891143,-1.0056052610971695
394,B,2,5.767274572888034,2024-06-03,11.534549145776069,-1.0911375709462416
672,C,2,11.63384480098668,2024-12-25,23.26768960197336,-0.9133765215143992
363,D,3,18.783265608434466,2024-04-22,56.349796825303386,-0.41217139920379314
437,B,2,25.911530685385564,2024-04-01,51.82306137077113,-0.4807529735829665
670,D,1,7.94314781222527,2024-11-19,7.94314781222527,-1.1455485167937114
551,B,4,27.45420050979156,2024-08-31,109.81680203916623,0.39787182769493384
927,B,3,16.162765747007015,2024-10-10,48.48829724102104,-0.5312757789243904
82,C,3,17.346717279393,2024-03-29,52.040151838179,-0.4774639795193448
356,A,1,41.98560132415383,2024-06-26,41.98560132415383,-0.6297938231456992
718,D,5,25.873881316772792,2024-12-27,129.36940658386396,0.6941004048577911
589,D,1,19.479681281952335,2024-03-07,19.479681281952335,-0.9707661297558847
989,B,5,46.9151679271806,2024-05-01,234.57583963590295,2.288013476650381
524,B,3,27.52018009098424,2024-06-07,82.56054027295272,-0.015069763964952921
962,C,2,23.61830139319477,2024-09-24,47.23660278638954,-0.5502393735948854
224,D,2,14.114685994617176,2024-07-01,28.22937198923435,-0.8382053538803199
525,B,2,34.46983006554316,2024-12-22,68.93966013108631,-0.22143070861082034
46,A,3,34.91791922915239,2024-01-04,104.75375768745717,0.3211649919897163
667,D,3,25.708273253552782,2024-04-30,77.12481976065834,-0.09742276964923043
113,B,2,17.147733578637634,2024-08-17,34.29546715727527,-0.7463019587875909
233,D,2,42.431607142823694,2024-10-24,84.86321428564739,0.019816526753559296
17,A,1,17.38931559735098,2024-08-06,17.38931559735098,-1.0024358774400848
360,A,4,34.65607938200564,2024-06-30,138.62431752802257,0.8343154383327314
223,D,8,22.279353075171358,2024-10-04,178.23482460137083,1.4344280281523423
866,C,5,26.26163050719782,2024-09-13,131.3081525359891,0.7234730622736044
700,D,3,14.513119767521244,2024-10-30,43.53935930256373,-0.6062538638452581
448,B,4,34.22659754657144,2024-02-12,136.90639018628576,0.8082882576086233
856,C,3,15.162162512863318,2024-12-23,45.48648753858996,-0.5767542119910458
365,B,3,26.85713209734261,2024-01-18,80.57139629202784,-0.045205968576181
675,D,5,19.7806726915883,2024-07-16,98.90336345794152,0.2325295391276996
326,C,4,48.36225797530797,2024-06-25,193.44903190123188,1.664928418563029
467,B,3,49.19994931520964,2024-03-16,147.5998479456289,0.9702977622636108
414,D,1,38.90710883021196,2024-06-29,38.90710883021196,-0.6764340264599035
455,D,3,49.27628726846476,2024-05-29,147.82886180539427,0.9737673997573667
586,C,6,10.109778926348213,2024-03-22,60.65867355808928,-0.346890458201514
233,D,2,49.65460943060522,2024-01-10,99.30921886121044,0.23867838586417245
224,A,1,9.660016236687987,2024-10-06,9.660016236687987,-1.119537379024736
994,B,3,23.695329815558942,2024-07-30,71.08598944667682,-0.18891309297414946
831,B,4,15.752640656950415,2024-05-19,63.01056262780166,-0.3112585427105057
412,D,2,47.9230683532336,2024-09-16,95.8461367064672,0.1862115190100651
572,D,1,33.61054706596137,2024-08-15,33.61054706596137,-0.7566787300078318
335,A,3,31.87073902205488,2024-12-01,95.61221706616465,0.18266755728062556
222,C,2,49.8847327199297,2024-01-05,99.7694654398594,0.24565127731838168
37,D,7,32.55917467508392,2024-03-23,227.91422272558748,2.187087725585574
989,D,3,34.077194642121526,2024-01-06,102.23158392636458,0.2829532057850718
278,D,3,7.014843468354156,2024-05-31,21.044530405062467,-0.9470581358590223
864,D,5,48.2140017735659,2024-09-19,241.07000886782947,2.386402338708663
484,B,5,14.949752429213095,2024-09-22,74.74876214606547,-0.13342084677592653
242,D,7,15.16619047865716,2024-06-15,106.16333335060013,0.34252054040996316
324,C,1,21.47212063459302,2024-03-18,21.47212063459302,-0.9405799991477204
731,A,4,18.95945319129051,2024-02-11,75.83781276516204,-0.1169213612666781
192,C,0,18.752659132887302,2024-03-02,0.0,-1.2658898948045423
17,D,4,32.23475227107911,2024-10-04,128.93900908431644,0.6875797370555065
918,D,2,47.154567230357,2024-12-17,94.309134460714,0.16292541473097785
401,C,2,8.053721535979957,2024-01-31,16.107443071959914,-1.0218566800974846
906,D,3,17.50903143728518,2024-01-04,52.52709431185554,-0.47008663621924307
886,C,2,16.475619804932972,2024-04-18,32.951239609865944,-0.766667461134958
705,B,7,21.084784860822676,2024-04-02,147.5934940257587,0.9702014982268552
22,A,2,24.09504184015569,2024-04-08,48.19008368031139,-0.5357938153106806
474,A,4,22.512716226635977,2024-07-10,90.05086490654391,0.09841118961462142
120,C,3,47.846624422154,2024-11-28,143.539873266462,0.9087877716238735
210,B,2,24.67080752379736,2024-07-30,49.34161504759472,-0.5183477253174554
306,C,3,29.82166569881861,2024-03-23,89.46499709645582,0.08953509398290277
270,B,2,38.6884976218658,2024-07-25,77.3769952437316,-0.09360222572244163
704,D,1,37.62881586439347,2024-04-24,37.62881586439347,-0.6958005975781429
687,B,3,31.233405501255596,2024-09-08,93.70021650376678,0.15370010157215855
285,B,3,43.73744105746355,2024-03-01,131.21232317239063,0.7220212149780533
716,B,0,33.088158902337256,2024-12-21,0.0,-1.2658898948045423
676,A,2,44.364148132486974,2024-09-09,88.72829626497395,0.07837382702198793
763,B,3,18.62445877621267,2024-03-19,55.87337632863801,-0.4193893309906188
227,D,1,10.941065461100102,2024-07-14,10.941065461100102,-1.1001290496558445
948,D,2,41.87842054471712,2024-09-18,83.75684108943423,0.003054598337520109
381,D,5,22.21330585887092,2024-11-17,111.0665292943546,0.41680561862799315
460,B,4,34.29880572385581,2024-11-27,137.19522289542323,0.8126641709182947
7,C,2,38.179003841131696,2024-10-22,76.35800768226339,-0.10904023219315673
29,C,3,19.7019713942262,2024-08-23,59.1059141826786,-0.37041528832850223
907,D,2,27.73235248565176,2024-06-17,55.46470497130352,-0.4255808403843501
33,A,2,45.27169318127768,2024-01-07,90.54338636255537,0.10587305638551248
879,B,2,38.7210684880744,2024-03-12,77.4421369761488,-0.092615306426664
79,C,3,39.32327893745761,2024-04-15,117.96983681237282,0.5213930642087276
928,D,2,45.39580020865994,2024-05-18,90.79160041731988,0.10963358333253018
947,A,3,38.13495742804623,2024-01-30,114.40487228413868,0.46738264491033105
459,C,4,20.28134116865729,2024-11-19,81.12536467462917,-0.03681316006844175
570,C,1,10.43522058380084,2024-03-29,10.43522058380084,-1.1077927707690562
983,D,2,23.984784498863178,2024-06-01,47.96956899772636,-0.53913468739329
538,A,6,8.930453713415435,2024-03-13,53.58272228049261,-0.4540935151776028
482,A,1,10.209684964585476,2024-11-23,10.209684964585476,-1.111209711741139
430,D,1,47.75774417764563,2024-08-25,47.75774417764563,-0.5423439051175503
738,B,3,35.41491322711204,2024-11-17,106.24473968133611,0.3437538738756323
285,C,3,43.32239152116346,2024-12-06,129.96717456349035,0.7031567920860726
516,B,1,33.93046369730708,2024-09-07,33.93046369730708,-0.7518318847551887
977,C,2,23.8343012780032,2024-10-31,47.6686025560064,-0.5436944308587022
99,C,2,6.132145210771224,2024-01-08,12.264290421542448,-1.0800817436101384
397,B,3,48.012666663876686,2024-07-25,144.03799999163004,0.9163345601198
489,D,4,8.191961242366155,2024-09-14,32.76784496946462,-0.7694459520138169
39,D,2,32.45733797089247,2024-10-10,64.91467594178494,-0.2824105814852541
271,C,4,9.599144527873191,2024-05-18,38.39657811149277,-0.6841687396567255
887,D,4,17.78664553653058,2024-02-15,71.14658214612231,-0.18799509306768367
797,C,4,13.361785578445764,2024-05-05,53.447142313783054,-0.4561475975653659
157,D,5,29.917261182149456,2024-01-21,149.58630591074728,1.0003932728261877
75,C,4,44.918390530494506,2024-06-18,179.67356212197802,1.4562253885840941
884,D,5,33.603003850897224,2024-02-01,168.0150192544861,1.2795945178714834
800,A,2,34.888460877781725,2024-05-29,69.77692175556345,-0.20874591159746372
130,B,2,45.90191732959862,2024-07-24,91.80383465919724,0.12496927472553006
687,A,5,38.72413525869974,2024-11-28,193.6206762934987,1.6675288892053388
974,B,1,43.96801263728148,2024-01-21,43.96801263728148,-0.5997596207305225
84,B,1,23.73764413369394,2024-10-16,23.73764413369394,-0.9062565512851349
22,C,1,43.9410351997454,2024-05-17,43.9410351997454,-0.6001683380407173
459,B,3,34.063762485463,2024-03-05,102.191287456389,0.2823427006250937
539,A,2,11.102350223360215,2024-03-05,22.20470044672043,-0.9294811670249388
707,A,6,6.7420628765179735,2024-03-28,40.45237725910784,-0.6530226867082055
849,D,1,15.981548615860298,2024-11-18,15.981548615860298,-1.0237640237210837
382,A,1,22.025734197201103,2024-02-12,22.025734197201103,-0.9321925662829809
748,D,2,42.69055397363856,2024-05-20,85.38110794727712,0.027662791027739563
440,B,3,38.35600506613835,2024-01-04,115.06801519841504,0.4774294845271528
604,A,3,47.991907751311295,2024-10-05,143.9757232539339,0.9153910464638109
989,B,3,30.16286594359277,2024-11-21,90.4885978307783,0.10504299158386114
21,A,0,38.64837432235976,2024-02-10,0.0,-1.2658898948045423
303,A,3,17.387752335918115,2024-03-30,52.163257007754346,-0.47559889453072696
976,D,3,35.58100518028882,2024-09-12,106.74301554086644,0.35130292180762734
869,B,1,36.77680411413287,2024-11-03,36.77680411413287,-0.708708863989851
955,A,1,43.178689778880255,2024-05-24,43.178689778880255,-0.6117181292111598
84,C,2,29.13815798937877,2024-11-02,58.27631597875754,-0.38298398192646294
774,B,4,34.205231641782966,2024-11-06,136.82092656713186,0.8069934548500817
659,B,4,14.137196454720447,2024-07-02,56.54878581888179,-0.4091566485958091
953,B,5,38.15415905569032,2024-04-28,190.7707952784516,1.6243522271785005
453,D,4,42.72852751880608,2024-04-22,170.91411007522433,1.3235167251114428
387,C,3,31.718198578388737,2024-10-17,95.1545957351662,0.1757344392169349
507,B,0,10.205350806838918,2024-09-05,0.0,-1.2658898948045423
257,A,3,19.078581034037438,2024-11-19,57.2357431021123,-0.3987490132284677
570,A,4,26.398159295508048,2024-04-01,105.5926371820322,0.33387430028268483
892,D,3,35.47230761312754,2024-02-28,106.41692283938262,0.34636250700187
934,A,3,19.414719853935143,2024-09-25,58.24415956180544,-0.38347116252782987
527,B,1,42.81309731026014,2024-11-13,42.81309731026014,-0.6172569788592064
162,A,3,21.73054061144316,2024-04-03,65.19162183432948,-0.27821475747050334
957,B,0,6.927635657613235,2024-09-10,0.0,-1.2658898948045423
163,A,4,40.729748750142576,2024-06-23,162.9189950005703,1.2023880254845518
832,C,0,33.99004262799686,2024-01-03,0.0,-1.2658898948045423
793,D,4,41.0880422628814,2024-01-21,164.35216905152558,1.2241010974679127
792,D,4,20.700041597010205,2024-04-13,82.80016638804082,-0.011439347210942495
524,C,2,5.793358646869063,2024-11-16,11.586717293738126,-1.0903472058463546
786,C,3,8.318881564602258,2024-09-25,24.956644693806773,-0.8877882801830697
271,D,3,10.031035131537225,2024-11-28,30.09310539461168,-0.8099691619385395
208,B,5,18.56456394620708,2024-12-30,92.8228197310354,0.1404072434775072
539,A,3,49.905432924010825,2024-04-05,149.71629877203247,1.0023627086756068
584,D,2,39.12747784235984,2024-04-02,78.25495568471968,-0.08030082786290685
60,C,3,32.05197288906043,2024-02-14,96.15591866718128,0.1909048205721803
430,B,3,49.26287353983911,2024-03-02,147.78862061951733,0.973157732170196
985,D,1,19.233913474243305,2024-01-30,19.233913474243305,-0.9744895952319879
657,C,4,12.452700610452702,2024-09-26,49.81080244181081,-0.5112393774810506
309,C,1,17.513752045533874,2024-01-06,17.513752045533874,-1.0005506231299415
520,D,5,48.24666176300408,2024-01-19,241.2333088150204,2.3888763881835833
27,B,4,46.68819777614092,2024-07-10,186.75279110456367,1.563478103900228
562,D,5,32.704466783736194,2024-09-06,163.52233391868097,1.2115288143165628
199,A,3,36.14533923058835,2024-08-31,108.43601769176504,0.3769524774536731
387,D,3,9.241077099771248,2024-12-03,27.723231299313746,-0.845873556654874
349,C,2,39.337257187791,2024-07-13,78.67451437558199,-0.07394437168100351
960,C,4,14.09285133846025,2024-09-21,56.371405353841,-0.4118440226822332
940,A,2,42.81467268669723,2024-05-13,85.62934537339446,0.03142367205866346
693,D,2,48.26893192749506,2024-12-14,96.53786385499012,0.1966914194511258
536,A,2,14.556993312446298,2024-06-25,29.1139866248926,-0.8248031427191708
828,B,3,8.51140029225296,2024-12-20,25.53420087675888,-0.8790381085158424
378,A,5,26.77505626705504,2024-04-08,133.87528133527522,0.7623659325235957
899,A,5,40.61972173767391,2024-01-30,203.09860868836952,1.811122773148525
916,C,4,39.67880764745853,2024-10-17,158.71523058983414,1.1386995717405248
558,A,6,36.35683275454629,2024-03-03,218.1409965272777,2.0390200405670496
527,D,4,41.93131956056335,2024-01-28,167.7252782422534,1.27520484346247
153,C,1,12.87447586678187,2024-05-25,12.87447586678187,-1.0708372275746638
734,A,6,34.337199104867565,2024-10-14,206.0231946292054,1.855431240087741
206,B,3,32.25556921539424,2024-03-09,96.76670764618272,0.20015848034843844
455,A,1,11.904427569186192,2024-09-08,11.904427569186192,-1.0855337876323845
273,A,3,23.64921817873465,2024-06-10,70.94765453620394,-0.19100891369244064
894,A,2,43.36383736892964,2024-04-19,86.72767473785927,0.04806373370097945
236,C,2,48.7310811821672,2024-12-18,97.4621623643344,0.21069485473111038
852,D,4,34.94435799098083,2024-05-11,139.77743196392333,0.8517855123513595
740,B,3,46.487346889380994,2024-09-27,139.46204066814298,0.8470072274643007
521,A,2,10.94221537625378,2024-07-06,21.88443075250756,-0.9343333612995267
678,D,2,48.87772365393263,2024-01-20,97.75544730786524,0.2151382208988667
944,D,2,6.507792463132106,2024-10-02,13.015584926264212,-1.0686993775598645
956,C,1,28.72666730619957,2024-06-25,28.72666730619957,-0.8306711615000875
831,B,3,18.095374826186863,2024-04-08,54.28612447856059,-0.443436733784077
726,C,3,41.62590980531642,2024-09-03,124.87772941594926,0.6260499753876627
501,D,2,14.789463444387982,2024-11-19,29.578926888775964,-0.8177591403449069
117,D,0,5.518851652991246,2024-01-18,0.0,-1.2658898948045423
386,D,2,23.657425665628693,2024-10-15,47.31485133125739,-0.5490538816539894
344,C,3,7.884859894990017,2024-05-04,23.65457968497005,-0.907515005799573
584,B,4,18.05416561344871,2024-11-15,72.21666245379484,-0.17178301419772124
395,A,4,33.96864612500142,2024-06-01,135.87458450000568,0.7926560522082343
64,C,1,18.261642947745468,2024-03-09,18.261642947745468,-0.9892198228097732
717,D,1,16.06069522945547,2024-05-25,16.06069522945547,-1.0225649257349838
721,C,2,11.99730483816528,2024-02-14,23.99460967633056,-0.9023634363345864
72,D,8,11.082752333803327,2024-01-20,88.66201867042662,0.07736969903046384
789,A,2,28.663581793163864,2024-10-17,57.32716358632773,-0.39736396194792
990,B,0,25.372994258103603,2024-12-12,0.0,-1.2658898948045423
320,D,4,10.562139457153272,2024-07-21,42.24855782861309,-0.6258099430956724
338,B,3,34.14903347846868,2024-01-09,102.44710043540604,0.2862183538466774
366,B,4,30.07048542447372,2024-06-28,120.28194169789488,0.5564222358428066
495,A,6,22.15739548694512,2024-06-04,132.9443729216707,0.748262354956699
607,C,5,19.85210947067061,2024-01-19,99.26054735335306,0.23794099604544
166,C,1,13.24188010175639,2024-04-12,13.24188010175639,-1.0652709290530877
544,B,5,11.58347564741556,2024-09-02,57.917378237077806,-0.38842201020882133
11,A,4,20.24472625109147,2024-03-25,80.97890500436588,-0.039032073647686565
301,D,4,6.873400584655487,2024-11-14,27.493602338621947,-0.8493525131358693
729,C,0,24.648233576058832,2024-12-16,0.0,-1.2658898948045423
801,B,2,32.07082681782212,2024-08-21,64.14165363564423,-0.29412213108161256
102,C,5,47.37444238818008,2024-05-14,236.8722119409004,2.3228042943642317
425,C,6,33.16226644749817,2024-02-06,198.973598684989,1.7486274753333126
392,D,1,33.08342210851549,2024-12-10,33.08342210851549,-0.7646648515383042
779,A,6,21.848666252162253,2024-04-01,131.0919975129735,0.7201982405091618
214,D,3,10.99927203264729,2024-10-18,32.99781609794187,-0.7659618115750523
691,A,2,25.1121943965129,2024-01-17,50.2243887930258,-0.504973404266366
88,C,6,31.94043435803813,2024-03-30,191.6426061482288,1.6375604569526379
553,B,1,37.58151184951118,2024-12-13,37.58151184951118,-0.6965172694154236
401,D,4,42.17390482529439,2024-06-13,168.69561930117754,1.2899058389534133
588,A,2,16.516764143065465,2024-09-09,33.03352828613093,-0.7654207598358616
889,C,5,15.854903385254936,2024-10-31,79.27451692627469,-0.06485412994469321
46,A,1,30.438493839703312,2024-03-21,30.438493839703312,-0.8047364100857572
672,A,1,30.47068324104932,2024-07-02,30.47068324104932,-0.8042487297596579
463,A,3,14.807650851624844,2024-10-16,44.42295255487453,-0.5928671269875484
592,C,1,31.43638896580729,2024-09-05,31.43638896580729,-0.7896179611503343
310,B,4,20.56454824884777,2024-08-02,82.25819299539108,-0.019650427560761956
86,B,3,33.76917134953848,2024-06-06,101.30751404861545,0.2689532343511427
92,B,2,18.097012115249072,2024-06-27,36.194024230498144,-0.7175381764905769
660,A,2,31.65313064322094,2024-01-20,63.30626128644188,-0.30677860794183004
673,C,5,39.573951855661534,2024-05-26,197.86975927830767,1.7319039346863363
714,A,3,49.1071449065872,2024-03-08,147.3214347197616,0.9660797076523464
936,B,4,45.99806254122908,2024-03-17,183.9922501649163,1.521654974256187
928,B,2,27.659243629735357,2024-04-11,55.31848725947071,-0.4277960882114734
242,C,6,26.975708749292814,2024-05-19,161.8542524957569,1.1862568161346843
865,A,2,24.696500267108693,2024-03-13,49.393000534217386,-0.5175692178017812
2,D,2,6.248776909488729,2024-07-25,12.497553818977458,-1.0765477241822725
225,D,2,12.467952386881777,2024-07-31,24.93590477376355,-0.8881024969919266
801,B,4,7.66350897368251,2024-03-19,30.65403589473004,-0.801470874993828
745,C,2,36.33597881488944,2024-04-22,72.67195762977887,-0.1648851381698732
973,A,2,23.59555925981745,2024-09-09,47.1911185196349,-0.5509284756320704
926,A,2,7.869644512943431,2024-05-12,15.739289025886862,-1.027434338511005
929,B,5,36.07587849442415,2024-07-15,180.3793924721208,1.466918957303452
589,B,6,33.99961382725748,2024-01-25,203.9976829635449,1.8247440527427645
116,A,3,37.39832738107237,2024-04-10,112.19498214321712,0.4339020612553549
666,A,3,31.99253529927061,2024-09-01,95.97760589781184,0.18820332175960386
918,B,0,12.269280197627785,2024-01-31,0.0,-1.2658898948045423
103,A,1,7.762653398397596,2024-10-16,7.762653398397596,-1.1482830682582896
194,D,1,41.77134366021668,2024-09-12,41.77134366021668,-0.6330398992778712
166,B,4,14.71140495346397,2024-07-24,58.84561981385588,-0.37435883612253607
871,A,4,29.413815821338236,2024-03-08,117.65526328535292,0.5166271687951941
90,B,2,26.83476566294842,2024-08-02,53.66953132589684,-0.45277832875595886
686,C,4,46.447364319643135,2024-05-01,185.7894572785725,1.5488832703600794
122,B,6,29.859789238443422,2024-02-15,179.15873543066056,1.4484255899482754
143,B,4,31.10075984242178,2024-03-09,124.40303936968712,0.6188582605101818
994,C,2,19.37772651721157,2024-01-27,38.75545303442315,-0.6787316630996831
106,D,1,48.14126157958975,2024-06-19,48.14126157958975,-0.5365334866622804
887,A,3,32.55682170826556,2024-09-01,97.67046512479668,0.21385071205997802
428,C,2,5.224117261606613,2024-10-27,10.448234523213229,-1.1075956051819038
305,B,6,30.02370186807335,2024-09-30,180.1422112084401,1.4633255808758152
872,A,0,21.37394247373405,2024-10-14,0.0,-1.2658898948045423
971,C,0,6.445049193447449,2024-09-05,0.0,-1.2658898948045423
317,A,2,24.4197403478188,2024-01-02,48.8394806956376,-0.5259552307157677
963,A,4,39.81049197703834,2024-01-20,159.24196790815336,1.1466798204070174
635,C,5,27.67052560803631,2024-10-20,138.35262804018154,0.8301992506284658
902,A,2,33.77565887629976,2024-09-13,67.55131775259952,-0.2424645655813265
9,D,6,33.788365957414264,2024-09-05,202.7301957444856,1.8055411923455364
774,C,1,35.19586861175421,2024-06-01,35.19586861175421,-0.7326605719776688
73,D,4,22.44182875558589,2024-05-16,89.76731502234358,0.09411531289091744
223,A,3,5.206303910537386,2024-07-29,15.618911731612158,-1.0292580952654666
416,B,3,11.940010723801448,2024-07-07,35.82003217140434,-0.7232042827774556
553,B,5,47.78645957516982,2024-08-19,238.93229787584912,2.3540152935918797
370,A,5,42.90875221046944,2024-05-15,214.5437610523472,1.984520705502894
716,C,2,17.379879682545635,2024-01-16,34.75975936509127,-0.7392677746821065
264,A,4,23.053637701660247,2024-04-23,92.214550806641,0.1311917633815526
840,B,3,47.29645955230848,2024-09-20,141.88937865692546,0.8837822196177312
690,B,2,16.270001579910975,2024-10-05,32.54000315982195,-0.7728978325514899
860,C,3,28.963983618001844,2024-03-13,86.89195085400553,0.0505525724659941
318,A,4,5.993590282493205,2024-08-11,23.97436112997282,-0.9026702086657843
84,B,4,32.8880676358763,2024-02-03,131.5522705435052,0.7271715327183479
318,D,1,46.85331191784777,2024-09-01,46.85331191784777,-0.5560463599924309
251,B,2,27.588614928239,2024-01-18,55.17722985647799,-0.4299361856806671
383,C,2,34.23388875247247,2024-12-30,68.46777750494493,-0.22857989012319538
7,D,3,30.640918730597846,2024-02-13,91.92275619179354,0.12677097619780692
459,B,2,8.013840986937899,2024-05-22,16.027681973875797,-1.0230650877315874
84,B,4,12.142556909453564,2024-01-15,48.570227637814256,-0.5300345056805644
208,D,3,48.37177916463919,2024-04-02,145.11533749391756,0.9326565879446486
900,A,3,16.518591359225297,2024-10-05,49.55577407767589,-0.5151031435215879
390,A,4,22.300214724337973,2024-08-02,89.20085889735189,0.08553331085902048
314,B,1,27.902493857952823,2024-09-05,27.902493857952823,-0.8431576682133708
22,B,3,49.06094582270037,2024-03-11,147.1828374681011,0.9639799123762633
410,A,0,36.04970778033994,2024-04-18,0.0,-1.2658898948045423
895,C,1,33.33193239786644,2024-10-14,33.33193239786644,-0.7608998365370304
515,D,1,28.59799875983867,2024-06-08,28.59799875983867,-0.8326205335301395
127,D,3,36.53034865675507,2024-10-15,109.5910459702652,0.39445154683549366
809,C,2,34.8807150737756,2024-06-19,69.7614301475512,-0.20898061470256382
700,C,4,45.6278401517442,2024-01-13,182.5113606069768,1.4992189961909164
874,C,5,29.382588741408014,2024-08-07,146.91294370704009,0.9598909305405459
14,C,3,23.96761646857204,2024-07-03,71.90284940571613,-0.1765373880978831
971,C,3,41.32229126287421,2024-11-18,123.96687378862262,0.6122502043204919
978,C,4,40.99025006090683,2024-07-27,163.96100024362732,1.2181747576225332
12,D,6,12.642639710543936,2024-10-14,75.85583826326362,-0.1166482688690348
87,C,3,15.655639903540504,2024-11-24,46.96691971062152,-0.5543251634770998
524,A,3,48.13872175848676,2024-12-26,144.4161652754603,0.9220638921740197
909,C,2,24.984929227207317,2024-04-15,49.96985845441463,-0.5088296250516433
537,C,3,28.38473134390353,2024-07-30,85.1541940317106,0.024224968399400814
301,D,1,18.95720560609144,2024-11-20,18.95720560609144,-0.9786818130966215
243,D,4,26.648196030380905,2024-08-19,106.59278412152362,0.349026864953138
122,C,3,38.45104732380452,2024-07-31,115.35314197141356,0.4817492516499065
147,D,1,26.705529385865383,2024-11-20,26.705529385865383,-0.8612920851229127
567,B,1,19.16531059813993,2024-07-14,19.16531059813993,-0.9755289520261647
750,D,1,9.320045197746945,2024-09-05,9.320045197746945,-1.1246880553406131
356,D,0,46.7717684241916,2024-11-12,0.0,-1.2658898948045423
685,D,2,44.2246020260853,2024-09-20,88.4492040521706,0.07414548552881386
904,D,3,40.6114224507375,2024-08-04,121.83426735221248,0.5799404949484256
733,A,2,36.23319337291542,2024-09-19,72.46638674583085,-0.16799960664484417
631,A,3,28.19794480027625,2024-06-18,84.59383440082877,0.015735330316854725
309,A,3,45.38285537551027,2024-06-04,136.1485661265308,0.796806966589424
288,C,2,41.72048788210082,2024-08-21,83.44097576420164,-0.0017308682561930102
307,B,3,18.929771284975992,2024-02-23,56.789313854927975,-0.4055125674339947
812,A,4,24.055622303107924,2024-06-18,96.2224892124317,0.19191338686601628
594,C,2,36.80610188554664,2024-02-05,73.61220377109328,-0.1506400908674685
966,D,4,21.69780364434892,2024-11-17,86.79121457739568,0.049026383777392386
914,D,8,27.228859397396644,2024-09-15,217.83087517917315,2.03432159717109
723,A,1,34.093083546730554,2024-09-07,34.093083546730554,-0.7493681389916497
662,B,3,24.699128071292648,2024-01-13,74.09738421387794,-0.14328944293180396
549,B,3,40.686782322330046,2024-06-07,122.06034696699014,0.5833656776374129
352,D,1,10.232547749803173,2024-01-29,10.232547749803173,-1.1108633328063258
312,B,1,37.31254294019078,2024-02-26,37.31254294019078,-0.7005922394342201
873,A,2,11.534452727507508,2024-06-09,23.068905455015013,-0.9163881686267513
643,C,2,19.131695631273143,2024-08-17,38.263391262546286,-0.6861865655003377
924,C,3,40.7944562467762,2024-11-14,122.3833687403286,0.5882595668422976
714,B,4,28.463764014890423,2024-11-24,113.85505605956168,0.45905274300211363
755,D,3,9.098917996454336,2024-07-11,27.29675398936301,-0.8523348322578324
35,D,2,31.21640844759948,2024-04-17,62.43281689519896,-0.32001158611909963
445,C,4,46.04799815971565,2024-12-22,184.1919926388626,1.5246811403467881
93,D,3,12.075548199705676,2024-12-17,36.22664459911703,-0.7170439668644164
950,D,4,19.45881272123743,2024-12-18,77.83525088494972,-0.086659497644217
959,D,6,24.762140193098308,2024-09-14,148.57284115858985,0.9850389387859324
207,B,4,17.377387850329416,2024-04-19,69.50955140131767,-0.21279666296578903
353,D,5,47.47007636313624,2024-05-09,237.3503818156812,2.3300487298216486
903,A,3,21.98751191638095,2024-05-02,65.96253574914284,-0.266535150716418
332,B,5,34.61279263185554,2024-04-25,173.0639631592777,1.3560877270330773
817,D,3,15.076254396652969,2024-08-17,45.2287631899589,-0.5806588231092565
862,D,2,14.88676718667417,2024-10-19,29.77353437334834,-0.81481077108145
725,A,3,12.91322010217726,2024-08-20,38.739660306531775,-0.6789709282728772
159,B,3,24.56655185870255,2024-11-12,73.69965557610765,-0.14931516642016487
954,C,4,28.97861910305243,2024-08-21,115.91447641220972,0.4902536584326155
957,C,1,5.48366745882118,2024-10-22,5.48366745882118,-1.1828104766509455
24,B,3,42.48155424259016,2024-07-09,127.44466272777046,0.6649398839363906
404,D,5,28.07392516389945,2024-01-25,140.36962581949723,0.8607574497134749
805,D,0,12.074446553739442,2024-06-14,0.0,-1.2658898948045423
516,C,1,8.028199062634494,2024-10-19,8.028199062634494,-1.1442599615612332
732,C,1,7.843968370819762,2024-07-28,7.843968370819762,-1.1470511189019983
364,C,2,16.593956908633807,2024-01-27,33.187913817267614,-0.7630817667815806
382,A,4,27.46814665869405,2024-12-05,109.8725866347762,0.39871698320080873
532,C,1,43.71077912013493,2024-06-26,43.71077912013493,-0.6036567955856026
956,A,0,45.63344421009066,2024-02-13,0.0,-1.2658898948045423
152,B,2,42.454756399073176,2024-03-12,84.90951279814635,0.020517964889382696
562,D,8,19.78535606543257,2024-08-09,158.28284852346053,1.1321488370790742
689,C,3,18.79509882677447,2024-11-06,56.38529648032341,-0.41163356741405305
947,D,4,49.43562553197489,2024-08-15,197.7425021278996,1.7299759457827093
608,D,4,35.65762834943565,2024-11-24,142.6305133977426,0.8950106618058977
617,C,2,18.72283735658938,2024-08-20,37.44567471317876,-0.6985752480100217
420,C,2,19.80860685461616,2024-09-24,39.61721370923232,-0.6656756971811759
250,B,2,24.55899976898136,2024-09-10,49.11799953796272,-0.5217355759794174
117,A,3,32.98130140211768,2024-06-11,98.94390420635304,0.23314374518866746
866,A,5,45.40906219872555,2024-01-06,227.04531099362777,2.1739234187306926
512,D,1,13.923820386338416,2024-02-16,13.923820386338416,-1.0549393029134617
740,C,3,8.798152895800817,2024-03-08,26.394458687402448,-0.8660049114981446
578,B,0,23.258845577940463,2024-09-10,0.0,-1.2658898948045423
335,B,4,16.04549671747595,2024-02-28,64.1819868699038,-0.2935110689302877
418,B,5,30.92147030475965,2024-04-28,154.60735152379826,1.0764638134246904
932,B,4,36.46466767163397,2024-07-04,145.85867068653587,0.9439183374217514
774,B,4,18.983117917284343,2024-02-17,75.93247166913739,-0.11548724683060335
295,A,2,35.84530799878949,2024-07-09,71.69061599757897,-0.17975279606949993
938,A,2,20.4416264686013,2024-09-21,40.8832529372026,-0.6464947743390729
755,A,3,33.573566284981794,2024-06-20,100.72069885494538,0.26006278553747975
371,C,4,33.48773630363299,2024-02-15,133.95094521453197,0.7635122659056068
186,D,4,17.51718665397397,2024-05-22,70.06874661589588,-0.2043246661843831
246,B,1,33.60752382695916,2024-09-02,33.60752382695916,-0.7567245331020437
637,C,2,22.142979307564516,2024-08-03,44.28595861512903,-0.594942631545418
268,B,3,20.140472496229936,2024-06-24,60.42141748868981,-0.350484967961111
643,A,2,18.017948617992168,2024-11-23,36.035897235984336,-0.7199338539814597
237,C,2,20.554036706043004,2024-05-24,41.10807341208601,-0.6430886680456865
530,A,3,40.40352014275166,2024-02-04,121.21056042825498,0.5704911239335213
552,B,5,16.033046637763274,2024-05-11,80.16523318881637,-0.05135947707093608
21,B,5,35.68943323158393,2024-10-30,178.44716615791967,1.437645074609003
911,D,0,45.52792632414051,2024-06-01,0.0,-1.2658898948045423
737,B,2,20.769302346555296,2024-10-28,41.53860469311059,-0.6365659734087411
867,A,4,6.328042902270518,2024-02-17,25.31217160908207,-0.8824019270752602
794,B,3,6.107271310624554,2024-06-16,18.321813931873663,-0.9883082120331098
520,D,4,11.277629975763697,2024-06-26,45.11051990305478,-0.5824502489297191
100,D,3,9.952017939439951,2024-09-19,29.85605381831985,-0.8135605735583374
752,A,4,38.663836244214494,2024-04-04,154.65534497685798,1.0771909304837253
478,C,7,18.268282260831768,2024-11-11,127.87797582582238,0.6715047240429102
599,B,6,34.36293981203079,2024-10-17,206.17763887218476,1.857771122646312
298,D,1,6.910494607641367,2024-08-17,6.910494607641367,-1.1611935623832776
940,B,3,18.308312423516416,2024-07-09,54.92493727054925,-0.4337585037553543
526,B,4,15.53658056047762,2024-05-23,62.14632224191048,-0.32435207709125646
334,C,4,17.459622965856326,2024-06-12,69.8384918634253,-0.2078131036226496
2,D,4,13.582299611020977,2024-01-19,54.3291984440839,-0.4427841486264033
375,B,3,32.806220949604395,2024-03-08,98.41866284881318,0.22518616083434612
293,D,5,34.820279134550006,2024-04-07,174.10139567275002,1.3718051807700389
837,A,3,11.680947071746711,2024-01-07,35.04284121524014,-0.7349789888327057
934,A,3,38.3515693076641,2024-10-29,115.05470792299228,0.4772278748001526
553,B,6,16.252046431638302,2024-06-25,97.5122785898298,0.21145413251107764
318,D,3,17.731512612480444,2024-07-24,53.19453783744133,-0.45997464088538076
502,B,3,42.29637524796301,2024-10-25,126.88912574388904,0.656523310588306
828,D,5,45.55246618720364,2024-10-14,227.7623309360182,2.184786513560139
381,D,5,42.114034106079046,2024-08-16,210.5701705303952,1.9243194640849128
623,C,3,11.64932691579181,2024-04-28,34.94798074737543,-0.7364161570299311
14,C,3,49.96704357934339,2024-09-26,149.90113073803016,1.0051629755237672
504,C,1,35.246993665206574,2024-03-21,35.246993665206574,-0.731886010112678
231,B,0,27.98008796933168,2024-06-08,0.0,-1.2658898948045423
985,C,3,47.9678633489046,2024-07-06,143.90359004671382,0.9142982039582435
84,C,2,41.78211779419671,2024-07-06,83.56423558839342,0.0001365598022124191
130,A,1,36.128436783293154,2024-11-03,36.128436783293154,-0.7185318485162584
743,D,4,42.727876181696,2024-07-12,170.911504726784,1.323477253200694
838,D,2,22.34599624750668,2024-09-16,44.69199249501335,-0.5887910808278097
145,C,3,35.79973004480961,2024-07-09,107.39919013442882,0.3612441890069434
891,D,0,13.576100842839562,2024-10-15,0.0,-1.2658898948045423
857,A,4,49.46002858701959,2024-04-15,197.8401143480784,1.7314548039589268
28,A,3,31.504176504203155,2024-05-08,94.51252951260946,0.16600691861386055
66,C,4,41.64067613458884,2024-04-06,166.56270453835535,1.2575914583318397
163,A,2,23.330294623896528,2024-03-04,46.660589247793055,-0.5589661736779593
229,D,2,39.13649686738313,2024-05-07,78.27299373476626,-0.08002754529904806
261,B,4,22.432320476121223,2024-08-10,89.72928190448489,0.09353909828162633
449,D,2,31.550228913226228,2024-10-19,63.100457826452455,-0.3098966000225522
424,B,2,40.01606670588405,2024-11-21,80.0321334117681,-0.05337598374581767
460,C,4,10.241326098330736,2024-04-13,40.96530439332294,-0.645251667005464
952,B,1,21.05536331163417,2024-05-31,21.05536331163417,-0.9468940136576585
676,A,3,29.52216270392436,2024-04-23,88.56648811177308,0.07592237873097034
301,D,0,20.02989677396761,2024-02-24,0.0,-1.2658898948045423
919,B,3,18.91252556400465,2024-04-30,56.73757669201394,-0.40629640296452124
303,D,1,17.67488403122205,2024-08-04,17.67488403122205,-0.9981094190056155
287,C,2,15.250631981421268,2024-05-02,30.501263962842536,-0.8037854214733009
395,C,3,43.200705315003376,2024-01-03,129.60211594501013,0.697626030448347
10,A,2,46.56601082302666,2024-04-01,93.13202164605332,0.14509175715098752
707,C,1,36.50762516703476,2024-06-12,36.50762516703476,-0.712787016152075
630,B,2,6.349978074428453,2024-04-28,12.699956148856906,-1.0734812603739563
270,C,1,40.38049378080509,2024-03-01,40.38049378080509,-0.6541117457361454
592,A,6,28.93729285019144,2024-08-01,173.62375710114864,1.3645687947356298
970,D,1,39.11495395476228,2024-09-03,39.11495395476228,-0.673285102470006
605,D,1,24.680226814827336,2024-08-22,24.680226814827336,-0.8919761046135831
778,C,0,6.857686169983393,2024-12-22,0.0,-1.2658898948045423
844,B,2,35.67852436445591,2024-10-15,71.35704872891182,-0.1848064530981318
862,A,1,24.985782163792692,2024-03-18,24.985782163792692,-0.8873468376501159
361,B,3,44.33195729953609,2024-01-24,132.99587189860827,0.7490425818890593
257,A,1,38.21620715696423,2024-11-03,38.21620715696423,-0.6869014206711321
133,C,5,21.180278650001423,2024-04-10,105.90139325000712,0.33855205922254994
276,A,3,37.58368819027184,2024-09-07,112.75106457081552,0.4423268982603774
776,A,3,27.284386975228884,2024-05-02,81.85316092568665,-0.02578680051504482
683,C,0,13.974977851679531,2024-08-02,0.0,-1.2658898948045423
972,B,3,23.894884374809983,2024-09-18,71.68465312442996,-0.17984313561606508
513,C,1,15.015307752889065,2024-11-27,15.015307752889065,-1.0384028998554755
313,A,5,5.22394339722697,2024-12-11,26.119716986134847,-0.8701673412689587
576,C,2,16.10580981151157,2024-05-02,32.21161962302314,-0.7778729542876883
886,A,2,14.428459665871266,2024-09-08,28.85691933174253,-0.8286977992244394
980,C,3,5.195160890910568,2024-11-15,15.585482672731704,-1.0297645568228215
121,D,2,8.464322217688348,2024-06-06,16.928644435376697,-1.0094152014753888
107,C,2,25.207658327249696,2024-11-22,50.41531665449939,-0.5020807825383617
933,B,4,23.80474290636792,2024-05-28,95.21897162547168,0.17670975574549208
687,A,4,13.163365278749458,2024-03-05,52.65346111499783,-0.4681721363780641
997,D,2,48.50908279418214,2024-12-23,97.01816558836428,0.20396815328783943
204,B,1,32.16801222170862,2024-01-04,32.16801222170862,-0.77853362117816
165,A,3,41.60808705761761,2024-06-22,124.82426117285284,0.6252399134064243
305,D,3,27.32632507557276,2024-05-15,81.97897522671829,-0.023880671267857208
497,D,6,37.52653628178109,2024-08-31,225.15921769068652,2.145348466772275
632,C,0,48.64006437402911,2024-02-29,0.0,-1.2658898948045423
556,A,2,20.67824362113957,2024-02-14,41.35648724227914,-0.6393251144333039
824,B,1,27.691873371947544,2024-03-12,27.691873371947544,-0.8463486398687359
156,B,2,28.15416044114029,2024-04-04,56.30832088228059,-0.4127997737796735
719,A,1,15.489461587649588,2024-06-04,15.489461587649588,-1.0312193087637451
902,B,4,35.38883788641854,2024-08-27,141.55535154567417,0.8787215958182987
620,B,6,11.220335530506157,2024-03-04,67.32201318303693,-0.24593860742691206
251,B,2,46.71830894244116,2024-11-18,93.43661788488232,0.1497064932712423
957,C,2,31.56718635507643,2024-04-18,63.13437271015286,-0.3093827780547296
916,C,4,43.67351871677616,2024-03-08,174.69407486710463,1.3807844711789634
882,A,1,45.28586949527784,2024-02-04,45.28586949527784,-0.5797936432539086
334,A,3,30.06994604468664,2024-09-07,90.20983813405992,0.10081968782192684
642,B,2,35.69032720571893,2024-12-19,71.38065441143786,-0.1844488190176357
511,D,1,25.721637057894142,2024-05-11,25.721637057894142,-0.8761983869268536
293,D,3,24.56772112861992,2024-10-31,73.70316338585975,-0.14926202191507096
20,B,3,13.378469854016428,2024-08-09,40.13540956204928,-0.657824854608221
282,B,5,22.27615522255441,2024-06-15,111.38077611277208,0.4215665642956132
1,C,3,17.143770970331865,2024-02-29,51.4313129109956,-0.48668809535049157
119,C,4,39.309840890424674,2024-12-07,157.2393635616987,1.116339686701849
35,A,2,7.670636152548744,2024-04-22,15.341272305097489,-1.0334644265546173
198,A,4,26.036095883344625,2024-08-08,104.14438353337847,0.3119327672899383
485,B,2,7.628455936271552,2024-10-05,15.256911872543103,-1.0347425156627617
757,A,4,26.410997021355424,2024-03-08,105.6439880854217,0.3346522838506705
59,C,0,6.23986073642196,2024-11-10,0.0,-1.2658898948045423
837,C,3,32.59826471677572,2024-12-11,97.79479415032716,0.21573433888057608
161,A,3,31.39290949904962,2024-09-19,94.17872849714884,0.16094972024218726
691,D,3,40.902945018366,2024-09-25,122.708835055098,0.5931904916773075
206,B,1,31.24787909906062,2024-05-10,31.24787909906062,-0.792473949439765
12,D,4,46.6699623057983,2024-09-23,186.6798492231932,1.5623730097075559
490,B,0,40.23970763334603,2024-07-26,0.0,-1.2658898948045423
276,D,4,10.969543414503022,2024-07-30,43.87817365801209,-0.6011207116758182
693,A,2,16.94629347377409,2024-02-20,33.89258694754818,-0.7524057303348395
242,B,6,6.18037689959571,2024-10-14,37.08226139757426,-0.7040810827522659
216,B,2,22.376030070776327,2024-02-11,44.752060141552654,-0.5878810356505966
251,B,4,27.929131419625264,2024-09-03,111.71652567850106,0.4266532838634118
811,C,3,47.56758119519299,2024-07-13,142.702743585579,0.8961049736006291
126,C,6,28.502034452681823,2024-08-31,171.01220671609096,1.3250029224250512
994,D,3,40.146261887432615,2024-07-18,120.43878566229785,0.5587984749932206
217,A,2,17.061080566680552,2024-12-23,34.122161133361104,-0.7489276037117996
306,C,2,11.892129676647428,2024-04-30,23.784259353294853,-0.9055503149295155
797,B,3,41.48763142218137,2024-11-29,124.46289426654413,0.6197650824576951
185,C,2,16.13413154185661,2024-11-23,32.26826308371322,-0.7770147866851347
39,A,2,44.21008029519979,2024-07-21,88.42016059039958,0.07370546725213636
223,C,4,12.643244406138338,2024-04-15,50.57297762455335,-0.49969216547578915
184,B,3,43.32139434567981,2024-09-06,129.96418303703945,0.7031114694477475
427,B,6,32.50493029132717,2024-03-19,195.02958174796305,1.6888742837372477
178,A,4,43.25993050201773,2024-06-13,173.0397220080709,1.3557204653869694
919,D,4,19.881955304710768,2024-11-29,79.52782121884307,-0.06101648417196542
428,C,3,12.47153655494245,2024-04-28,37.41460966482735,-0.6990458940076736
294,C,3,12.066830379700503,2024-02-26,36.20049113910151,-0.7174402006362688
852,C,5,17.166151121706683,2024-07-06,85.83075560853342,0.034475105295849844
151,D,1,25.080220948102376,2024-02-21,25.080220948102376,-0.8859160581014837
384,B,5,44.4210289286552,2024-03-12,222.105144643276,2.0990782263386962
638,D,2,9.029104347098144,2024-08-28,18.05820869419629,-0.9923019206109792
308,A,5,46.64726196530388,2024-04-09,233.2363098265194,2.2677191466242297
336,D,3,37.7256375801182,2024-12-03,113.1769127403546,0.4487786421731431
946,C,3,45.5127626131676,2024-06-03,136.5382878395028,0.8027113824568474
746,B,2,39.6493983580083,2024-02-28,79.2987967160166,-0.06448628291169985
892,B,2,28.773543432008918,2024-10-01,57.54708686401783,-0.3940320498496519
375,B,2,32.03376018016749,2024-09-15,64.06752036033498,-0.2952452752957289
8,C,6,33.27010144149122,2024-07-19,199.62060864894733,1.758429895292015
341,C,0,10.710197644239992,2024-10-21,0.0,-1.2658898948045423
129,C,1,13.68743618828797,2024-11-17,13.68743618828797,-1.0585206035270036
776,C,3,28.55159257415724,2024-11-24,85.65477772247172,0.03180898075571425
669,C,6,10.185274074692382,2024-10-10,61.11164444815429,-0.3400277958920808
352,D,3,48.424068322075,2024-06-24,145.272204966225,0.9350331832477723
358,C,4,27.82072753314897,2024-04-07,111.28291013259587,0.42008386156954036
517,C,1,22.10387651658768,2024-12-14,22.10387651658768,-0.9310086836940821
495,C,4,12.089301691620165,2024-06-30,48.35720676648066,-0.5332618439861538
86,C,2,23.744025386383385,2024-09-28,47.48805077276677,-0.54642985148929
175,B,5,18.609178414664697,2024-02-04,93.04589207332349,0.14378686497035362
802,C,3,8.956722704091558,2024-11-26,26.870168112274676,-0.858797752689674
193,D,2,48.51523828571096,2024-12-28,97.03047657142191,0.20415466884827543
311,D,5,16.924014322202602,2024-03-27,84.620071611013,0.01613283293211149
119,D,1,36.07116089600859,2024-06-06,36.07116089600859,-0.7193995975957869
218,A,3,9.109512582009025,2024-11-20,27.328537746027077,-0.8518532975859698
427,B,1,46.09260541970476,2024-04-25,46.09260541970476,-0.5675713209288782
970,C,4,31.583815320225963,2024-01-08,126.33526128090384,0.6481320764979266
414,A,2,34.55924001694754,2024-04-16,69.11848003389508,-0.21872152655497976
114,C,3,40.18029623009908,2024-04-16,120.54088869029724,0.5603453704280019
978,A,3,32.26618978992876,2024-04-23,96.79856936978628,0.20064119624582497
145,A,2,8.190835628596503,2024-01-10,16.381671257193005,-1.017702030268412
538,D,4,24.331209063446867,2024-10-10,97.32483625378748,0.20861431767316352
648,D,1,16.791354199901512,2024-02-29,16.791354199901512,-1.0114951950138555
303,A,3,26.90226593065327,2024-09-22,80.70679779195981,-0.04315459002050709
744,D,3,23.194632275678213,2024-04-11,69.58389682703464,-0.2116703046011855
881,A,2,42.19399027844814,2024-03-03,84.38798055689628,0.012616574902340796
588,B,5,16.117139849439692,2024-06-23,80.58569924719846,-0.04498927396397569
987,D,4,14.058547667507678,2024-07-15,56.23419067003071,-0.4139228715874035
840,D,2,48.11388329527587,2024-11-07,96.22776659055174,0.191993340930861
964,A,1,30.57712607958517,2024-05-07,30.57712607958517,-0.8026360847262778
801,C,2,10.091478226504936,2024-11-29,20.182956453009872,-0.9601112728645641
1,D,1,44.607548333173874,2024-02-15,44.607548333173874,-0.5900704384629644
147,A,2,11.530174291593829,2024-03-09,23.06034858318765,-0.9165178081313294
287,B,4,12.001744671312023,2024-10-27,48.0069786852481,-0.538567917964627
976,C,3,13.702890536873957,2024-12-16,41.10867161062187,-0.6430796051353855
654,D,3,34.403847592689175,2024-12-29,103.21154277806752,0.2977999140921159
53,B,6,9.823957395229511,2024-02-27,58.943744371377065,-0.37287221586216174
304,B,1,40.02267330552947,2024-08-03,40.02267330552947,-0.6595328470543009
69,C,2,7.621321818112438,2024-04-24,15.242643636224877,-1.0349586842726013
361,A,7,9.970095230231903,2024-01-10,69.79066661162334,-0.20853767237569557
602,D,0,24.551921374993785,2024-09-25,0.0,-1.2658898948045423
958,D,2,22.06271758774553,2024-10-18,44.12543517549106,-0.5973746159910983
220,A,2,49.53687207788453,2024-03-26,99.07374415576906,0.23511086437150983
704,A,2,13.53568133100315,2024-04-27,27.0713626620063,-0.8557495871594156
966,C,3,47.599949528530814,2024-05-14,142.79984858559243,0.8975761472196538
575,C,4,36.15178568053848,2024-01-15,144.6071427221539,0.9249572651348913
585,D,3,23.39794244899553,2024-12-02,70.19382734698658,-0.20242965077010483
161,C,3,38.28339194724236,2024-10-28,114.85017584172708,0.47412914453744814
681,B,2,45.5063434567946,2024-07-24,91.0126869135892,0.11298311858600835
89,D,0,13.106369920953876,2024-08-20,0.0,-1.2658898948045423
688,C,2,13.81929176199475,2024-10-30,27.6385835239895,-0.8471559991032435
781,A,6,23.39243430024472,2024-03-06,140.35460580146832,0.8605298913562498
585,B,4,12.614529710078182,2024-01-04,50.45811884031273,-0.5014323149352883
757,A,4,21.21788685676171,2024-01-03,84.87154742704683,0.01994277666642446
589,D,3,34.056118717813135,2024-09-15,102.1683561534394,0.28199528362344967
159,A,4,41.57681564002346,2024-07-21,166.30726256009385,1.2537214258972815
489,C,1,18.58707219584298,2024-11-20,18.58707219584298,-0.9842894595473891
971,C,3,17.67788077121771,2024-08-27,53.033642313653125,-0.46241226253188294
324,D,1,40.08843339751299,2024-04-02,40.08843339751299,-0.6585365594017866
610,A,3,22.14618017011291,2024-10-10,66.43854051033873,-0.2593235174626764
381,D,0,41.83139155409786,2024-01-23,0.0,-1.2658898948045423
102,A,3,49.7021144148146,2024-10-12,149.1063432444438,0.9931216759703647
494,B,0,49.08509041926727,2024-11-13,0.0,-1.2658898948045423
644,C,4,34.820912968128006,2024-03-27,139.28365187251202,0.8443045768281284
614,D,1,21.884594511985277,2024-02-20,21.884594511985277,-0.9343308802880087
19,B,2,7.94704367645432,2024-10-23,15.89408735290864,-1.0250890914593387
454,B,3,38.21182847226773,2024-11-15,114.6354854168032,0.4708765119298432
482,D,2,49.00852584739598,2024-02-12,98.01705169479196,0.2191016159106008
594,D,7,8.059300844703266,2024-07-22,56.41510591292286,-0.41118194442005346
397,B,5,5.2775469779288064,2024-12-12,26.387734889644037,-0.8661067793101055
279,A,1,42.42992884617729,2024-02-27,42.42992884617729,-0.6230621107877667
851,B,1,9.601653291720671,2024-02-28,9.601653291720671,-1.1204215973961138
365,D,3,8.673034120051076,2024-06-16,26.019102360153227,-0.8716916869093655
331,B,3,45.96512307004304,2024-06-22,137.8953692101291,0.8232716245768091
641,A,3,8.58023652523466,2024-11-13,25.74070957570398,-0.8759094318262272
344,C,4,10.130794464894176,2024-07-25,40.52317785957671,-0.6519500336459895
822,C,2,30.6308153871362,2024-04-20,61.2616307742724,-0.3377554522829067
455,B,2,39.05663778649811,2024-01-23,78.11327557299622,-0.0824473295124529
601,A,4,22.980751642140223,2024-08-20,91.9230065685609,0.12677476949058172
725,C,1,23.92651223106757,2024-10-01,23.92651223106757,-0.9033951356804493
655,B,3,33.468169421801235,2024-06-20,100.4045082654037,0.25527239107938615
65,B,5,27.74413826738516,2024-01-11,138.7206913369258,0.8357755341589372
76,A,4,5.838273174997287,2024-02-29,23.353092699989148,-0.9120826356715855
711,D,5,10.111243382248992,2024-08-19,50.55621691124497,-0.4999460959557018
143,B,3,31.172000698643124,2024-08-22,93.51600209592937,0.15090919093916186
917,D,1,40.71481293640397,2024-01-03,40.71481293640397,-0.6490466973659935
915,D,6,39.33964154434802,2024-05-23,236.03784926608813,2.3101634174195556
828,C,6,38.30254516821402,2024-08-17,229.81527100928412,2.2158892505645085
605,D,5,39.70726772936603,2024-01-09,198.53633864683016,1.7420028377481833
473,A,3,6.999956434603538,2024-10-23,20.999869303810613,-0.9477347666602088
417,C,4,45.279570423316486,2024-10-20,181.11828169326597,1.4781133791085084
305,C,2,45.01773973452536,2024-11-20,90.03547946905071,0.09817809502882248
736,C,2,28.93657950939263,2024-07-11,57.87315901878526,-0.3890919463336026
497,B,1,16.186744952094443,2024-10-17,16.186744952094443,-1.0206552297707576
291,B,3,31.648031275164502,2024-05-06,94.94409382549352,0.17254526403314538
940,D,3,30.104866686887892,2024-02-17,90.31460006066368,0.10240686647056811
102,C,4,15.033074346059465,2024-04-16,60.13229738423786,-0.35486523540707665
986,C,6,32.14085805179011,2024-09-20,192.84514831074068,1.6557793777600882
267,A,4,40.87823522452744,2024-09-09,163.51294089810975,1.2113865068754894
867,D,4,41.274808913536525,2024-01-27,165.0992356541461,1.2354194093702613
968,A,5,7.686402002596147,2024-01-09,38.43201001298073,-0.68363193435593
622,D,2,13.872349031560898,2024-08-07,27.744698063121795,-0.8455483279169524
974,D,5,35.07005122669379,2024-06-06,175.35025613346895,1.3907258394734874
842,B,1,43.6924375436436,2024-01-14,43.6924375436436,-0.6039346766778392
962,B,2,28.454768710214697,2024-01-29,56.9095374204294,-0.4036911397224835
942,A,5,36.83865507507412,2024-01-26,184.19327537537055,1.5247005742390738
777,D,2,5.948240479560526,2024-08-01,11.896480959121051,-1.0856541814646992
3,C,4,32.378936534842964,2024-05-22,129.51574613937186,0.6963174986578344
85,B,4,48.28591149964708,2024-04-24,193.1436459985883,1.6603017187686924
794,C,4,34.745657316473206,2024-11-24,138.98262926589285,0.8397439824454822
328,A,4,46.50240724701439,2024-08-05,186.0096289880576,1.552218946284133
816,B,1,30.47042561589832,2024-03-21,30.47042561589832,-0.8042526328678983
450,B,4,42.95204319991674,2024-07-19,171.80817279966698,1.3370620780157347
454,D,3,10.587308371571638,2024-03-07,31.761925114714916,-0.7846859783044924
924,A,4,10.558096829906743,2024-09-05,42.23238731962697,-0.6260549317803259
629,D,1,10.408069813810757,2024-05-23,10.408069813810757,-1.1082041141246002
221,B,2,26.99822984165191,2024-05-20,53.99645968330382,-0.4478252534801066
154,A,1,19.86186023767018,2024-12-11,19.86186023767018,-0.9649759892139903
665,B,2,37.363363418346616,2024-04-05,74.72672683669323,-0.13375468917159103
12,A,4,45.61798614351788,2024-04-27,182.4719445740715,1.4986218299505696
133,B,3,32.87186728580669,2024-11-13,98.61560185742006,0.2281698534761174
994,C,5,14.594475024436068,2024-07-03,72.97237512218034,-0.1603337114724488
304,C,3,46.88945903881012,2024-10-18,140.66837711643035,0.8652836329855678
293,D,4,28.75358021620922,2024-09-01,115.01432086483688,0.4766159971985871
975,C,2,37.39754989110899,2024-07-19,74.79509978221797,-0.13271881590350917
300,B,5,45.07276326958297,2024-10-04,225.36381634791485,2.148448205683356
740,B,2,49.54243694445062,2024-12-26,99.08487388890124,0.235279483595737
783,C,2,27.77287770957532,2024-04-19,55.545755419150645,-0.4243528986649091
43,D,2,41.36282234076533,2024-07-30,82.72564468153065,-0.012568376289231794
944,C,2,30.50901793932089,2024-09-15,61.01803587864178,-0.3414459974055185
343,A,5,26.890427569811266,2024-06-12,134.45213784905633,0.7711055039660532
326,A,3,29.19706336743304,2024-04-06,87.59119010229912,0.06114628376133189
814,A,2,26.79238597197669,2024-07-28,53.58477194395338,-0.45406246208238693
498,C,6,23.946265345760622,2024-02-05,143.67759207456376,0.9108742581826994
364,C,0,37.56743107312945,2024-09-22,0.0,-1.2658898948045423
891,C,1,16.235411717644666,2024-04-09,16.235411717644666,-1.0199179117995838
427,A,6,32.73716596127002,2024-01-21,196.4229957676201,1.7099849777881702
407,B,5,45.144087502581726,2024-04-13,225.72043751290863,2.15385113704479
619,C,5,19.93447170219136,2024-04-21,99.67235851095678,0.24418007447603307
336,D,3,43.726959658222896,2024-08-06,131.1808789746687,0.7215448247391008
815,B,3,47.53810270966388,2024-04-29,142.61430812899164,0.8947651464990412
117,B,2,34.190572223377345,2024-09-05,68.38114444675469,-0.22989241027897803
124,B,2,39.71448535653559,2024-11-30,79.42897071307118,-0.06251410279406236
399,D,1,23.256813191849304,2024-04-05,23.256813191849304,-0.9135413028093067
793,D,1,47.84609389031117,2024-07-06,47.84609389031117,-0.5410053770654009
804,A,2,35.18876547888908,2024-12-29,70.37753095777816,-0.19964647888525092
715,D,4,18.95705638779954,2024-05-23,75.82822555119816,-0.11706661080338225
51,D,5,23.19176062553103,2024-01-28,115.95880312765514,0.49092522317564924
783,D,2,32.798998135920925,2024-01-06,65.59799627184185,-0.2720580471895556
324,B,3,15.53608240305328,2024-11-12,46.60824720915984,-0.5597591732803742
789,C,3,38.92614819531315,2024-09-18,116.77844458593944,0.5033430687069796
141,A,4,15.11111823213394,2024-08-17,60.44447292853576,-0.35013567024346853
787,C,4,36.36529308476723,2024-07-12,145.46117233906892,0.9378961029094365
802,D,4,43.68865530476924,2024-04-14,174.75462121907697,1.3817017689055227
334,A,2,38.02551871050199,2024-07-17,76.05103742100398,-0.11369093555680883
893,C,3,40.947129119852825,2024-03-02,122.84138735955848,0.5951987039571714
964,C,2,46.08193106740317,2024-10-10,92.16386213480634,0.13042381284577967
373,A,0,31.89972025499325,2024-03-20,0.0,-1.2658898948045423
564,D,3,43.08260047979075,2024-06-23,129.24780143937224,0.6922580457569297
494,C,2,15.434250396132745,2024-01-09,30.86850079226549,-0.7982216592024959
539,B,3,41.662992685638784,2024-06-28,124.98897805691637,0.62773542995458
669,C,1,14.975903358791612,2024-09-27,14.975903358791612,-1.0389998897639439
751,B,3,47.05831484342509,2024-06-10,141.1749445302753,0.8729583007720162
156,D,0,19.84880018559509,2024-10-02,0.0,-1.2658898948045423
291,C,2,12.73270991790258,2024-07-24,25.46541983580516,-0.8800801645678084
648,A,3,11.667594205814083,2024-02-29,35.00278261744226,-0.735585890148675
144,A,3,13.427249762202456,2024-07-04,40.281749286607365,-0.6556077582470101
106,C,0,25.139313885342467,2024-03-15,0.0,-1.2658898948045423
420,D,5,28.496722598602656,2024-04-03,142.48361299301328,0.8927850709503096
670,D,2,46.120362463576335,2024-03-07,92.24072492715268,0.13158831016691516
658,A,5,22.1456661317463,2024-01-02,110.7283306587315,0.4116817948223192
2,C,3,14.786703895417435,2024-06-26,44.36011168625231,-0.5938191874180185
945,D,3,38.47195003277217,2024-05-21,115.41585009831653,0.48269930099839853
589,A,3,11.059448356787268,2024-02-13,33.1783450703618,-0.7632267365361041
644,B,2,45.152751740683456,2024-06-22,90.30550348136693,0.10226905021514465
90,C,5,23.422983584396174,2024-10-21,117.11491792198088,0.5084407536399992
345,B,2,32.62286676447408,2024-08-18,65.24573352894816,-0.2773949469809023
350,B,2,13.378295417743518,2024-08-23,26.756590835487035,-0.8605184868774863
459,D,2,11.548811708592652,2024-04-02,23.097623417185304,-0.9159530817792025
263,D,3,40.9477718639685,2024-02-13,122.8433155919055,0.5952279173299111
351,D,2,24.336603136155198,2024-01-27,48.67320627231039,-0.5284743445109756
108,C,2,49.40342657267946,2024-09-28,98.80685314535891,0.23106737522454626
586,B,2,28.59340750036032,2024-02-08,57.18681500072064,-0.39949029052609814
39,C,1,43.05438098409604,2024-10-15,43.05438098409604,-0.613601449529104
909,D,3,49.098365542464585,2024-09-04,147.29509662739375,0.9656806766378603
159,B,0,17.651757267882573,2024-02-19,0.0,-1.2658898948045423
583,C,1,41.03967704699147,2024-12-24,41.03967704699147,-0.644124896128178
959,C,6,5.9902773496090695,2024-10-09,35.94166409765442,-0.7213615179238899
312,A,1,35.5889353127463,2024-07-27,35.5889353127463,-0.7267054784095046
241,C,5,38.53404910030322,2024-05-03,192.6702455015161,1.653129540997935
938,D,2,26.48136705959761,2024-12-07,52.96273411919521,-0.46348654567945224
445,C,5,12.29473445528759,2024-09-05,61.47367227643795,-0.33454295175171733
298,B,3,32.75242466353024,2024-10-10,98.25727399059072,0.22274106500417734
952,C,0,45.38878967460008,2024-05-30,0.0,-1.2658898948045423
36,A,1,46.9093639810221,2024-03-04,46.9093639810221,-0.5551971522624214
84,B,3,38.57460756888213,2024-08-28,115.7238227066464,0.4873651902594501
452,B,0,16.86709662915209,2024-06-15,0.0,-1.2658898948045423
886,A,1,44.1647116726964,2024-08-27,44.1647116726964,-0.5967795637638372
775,D,0,44.99703800157627,2024-02-18,0.0,-1.2658898948045423
822,B,4,21.525899258534928,2024-07-05,86.10359703413971,0.038608745247175606
385,D,1,13.23417814446563,2024-05-27,13.23417814446563,-1.0653876163130584
172,B,0,44.35967453600157,2024-07-07,0.0,-1.2658898948045423
376,B,2,44.82937918637664,2024-04-20,89.65875837275328,0.09247064290456407
685,D,4,9.540773804804632,2024-09-21,38.16309521921853,-0.6877060845057023
362,B,4,48.51429315001197,2024-10-05,194.0571726000479,1.6741419559980684
559,D,4,28.9886248885459,2024-08-24,115.9544995541836,0.4908600225808498
891,A,1,49.71785877243213,2024-06-07,49.71785877243213,-0.5126475055324006
141,D,3,25.025371259750663,2024-02-29,75.07611377925198,-0.12846135872874082
887,A,2,28.997750271179665,2024-11-12,57.99550054235933,-0.3872384308403886
918,B,1,16.973727438706053,2024-03-15,16.973727438706053,-1.0087321787149195
118,D,0,45.45263504819162,2024-08-15,0.0,-1.2658898948045423
277,B,4,24.967045268265977,2024-06-02,99.86818107306392,0.24714685257543026
726,D,2,41.65763241323227,2024-12-21,83.31526482646454,-0.0036354315144811336
220,A,2,8.588042379278722,2024-11-05,17.176084758557444,-1.0056663968237638
905,A,1,40.47109828226657,2024-10-13,40.47109828226657,-0.65273905687052
26,D,3,27.06094140131637,2024-08-28,81.18282420394911,-0.03594262874991674
521,A,4,5.243354587989769,2024-08-14,20.97341835195908,-0.948135507534074
783,B,6,15.181832254945771,2024-06-17,91.09099352967462,0.1141694903255069
10,B,2,13.717859514940264,2024-10-10,27.435719029880527,-0.8502294648560738
984,C,2,38.82940615892479,2024-12-11,77.65881231784958,-0.0893326016580196
378,A,3,26.47409854069484,2024-09-18,79.4222956220845,-0.06261523268194483
633,B,2,12.187327850919385,2024-10-16,24.37465570183877,-0.8966056104073379
637,D,1,16.556133967036367,2024-12-13,16.556133967036367,-1.0150588611608524
682,A,1,27.68345623876482,2024-12-29,27.68345623876482,-0.8464761622855478
584,B,2,5.883718879385324,2024-01-09,11.767437758770647,-1.0876092296295077
152,A,3,24.085651464471816,2024-12-14,72.25695439341544,-0.17117257767415442
720,D,6,35.5127631644183,2024-04-07,213.07657898650984,1.9622924005827842
49,B,1,28.298956337864546,2024-01-12,28.298956337864546,-0.8371511274451457
154,C,1,31.91447934839745,2024-09-28,31.91447934839745,-0.7823747300265128
859,C,2,19.69781526552424,2024-03-11,39.39563053104848,-0.6690327573337795
293,A,3,13.23840758088901,2024-05-14,39.71522274266703,-0.664190827149815
580,D,1,41.438358065983145,2024-09-15,41.438358065983145,-0.6380847437419442
50,B,3,45.75356921463622,2024-01-05,137.26070764390866,0.8136562870236127
664,D,7,27.98332566687021,2024-08-26,195.8832796680915,1.701808096193201
531,B,0,18.726854566162583,2024-10-20,0.0,-1.2658898948045423
612,A,1,28.00421732830935,2024-11-30,28.00421732830935,-0.8416165232053542
60,B,4,44.5543484286828,2024-04-08,178.2173937147312,1.4341639443196161
167,D,3,36.11328563188029,2024-05-30,108.33985689564086,0.37549560884317185
202,D,4,43.63772388305529,2024-09-14,174.55089553222115,1.3786152557910747
857,A,1,19.777074038512268,2024-12-21,19.777074038512268,-0.9662605288302946
146,D,3,37.03906077518732,2024-05-28,111.11718232556194,0.4175730291961983
915,B,4,34.38720371802275,2024-05-21,137.548814872091,0.8180212090512475
676,A,4,30.72274072926878,2024-09-07,122.89096291707511,0.595949790434251
970,B,3,28.770118935372896,2024-08-21,86.31035680611869,0.04174122577823915
993,D,3,29.794004741281864,2024-05-11,89.38201422384559,0.08827787537419923
439,A,3,43.235199037701456,2024-02-16,129.70559711310435,0.6991938051720482
242,B,2,46.21975254518652,2024-04-03,92.43950509037305,0.13459989692428845
581,D,2,10.07872089733572,2024-09-05,20.15744179467144,-0.9604978285747823
687,D,4,30.594720991565048,2024-12-21,122.3788839662602,0.5881916209971217
561,C,3,46.32837901129556,2024-01-20,138.98513703388667,0.8397819759794365
483,D,2,11.063299332159236,2024-06-28,22.126598664318472,-0.9306644354647994
108,B,2,23.57867179836078,2024-09-28,47.15734359672156,-0.551440177146594
226,A,4,9.008607710790676,2024-05-15,36.03443084316271,-0.7199560703290628
673,C,1,10.106438090438184,2024-08-24,10.106438090438184,-1.1127739368322387
661,D,3,25.0780813173722,2024-07-30,75.2342439521166,-0.12606563308476748
977,D,2,35.99328443020694,2024-03-04,71.98656886041388,-0.17526901002122977
662,B,3,11.251149045959,2024-12-25,33.753447137877004,-0.7545137455484331
432,C,5,5.98763670767401,2024-06-12,29.93818353837005,-0.8123162804996997
805,B,3,45.07177808069888,2024-02-07,135.21533424209662,0.7826681876529924
655,C,2,30.854553779705988,2024-08-02,61.709107559411976,-0.3309760275227791
419,A,0,5.899449000695308,2024-01-19,0.0,-1.2658898948045423
988,B,4,49.65527664175942,2024-09-10,198.62110656703769,1.743287100432202
455,B,4,27.148657235619112,2024-03-14,108.59462894247643,0.3793554915898638
160,A,3,26.41444286743741,2024-05-20,79.24332860231223,-0.06532664360957972
523,C,6,32.941138294517955,2024-01-17,197.64682976710773,1.728526477132822
650,D,3,5.355704038795795,2024-04-04,16.067112116387385,-1.0224677077259297
969,A,1,30.6112268167898,2024-08-21,30.6112268167898,-0.8021194470149571
590,D,1,33.32677567953456,2024-10-27,33.32677567953456,-0.7609779625652426
77,D,4,18.36291056463827,2024-03-28,73.45164225855308,-0.15307265213050478
509,A,3,37.70835843957343,2024-10-24,113.12507531872028,0.44799328768906804
441,C,1,21.98443172980855,2024-02-20,21.98443172980855,-0.9328183126443437
254,D,1,37.29979105061631,2024-09-01,37.29979105061631,-0.7007854348776276
921,A,1,11.472133030363144,2024-04-22,11.472133030363144,-1.0920831962218176
770,B,2,46.11640172184581,2024-01-08,92.23280344369162,0.1314682970111576
320,B,3,44.57558181453171,2024-02-06,133.72674544359512,0.7601155634871113
803,B,1,11.778191423949677,2024-02-16,11.778191423949677,-1.087446307962065
263,A,2,47.23042716884844,2024-04-09,94.46085433769689,0.16522402222253837
597,B,2,30.100112274527326,2024-12-10,60.20022454905465,-0.3538361158676114
658,D,4,36.57423552642358,2024-06-21,146.2969421056943,0.950558297771364
835,B,2,42.81322065694378,2024-08-28,85.62644131388757,0.03137967457414648
554,B,3,8.760647618600164,2024-07-09,26.28194285580049,-0.8677095644321079
374,D,3,12.617796085977496,2024-12-07,37.85338825793249,-0.6923982498010964
637,B,2,18.06759146686828,2024-08-21,36.13518293373656,-0.7184296420535538
167,D,3,26.474201662415613,2024-10-07,79.42260498724684,-0.0626105456950192
937,B,2,20.572452783443325,2024-08-22,41.14490556688665,-0.6425306484332357
753,D,2,27.763086962392386,2024-05-05,55.52617392478477,-0.4246495649326416
459,B,1,13.366266230468131,2024-06-26,13.366266230468131,-1.063386437099965
999,D,5,35.696936296992405,2024-06-21,178.48468148496204,1.4382134445121613
280,A,8,7.508069653267902,2024-04-29,60.064557226143215,-0.3558915217314019
700,D,4,21.26522777935827,2024-01-30,85.06091111743308,0.022811700673003258
302,B,1,13.056496010200515,2024-02-17,13.056496010200515,-1.0680795607903422
531,B,5,37.84699723418061,2024-06-27,189.23498617090303,1.6010841993470757
580,C,4,44.76440024734601,2024-04-03,179.05760098938404,1.4468933689302002
218,D,1,8.54537941415637,2024-02-24,8.54537941415637,-1.1364245041766337
102,A,5,40.326703513988,2024-08-23,201.63351756994,1.7889261467894038
554,D,1,45.3075032174946,2024-10-28,45.3075032174946,-0.5794658850395817
288,D,3,48.82865974763248,2024-10-13,146.48597924289743,0.9534222743866843
167,A,3,31.072381292529005,2024-12-13,93.21714387758702,0.14638138777152773
621,D,5,19.732634870333307,2024-03-14,98.66317435166653,0.22889059286664226
36,A,2,19.48881199402986,2024-11-07,38.97762398805972,-0.675365697950016
744,A,1,22.05365356825037,2024-05-01,22.05365356825037,-0.9317695783612285
741,D,1,32.57003332974321,2024-02-26,32.57003332974321,-0.772442865312348
353,D,0,27.060350546260626,2024-09-29,0.0,-1.2658898948045423
676,B,5,34.41357618830757,2024-05-18,172.06788094153785,1.3409967442730175
899,B,5,6.769124308830927,2024-07-17,33.84562154415463,-0.75311727209345
73,C,2,9.764669767150115,2024-07-27,19.52933953430023,-0.9700137904241203
648,C,3,48.94427747420425,2024-09-29,146.83283242261274,0.9586772174648095
353,D,3,49.792347598380736,2024-12-26,149.37704279514222,0.9972228657918386
891,A,1,38.59964677127255,2024-05-17,38.59964677127255,-0.6810921807248749
70,C,2,16.53787175814634,2024-05-13,33.07574351629268,-0.7647811848095867
425,D,3,47.90217804802475,2024-12-02,143.70653414407423,0.9113127403323094
999,C,7,14.61662572062666,2024-01-16,102.31638004438662,0.2842378956755251
708,A,4,37.91440950924226,2024-04-12,151.65763803696905,1.031774655658317
781,D,2,10.186624026141748,2024-08-30,20.373248052283493,-0.9572282907242561
561,A,2,34.20070243519254,2024-03-30,68.40140487038508,-0.22958545800307908
828,D,1,39.17817515102612,2024-01-04,39.17817515102612,-0.6723272799470291
642,C,2,43.68380650646372,2024-03-02,87.36761301292744,0.05775901517931844
956,B,4,38.04377628596048,2024-07-30,152.1751051438419,1.0396144574835473
517,C,1,46.55684099099534,2024-09-04,46.55684099099534,-0.5605379948859246
428,C,7,28.441546605532626,2024-07-10,199.0908262387284,1.7504035124525166
539,B,1,35.48428731019975,2024-02-25,35.48428731019975,-0.7282909310701174
160,B,4,21.62975382897584,2024-10-15,86.51901531590336,0.04490247282975774
149,D,2,5.467525218019063,2024-01-31,10.935050436038129,-1.1002201793215436
776,D,1,39.05118299603032,2024-01-01,39.05118299603032,-0.6742512540804625
712,A,5,12.826601465437715,2024-02-14,64.13300732718858,-0.29425312558138234
562,C,4,6.2888338249381,2024-02-16,25.1553352997524,-0.8847780502487226
67,B,4,12.402583047565862,2024-08-09,49.61033219026345,-0.5142765696486515
812,A,3,45.28801819576801,2024-10-12,135.86405458730405,0.7924965204665617
381,C,5,18.29796752170984,2024-03-21,91.4898376085492,0.12021211312416036
58,B,2,15.516685168415227,2024-10-06,31.03337033683045,-0.7957238297960698
259,D,3,5.656542117944737,2024-10-13,16.969626353834208,-1.0087943115388938
342,C,5,18.367481624452974,2024-10-10,91.83740812226488,0.12547792405519972
838,D,5,37.20375846600064,2024-07-07,186.0187923300032,1.5523577740162846
130,A,3,48.15901797692988,2024-02-08,144.47705393078965,0.9229863759123036
727,A,2,19.0733554596935,2024-03-23,38.146710919387,-0.6879543121940295
172,B,0,15.830839409481197,2024-11-22,0.0,-1.2658898948045423
770,C,3,44.96310592081854,2024-06-24,134.88931776245562,0.7777289276339538
614,D,2,43.362718287450285,2024-01-09,86.72543657490057,0.04802982477456507
209,B,0,19.76721890646589,2024-10-04,0.0,-1.2658898948045423
803,A,1,8.09623191906743,2024-09-14,8.09623191906743,-1.1432292407580082
354,A,1,49.63952482100342,2024-12-12,49.63952482100342,-0.5138342914116028
471,C,2,35.631692935780315,2024-09-28,71.26338587156063,-0.1862254770907014
798,D,3,46.69612236878604,2024-09-17,140.0883671063581,0.8564962850068808
116,C,1,20.38435134437577,2024-06-28,20.38435134437577,-0.9570600720907334
264,D,2,34.145843858734736,2024-06-02,68.29168771746947,-0.23124771000762667
662,D,5,35.352375359297575,2024-01-15,176.76187679648788,1.412112370334062
548,C,6,9.889978033579398,2024-07-05,59.33986820147639,-0.3668708057532233
453,C,1,33.400258044369416,2024-12-13,33.400258044369416,-0.7598646798651385
845,A,1,20.139797676316377,2024-03-03,20.139797676316377,-0.9607651429401737
287,C,2,38.9366593135899,2024-10-07,77.8733186271798,-0.08608275846397935
303,C,2,45.16333359007612,2024-02-10,90.32666718015224,0.102589687415388
311,A,3,20.466629477621737,2024-01-28,61.39988843286521,-0.3356608019567473
208,D,4,13.303865487099426,2024-10-03,53.2154619483977,-0.45965763352184336
618,C,4,5.981075471802384,2024-08-08,23.924301887209538,-0.903428623138072
446,B,2,16.497800767319504,2024-08-04,32.99560153463901,-0.7659953629586925
670,B,1,21.522719288985392,2024-08-09,21.522719288985392,-0.9398134124066679
633,B,3,47.57301436765964,2024-03-01,142.7190431029789,0.8963519168064195
55,C,2,27.11176852312637,2024-04-12,54.22353704625274,-0.4443849545685995
912,D,4,30.03977768489553,2024-07-03,120.1591107395821,0.5545613052476338
12,D,5,44.605794292165164,2024-05-26,223.02897146082583,2.113074515328333
657,A,1,44.828128119386335,2024-03-15,44.828128119386335,-0.5867285800383626
400,C,7,28.75621219534409,2024-01-01,201.29348536740864,1.7837745438244301
908,D,3,10.116657442999928,2024-12-30,30.349972328999783,-0.8060775409363335
648,C,1,17.173227410655333,2024-11-28,17.173227410655333,-1.005709686611657
980,A,8,25.559969000275498,2024-06-10,204.479752002204,1.8320475618527559
515,A,2,38.802627283004895,2024-01-17,77.60525456600979,-0.09014401972701772
656,A,3,37.02567867481005,2024-08-30,111.07703602443016,0.41696479914503387
542,B,3,33.92187058848944,2024-01-19,101.76561176546832,0.27589356982177854
279,A,2,41.119088373820645,2024-02-28,82.23817674764129,-0.019953680489419416
348,C,4,49.19514083634336,2024-07-19,196.78056334537345,1.7154022476232604
627,B,1,45.012133441992006,2024-04-24,45.012133441992006,-0.5839408371173996
104,B,4,13.804539252954283,2024-07-21,55.218157011817134,-0.42931612542395187
630,A,2,7.592745448417803,2024-10-20,15.185490896835606,-1.035824567619832
517,A,3,23.65299248199455,2024-01-31,70.95897744598365,-0.19083736777661553
980,D,7,32.78770029055755,2024-07-12,229.51390203390287,2.2113234085778752
872,C,4,33.939657486276765,2024-04-15,135.75862994510706,0.790899301452362
248,A,4,17.03807426832614,2024-11-01,68.15229707330457,-0.23335952544870464
364,D,5,43.69464340019017,2024-05-05,218.47321700095085,2.0440532931956494
321,C,0,19.816090864044213,2024-04-12,0.0,-1.2658898948045423
633,A,3,46.36015728724146,2024-06-11,139.08047186172436,0.8412263308908176
286,D,1,26.222063058644967,2024-11-10,26.222063058644967,-0.8686167636275722
149,D,5,5.467579971882621,2024-04-30,27.337899859413103,-0.851711458399214
84,C,1,12.291859003763578,2024-08-27,12.291859003763578,-1.0796640702578701
966,D,4,9.604366549474893,2024-04-04,38.41746619789957,-0.683852278077308
406,C,4,6.981160811013844,2024-07-26,27.92464324405537,-0.8428220975166285
978,C,1,37.13077898648042,2024-05-28,37.13077898648042,-0.703346024857744
456,C,7,13.6542142877181,2024-12-15,95.57950001402668,0.18217188286642472
743,B,4,42.73789074829188,2024-11-03,170.9515629931675,1.3240841494956235
800,D,1,16.90109729664935,2024-07-11,16.90109729664935,-1.009832549951468
161,C,1,6.454719792087866,2024-05-21,6.454719792087866,-1.168098705112955
784,A,1,41.93039047888531,2024-09-28,41.93039047888531,-0.630630286139694
460,B,5,25.97656327389442,2024-11-06,129.8828163694721,0.7018787368925086
550,B,3,31.977744812104724,2024-07-19,95.93323443631417,0.18753107909873248
500,D,1,20.13022798887034,2024-06-10,20.13022798887034,-0.9609101269441999
738,C,4,7.071817827003882,2024-04-18,28.287271308015526,-0.837328159602594
509,D,7,21.657969012385607,2024-12-15,151.60578308669926,1.0309890356094813
654,B,1,28.32288666321075,2024-09-19,28.32288666321075,-0.8367885749160366
804,C,3,5.525897159147835,2024-07-28,16.577691477443505,-1.0147322575812383
481,A,2,30.843051449171845,2024-05-28,61.68610289834369,-0.331324555924752
663,C,1,45.18689695516278,2024-09-12,45.18689695516278,-0.5812931107376116
114,B,3,14.802823508901184,2024-07-17,44.408470526703546,-0.5930865346163231
749,A,2,46.70461225167794,2024-12-02,93.40922450335589,0.1492914742688017
578,C,4,9.39238334706137,2024-07-04,37.56953338824548,-0.6966987471581574
361,A,1,42.14463576002697,2024-12-09,42.14463576002697,-0.627384397611065
341,A,3,42.81459612359708,2024-06-13,128.44378837079122,0.6800769756196173
770,B,1,16.59919383041625,2024-04-17,16.59919383041625,-1.0144064896554252
987,A,1,48.10295335588103,2024-03-23,48.10295335588103,-0.5371138692183194
761,D,3,23.74694265703,2024-10-27,71.24082797109,-0.186567236918397
969,B,2,11.35652393595172,2024-03-20,22.71304787190344,-0.9217795314642072
449,D,7,31.6271502872225,2024-09-09,221.3900520105575,2.0882443309031498
835,D,1,45.46811970316825,2024-10-09,45.46811970316825,-0.577032490914966
180,C,2,17.537127175179613,2024-02-20,35.074254350359226,-0.7345030692027005
702,A,2,30.9643969720269,2024-04-17,61.9287939440538,-0.3276477044343777
407,C,2,10.191544685456748,2024-08-25,20.383089370913492,-0.957079191415849
666,D,1,25.783016195169026,2024-11-11,25.783016195169026,-0.8752684722210733
196,C,2,28.538153046103165,2024-11-23,57.07630609220633,-0.4011645378959654
466,A,2,19.187523424900785,2024-07-04,38.37504684980157,-0.6844949455594085
311,C,2,26.78841873216525,2024-03-20,53.57683746433051,-0.4541826721343949
262,D,2,46.39723061815281,2024-11-23,92.79446123630562,0.1399776026833574
419,D,2,27.50619367308788,2024-04-05,55.01238734617576,-0.4324336055088622
406,D,0,42.394563975541885,2024-05-29,0.0,-1.2658898948045423
939,A,1,19.282569312354525,2024-12-17,19.282569312354525,-0.9737524428152138
143,D,4,48.71319000676168,2024-12-30,194.8527600270467,1.6861953748134368
342,A,3,9.205845505033349,2024-01-06,27.61753651510004,-0.8474748684120664
316,C,3,31.35139910788952,2024-01-22,94.05419732366856,0.1590630308117253
101,D,5,40.54495078250612,2024-08-07,202.72475391253064,1.8054587467494272
244,C,4,41.63184438396105,2024-12-24,166.5273775358442,1.25705624228605
490,B,0,13.922649985416886,2024-01-12,0.0,-1.2658898948045423
12,C,3,23.07406499082438,2024-10-09,69.22219497247313,-0.2171502101293202
239,B,2,33.08882776088464,2024-07-10,66.17765552176928,-0.2632760133457904
561,C,3,19.214721939758743,2024-08-12,57.64416581927624,-0.39256127081748177
42,A,6,34.6233206846066,2024-12-01,207.7399241076396,1.8814402727773534
678,C,2,22.045130209071612,2024-06-15,44.09026041814323,-0.5979075254711309
594,A,4,20.78898451633501,2024-11-11,83.15593806534002,-0.006049285875622057
429,A,5,9.863067717068432,2024-04-25,49.31533858534216,-0.5187458226148336
803,D,6,6.766379548387058,2024-11-21,40.59827729032235,-0.6508122518499805
158,A,2,42.587320550548185,2024-05-27,85.17464110109637,0.024534748421670974
216,B,3,27.02950214702334,2024-02-05,81.08850644107002,-0.037371574782911206
670,D,1,30.3292909944053,2024-09-01,30.3292909944053,-0.8063908701558117
462,D,5,21.749946013781624,2024-11-03,108.74973006890812,0.3817053261550842
134,C,6,11.15339204631967,2024-05-09,66.92035227791803,-0.25202390609662734
67,A,4,25.230739896104293,2024-08-27,100.92295958441716,0.2631271040516898
848,A,3,15.303068511402593,2024-12-09,45.90920553420778,-0.5703498912727117
7,B,4,42.69573710497447,2024-10-30,170.78294841989788,1.3215295816366766
526,C,2,45.00932609641126,2024-06-15,90.01865219282251,0.09792315609814393
73,D,5,28.772341966653368,2024-02-11,143.86170983326684,0.9136637045485964
399,D,2,33.265928533192,2024-09-10,66.531857066384,-0.25790974005211
405,D,4,47.66551442326572,2024-12-15,190.66205769306288,1.6227048159535564
675,B,4,29.240687011492632,2024-10-27,116.96274804597051,0.5061353285108533
578,B,2,33.73651054811978,2024-07-23,67.47302109623956,-0.2436507864276131
859,D,3,33.31532766840477,2024-07-13,99.94598300521432,0.24832557818248407
130,C,5,36.86545183156093,2024-06-19,184.32725915780463,1.5267304738947751
931,B,2,33.812829481024345,2024-09-06,67.62565896204869,-0.24133827109460726
466,C,3,35.18174291250077,2024-04-13,105.54522873750231,0.33315604630089485
206,C,1,37.66525125047592,2024-12-28,37.66525125047592,-0.6952485891460739
788,A,5,41.409465335057696,2024-02-08,207.04732667528847,1.870947187241715
978,D,1,23.137473616835184,2024-08-23,23.137473616835184,-0.9153493377657156
768,A,3,38.56252929172602,2024-05-13,115.68758787517808,0.48681622029767035
266,D,2,9.509169161928302,2024-09-08,19.018338323856604,-0.9777556317298233
537,D,5,44.428465950868784,2024-06-18,222.1423297543439,2.099641593358067
962,C,6,18.05199385591363,2024-10-09,108.31196313548178,0.3750730089350747
793,D,1,23.155714133927766,2024-07-25,23.155714133927766,-0.9150729877575773
822,C,2,33.66441671409526,2024-01-19,67.32883342819052,-0.24583527840426797
289,D,4,18.888259543302567,2024-07-08,75.55303817321027,-0.12123579272736466
164,C,2,15.142960000608811,2024-03-04,30.285920001217622,-0.8070479553831407
95,C,4,48.09715019197655,2024-08-17,192.38860076790615,1.6488625279505449
782,C,2,8.949936246421407,2024-11-02,17.899872492842814,-0.9947007676562967
833,B,2,5.195079887420357,2024-06-23,10.390159774840717,-1.1084754572773192
110,C,3,35.28207060288577,2024-11-08,105.8462118086573,0.33771604170787645
336,B,3,32.65134921871333,2024-01-20,97.95404765613998,0.2181470833989487
822,B,4,38.192628332830274,2024-10-02,152.7705133313211,1.0486350930620387
238,C,1,37.92352242240711,2024-12-03,37.92352242240711,-0.6913356934697734
381,C,1,43.846660726971045,2024-08-13,43.846660726971045,-0.6015981432478208
436,B,2,46.49488656838056,2024-08-18,92.98977313676112,0.1429366440858796
899,B,1,39.87610647160487,2024-04-10,39.87610647160487,-0.6617533841992882
483,C,3,15.453176072994356,2024-08-14,46.359528218983066,-0.5635273501698019
937,C,2,25.85732802345384,2024-10-20,51.71465604690768,-0.4823953509333363
902,D,2,33.87718582951501,2024-02-07,67.75437165903001,-0.23938823016771135
25,B,2,29.27143709801339,2024-03-05,58.54287419602678,-0.3789455347082304
653,B,0,12.15038805955811,2024-03-16,0.0,-1.2658898948045423
117,D,4,31.51728637808205,2024-07-10,126.06914551232822,0.6441003325271658
482,B,5,44.8937892245289,2024-05-02,224.46894612264447,2.134890618868195
392,A,5,23.833275046929398,2024-05-04,119.16637523464698,0.5395210263193858
917,B,5,35.10197709959316,2024-01-27,175.5098854979658,1.3931442783781465
994,D,3,32.71704288243522,2024-04-12,98.15112864730568,0.22113292712454555
964,A,2,21.966941158453224,2024-10-02,43.93388231690645,-0.6002767066368884
537,C,3,30.43720432162548,2024-02-29,91.31161296487645,0.1175119494457182
79,D,3,14.459541525448746,2024-06-16,43.37862457634624,-0.6086890493541361
580,D,5,29.57482664128344,2024-03-23,147.87413320641718,0.9744532768066637
173,C,1,40.94733157206706,2024-01-06,40.94733157206706,-0.6455239613310645
956,D,1,39.15264963160698,2024-06-12,39.15264963160698,-0.6727140002062963
12,B,3,21.107954741318224,2024-07-20,63.32386422395467,-0.3065119174801383
800,C,0,10.043834715792894,2024-06-25,0.0,-1.2658898948045423
128,D,2,40.99741542679397,2024-12-05,81.99483085358793,-0.023640453153851954
608,C,2,16.926759027253524,2024-06-04,33.85351805450705,-0.7529976372887415
92,C,1,7.386969524543048,2024-10-04,7.386969524543048,-1.1539748061114514
653,C,5,25.033683209720127,2024-12-05,125.16841604860063,0.6304539762660997
543,A,1,38.27617382959464,2024-10-29,38.27617382959464,-0.6859929052828171
846,D,4,41.382200322013446,2024-04-11,165.52880128805378,1.2419274741265263
532,A,1,49.19909671498703,2024-03-20,49.19909671498703,-0.5205069262971248
658,D,5,13.52334578135556,2024-07-12,67.6167289067778,-0.24147356445467272
989,B,3,18.220768270723973,2024-10-07,54.66230481217192,-0.4377374743975544
828,B,3,32.42707243157737,2024-03-31,97.28121729473212,0.20795347567900577
447,B,1,41.51046637022112,2024-03-07,41.51046637022112,-0.636992278524985
390,D,4,15.533375955912156,2024-08-02,62.133503823648624,-0.32454628046679695
672,C,4,23.446150266819163,2024-05-24,93.78460106727664,0.15497855627244617
861,C,5,23.378030080362144,2024-02-09,116.89015040181071,0.505035449628443
43,A,0,39.78215298942445,2024-07-30,0.0,-1.2658898948045423
254,A,4,15.841949255551462,2024-10-12,63.36779702220585,-0.30584632071593343
130,B,1,48.59413496131674,2024-02-28,48.59413496131674,-0.5296723016371735
60,A,4,27.970871568595808,2024-01-28,111.88348627438324,0.4291827934050884
663,D,4,17.693007647239135,2024-02-16,70.77203058895654,-0.19366967593973575
467,D,1,17.792782687331897,2024-08-24,17.792782687331897,-0.9963232144583393
287,A,3,5.823499401678672,2024-04-26,17.470498205036016,-1.001205933454365
517,A,1,36.15939008403305,2024-05-30,36.15939008403305,-0.718062895532746
467,A,2,39.9176736204019,2024-03-23,79.8353472408038,-0.05635736084557035
930,A,3,6.459249781566031,2024-02-26,19.377749344698096,-0.9723104331079652
778,B,1,31.367054260892896,2024-08-04,31.367054260892896,-0.7906684053987127
345,B,2,40.17527004966898,2024-08-07,80.35054009933796,-0.04855201465247575
642,A,1,21.9308021775951,2024-10-11,21.9308021775951,-0.9336308185133063
382,D,2,24.473371228461037,2024-08-29,48.94674245692207,-0.524330178725551
779,B,5,21.27312049604631,2024-11-15,106.36560248023156,0.3455849861894354
690,D,0,19.204282335491328,2024-04-08,0.0,-1.2658898948045423
253,C,3,27.101377564336435,2024-08-29,81.30413269300931,-0.03410476407925713
927,D,2,12.474529705995105,2024-07-21,24.94905941199021,-0.8879031997701131
56,A,2,24.83094565543365,2024-02-06,49.6618913108673,-0.5134954315193895
463,C,3,47.38213059224925,2024-09-02,142.14639177674775,0.8876760553787469
457,B,2,6.233094400874597,2024-05-07,12.466188801749194,-1.0770229148099444
983,B,3,12.413453713386296,2024-05-14,37.24036114015888,-0.7016858181373347
83,C,0,39.99660757908895,2024-12-11,0.0,-1.2658898948045423
905,D,1,10.942569046117026,2024-12-08,10.942569046117026,-1.1001062698338933
99,B,7,17.207640477623546,2024-03-04,120.45348334336482,0.5590211498363654
149,A,2,25.46775158199601,2024-09-30,50.93550316399202,-0.49419978084295846
329,C,3,47.442301593849706,2024-01-29,142.3269047815491,0.8904108885028689
156,A,1,13.257553428660623,2024-08-13,13.257553428660623,-1.0650334728452644
190,C,1,46.53880673019424,2024-02-29,46.53880673019424,-0.5608112200414317
494,B,3,37.33360307207837,2024-02-23,112.0008092162351,0.430960275686484
883,D,5,35.20152102844274,2024-11-23,176.00760514221372,1.4006848994603414
263,C,1,37.559413582251445,2024-05-28,37.559413582251445,-0.6968520656443941
80,C,0,6.406097853620185,2024-02-27,0.0,-1.2658898948045423
400,A,3,9.45051174812837,2024-02-05,28.35153524438511,-0.8363545392140608
764,B,6,20.06786879331028,2024-05-24,120.40721275986166,0.5583201348342821
609,A,5,8.328538991690495,2024-09-06,41.64269495845247,-0.6349889706555661
260,B,4,49.44153692729399,2024-03-20,197.76614770917595,1.730334184342778
772,A,3,31.118549366532992,2024-01-15,93.35564809959898,0.14847977361694584
615,C,7,26.93046520143428,2024-02-09,188.51325641004,1.590149749173555
552,A,2,40.34803032045697,2024-03-21,80.69606064091394,-0.04331726149324264
785,D,4,48.96316430653954,2024-11-02,195.85265722615816,1.7013441558325995
101,B,2,47.98085000381486,2024-07-11,95.96170000762972,0.1879623421394009
359,B,4,40.68791981549133,2024-06-14,162.7516792619653,1.1998531354104134
380,C,4,21.97284066323944,2024-12-18,87.89136265295777,0.06569399950844287
820,B,3,7.968177121005802,2024-07-22,23.904531363017405,-0.9037281532716566
221,D,6,9.426963997808652,2024-07-29,56.56178398685192,-0.4089597219513452
820,A,2,5.051855335756437,2024-09-14,10.103710671512871,-1.1128152581521542
420,C,7,5.085627945118516,2024-04-24,35.59939561582961,-0.7265470012771116
124,D,0,47.13898095200579,2024-11-29,0.0,-1.2658898948045423
422,B,0,46.71576361433746,2024-12-14,0.0,-1.2658898948045423
231,B,4,35.0399209867161,2024-08-20,140.1596839468644,0.8575767592804043
690,D,6,37.70045258991361,2024-03-17,226.2027155394817,2.1611578123924176
63,A,5,28.0943805492517,2024-11-11,140.4719027462585,0.8623069797733615
485,A,1,15.702901523974958,2024-04-05,15.702901523974958,-1.027985621481682
628,C,2,46.14732720989641,2024-04-07,92.29465441979282,0.13240536023486812
703,B,3,17.49611603117075,2024-02-25,52.48834809351225,-0.47067365454225146
574,D,6,38.28520674273356,2024-04-27,229.71124045640136,2.214313152475301
768,A,5,16.044605812574584,2024-04-28,80.22302906287293,-0.05048385001580295
483,C,3,44.156678812213,2024-02-07,132.47003643663902,0.7410759966515357
519,B,4,34.30577454914665,2024-07-03,137.2230981965866,0.8130864911663584
155,B,4,33.92127592505294,2024-12-23,135.68510370021176,0.7897853539544891
92,C,2,9.381525653386396,2024-08-29,18.763051306772795,-0.9816233164500869
982,C,1,23.876100642614077,2024-02-20,23.876100642614077,-0.9041588883092082
526,A,5,28.62088283973197,2024-05-06,143.10441419865984,0.9021904193492539
455,D,1,18.231632978499952,2024-04-12,18.231632978499952,-0.9896744840018398
741,B,2,44.64385753250596,2024-08-16,89.28771506501191,0.08684921119878992
598,D,4,42.69514736800498,2024-07-29,170.78058947201993,1.3214938427778515
645,B,1,27.21294105541385,2024-03-25,27.21294105541385,-0.8536046265767859
510,B,5,20.301404118985168,2024-12-24,101.50702059492583,0.2719758260582014
183,D,3,41.069402240254,2024-09-30,123.208206720762,0.6007561414431444
386,C,4,13.860115139355743,2024-01-27,55.44046055742298,-0.42594815146106946
574,A,2,8.218234179213475,2024-12-13,16.43646835842695,-1.0168718356365885
731,B,3,7.056971873237647,2024-03-12,21.170915619712943,-0.9451433570772622
405,C,2,6.74074674041001,2024-04-04,13.48149348082002,-1.061640705254159
246,B,2,26.99998954115803,2024-03-16,53.99997908231606,-0.44777193339379884
742,A,5,16.48911362447121,2024-01-06,82.44556812235604,-0.016811630963119446
591,B,1,36.06688046128764,2024-03-30,36.06688046128764,-0.7194644476306826
661,A,2,34.42512083182274,2024-03-20,68.85024166364548,-0.22278542865957543
650,A,4,29.39090032148112,2024-08-09,117.56360128592448,0.5152384584774194
471,B,3,20.877947664258333,2024-03-23,62.633842992775,-0.31696597269601734
826,B,1,43.27053102435786,2024-03-22,43.27053102435786,-0.6103267032550678
888,A,2,36.9366238985024,2024-05-31,73.87324779700481,-0.1466851855147897
423,C,2,17.218675581424634,2024-02-14,34.43735116284927,-0.7441523680771936
901,D,0,27.575989804107948,2024-07-30,0.0,-1.2658898948045423
65,A,3,12.032204397091846,2024-03-11,36.09661319127554,-0.7190139867072108
13,B,5,19.794933099585823,2024-09-19,98.97466549792912,0.23360978916835537
213,B,3,49.87130822885901,2024-02-27,149.61392468657704,1.0008117066286166
986,C,6,15.072989912023818,2024-02-26,90.43793947214292,0.10427550030331784
242,D,2,36.42360600731623,2024-04-20,72.84721201463246,-0.16222997491793661
493,A,2,15.728839059966274,2024-05-21,31.45767811993255,-0.7892954232592257
213,A,0,47.21605425526152,2024-02-25,0.0,-1.2658898948045423
693,D,4,18.95597802456654,2024-01-12,75.82391209826616,-0.11713196107535154
338,A,3,20.60100835910192,2024-12-14,61.80302507730576,-0.32955314533678987
997,D,5,31.723689787978422,2024-01-15,158.61844893989212,1.1372332969845322
173,B,3,31.465029700172064,2024-01-08,94.3950891005162,0.16422765661854546
672,D,1,31.05843754087309,2024-08-18,31.05843754087309,-0.7953440531698907
164,A,3,30.796460078280838,2024-07-04,92.3893802348425,0.1338404883963677
465,D,3,19.04841021740939,2024-02-22,57.14523065222817,-0.40012030748153793
995,C,5,24.54846005023438,2024-05-16,122.7423002511719,0.593697500725375
497,B,2,31.704504941343966,2024-06-22,63.40900988268793,-0.30522193192959496
700,B,6,35.207155565020216,2024-12-13,211.2429333901213,1.9345120491315286
395,D,6,16.39080560856177,2024-08-06,98.34483365137062,0.22406762350283663
703,A,5,36.566377776632336,2024-09-19,182.8318888831617,1.5040751080699069
917,C,2,46.54743125506865,2024-09-11,93.0948625101373,0.14452878366395983
308,B,2,39.10674665047049,2024-10-26,78.21349330094098,-0.0809289970116494
768,B,4,8.790476127022478,2024-09-26,35.16190450808991,-0.7331751396446047
183,A,0,26.110679904050947,2024-03-15,0.0,-1.2658898948045423
629,A,3,24.58687259925835,2024-08-11,73.76061779777504,-0.14839156812695864
794,C,1,20.14264904082186,2024-04-01,20.14264904082186,-0.9607219438027645
510,D,3,27.109406295635143,2024-05-13,81.32821888690543,-0.03373985008885719
708,A,4,24.783519802994544,2024-06-11,99.13407921197818,0.23602496089573546
546,D,3,5.277671472531218,2024-07-16,15.833014417593656,-1.026014367101781
564,C,1,15.644987514143144,2024-07-07,15.644987514143144,-1.028863038333798
624,D,2,14.620196537705628,2024-03-13,29.24039307541125,-0.8228880422068199
764,B,2,20.716679355925983,2024-07-24,41.433358711851966,-0.6381604856492501
594,D,2,12.850553377593728,2024-01-31,25.701106755187453,-0.8765094279621092
744,C,1,8.05106496701804,2024-04-28,8.05106496701804,-1.1439135353700018
227,C,2,13.847578476575576,2024-10-09,27.69515695315115,-0.8462988925020501
745,C,1,43.43840538887592,2024-06-07,43.43840538887592,-0.6077833498092584
733,D,2,40.86677033890381,2024-09-11,81.73354067780762,-0.027599087760361286
436,B,1,24.894328884158515,2024-09-01,24.894328884158515,-0.8887323857923586
925,A,4,44.50167652904436,2024-04-15,178.00670611617744,1.4309719558864247
422,B,0,15.469952815435276,2024-07-16,0.0,-1.2658898948045423
554,D,5,31.289411353965427,2024-04-29,156.44705676982713,1.104335970619112
21,D,1,11.431619399588495,2024-03-22,11.431619399588495,-1.0926969914414078
554,A,4,42.503031029722536,2024-11-03,170.01212411889014,1.3098513325620798
397,D,3,10.876170087133364,2024-09-26,32.628510261400095,-0.7715569200040404
625,C,1,6.433707154029944,2024-07-05,6.433707154029944,-1.1684170536920462
105,C,4,17.30499035306879,2024-10-02,69.21996141227515,-0.2171840493223516
192,C,3,45.54207902061605,2024-02-21,136.62623706184814,0.8040438429450848
17,C,1,10.825568686689945,2024-12-22,10.825568686689945,-1.1018788648823636
120,C,2,19.880162091299283,2024-10-22,39.760324182598566,-0.6635075250685821
393,D,1,19.23867468554867,2024-03-08,19.23867468554867,-0.9744174612691014
425,A,3,41.0740823343601,2024-10-26,123.2222470030803,0.6009688564727255
129,A,3,23.968642990101102,2024-05-13,71.90592897030332,-0.1764907316519932
130,C,2,32.52051723266075,2024-12-08,65.0410344653215,-0.28049620708290435
572,D,4,23.1972352624794,2024-04-29,92.78894104991758,0.13989396999106493
560,B,4,29.815565681159104,2024-02-26,119.2622627246364,0.5409737542494347
29,B,1,7.809832580784428,2024-07-04,7.809832580784428,-1.147568287675569
97,D,2,21.83132471630607,2024-03-12,43.66264943261214,-0.6043859766428666
10,C,3,43.47976269829792,2024-06-06,130.43928809489375,0.710309471891326
242,A,3,36.09804034320088,2024-08-15,108.29412102960264,0.37480269499167734
826,D,3,49.1823069865979,2024-11-03,147.5469209597937,0.9694959005130885
956,B,2,40.45637918192645,2024-08-21,80.91275836385289,-0.040034217641264226
232,B,1,25.31793717012983,2024-01-11,25.31793717012983,-0.8823145768738169
789,B,2,35.432620596479424,2024-06-23,70.86524119295885,-0.19225750373848383
284,C,5,39.91611540597301,2024-09-17,199.58057702986503,1.7578234027127186
715,B,6,17.13576469646035,2024-05-10,102.8145881787621,0.29178591754850003
759,D,2,7.7008050777012915,2024-01-02,15.401610155402585,-1.032550287698892
802,D,4,23.263127059934675,2024-09-05,93.0525082397387,0.14388710213103323
776,B,4,11.510292294613189,2024-07-18,46.04116917845275,-0.5683505973943668
955,D,1,17.475850389312583,2024-06-30,17.475850389312583,-1.001124846050928
726,B,5,47.608047296336,2024-12-15,238.04023648168,2.340500261518657
200,B,4,43.11871669501333,2024-05-06,172.47486678005333,1.347162717486114
945,A,0,31.660872555544717,2024-10-23,0.0,-1.2658898948045423
79,C,3,23.056551793956757,2024-07-15,69.16965538187026,-0.2179462027109443
913,C,6,16.894866209353317,2024-10-12,101.3691972561199,0.26988775582382507
956,A,0,30.71562258734,2024-02-13,0.0,-1.2658898948045423
855,A,4,28.99221123528017,2024-01-10,115.96884494112066,0.4910773600486794
856,C,1,40.13513637716898,2024-08-12,40.13513637716898,-0.6578289934516273
173,B,3,46.760908494382576,2024-08-03,140.28272548314771,0.859440880203109
467,B,2,19.80217855985085,2024-07-29,39.6043571197017,-0.6658704788643586
581,C,0,14.283369984055737,2024-10-12,0.0,-1.2658898948045423
416,B,5,23.12598271755673,2024-08-04,115.62991358778363,0.4859424353216237
940,A,2,24.689358608594183,2024-11-26,49.37871721718837,-0.517785614889494
449,B,4,6.79416302679631,2024-02-18,27.17665210718524,-0.8541544164258019
87,B,2,43.77634394897852,2024-06-11,87.55268789795704,0.06056296233303752
101,D,4,49.80165524003729,2024-07-11,199.2066209601492,1.7521578416770982
8,D,3,46.544391172018514,2024-05-24,139.63317351605554,0.8495999480364923
845,D,4,43.72992407691097,2024-06-07,174.91969630764387,1.3842027123731524
200,B,1,49.66701365567935,2024-11-21,49.66701365567935,-0.5134178262616377
505,C,0,45.85137943886989,2024-06-28,0.0,-1.2658898948045423
43,B,3,12.504049194747545,2024-04-09,37.51214758424263,-0.6975681615131734
385,C,3,12.035755550159053,2024-04-20,36.10726665047716,-0.7188525831942444
621,B,4,7.195088595350872,2024-09-26,28.780354381403487,-0.8298577841383487
435,A,2,23.53238902344274,2024-02-20,47.06477804688548,-0.5528425765588849
408,B,2,41.39708346905016,2024-01-15,82.79416693810032,-0.011530240908279463
483,A,3,27.06331751595097,2024-05-07,81.18995254785291,-0.0358346319269194
664,B,1,21.48447675702121,2024-05-19,21.48447675702121,-0.9403927997105412
17,A,3,9.91561388894374,2024-08-29,29.746841666831216,-0.8152151746203298
645,B,5,7.328898909076468,2024-02-15,36.64449454538234,-0.7107133987415463
148,A,4,22.963061454062327,2024-08-21,91.85224581624932,0.12570272014143688
277,D,8,9.49664210826796,2024-03-12,75.97313686614368,-0.11487115533130039
232,B,4,9.659667773209224,2024-04-04,38.6386710928369,-0.680500949043933
826,B,3,22.79067912367908,2024-10-11,68.37203737103724,-0.230030385558728
927,C,1,27.627955542622225,2024-05-11,27.627955542622225,-0.8473170166183956
366,C,2,13.400729913853178,2024-10-07,26.80145982770636,-0.859838706457774
228,A,5,35.80860588171966,2024-02-01,179.04302940859827,1.4466726045489988
651,B,2,23.84114003072649,2024-12-21,47.68228006145298,-0.543487212021523
436,A,6,9.136514198242224,2024-02-06,54.81908518945333,-0.4353621986135554
399,D,3,33.66653560532218,2024-05-05,100.99960681596654,0.2642883355537868
211,C,5,21.062516841281248,2024-05-17,105.31258420640624,0.32963140290754206
391,A,2,7.35446646843198,2024-04-09,14.70893293686396,-1.0430445820222773
499,A,2,47.65917108502365,2024-08-29,95.3183421700473,0.17821525313149209
540,C,5,30.703863069755133,2024-09-01,153.51931534877568,1.0599796970865394
563,B,5,26.49741660637868,2024-01-27,132.4870830318934,0.7413342583396977
491,A,4,43.66118276842256,2024-07-27,174.64473107369025,1.3800368960064822
442,C,4,47.153319319117614,2024-04-08,188.61327727647048,1.5916650991557824
261,B,0,14.914484067479512,2024-05-16,0.0,-1.2658898948045423
773,D,3,41.45650257537622,2024-07-05,124.36950772612866,0.6183502447602316
350,C,4,42.39859670484193,2024-02-05,169.5943868193677,1.3035224710754938
352,A,4,7.448125760491955,2024-04-27,29.79250304196782,-0.8145233893312092
520,D,4,37.03748518302227,2024-06-06,148.14994073208908,0.9786318541779709
320,B,4,7.833554680980965,2024-10-01,31.33421872392386,-0.79116587489821
138,B,0,31.76029608754553,2024-06-17,0.0,-1.2658898948045423
550,C,6,35.11565497124033,2024-02-24,210.693929827442,1.926194459326137
623,C,4,21.51764097579364,2024-03-24,86.07056390317456,0.038108282131754254
992,C,1,44.63543734959461,2024-01-06,44.63543734959461,-0.589647910424109
368,B,2,41.023026813536255,2024-12-28,82.04605362707251,-0.02286441079729604
220,D,2,46.66818711296283,2024-12-09,93.33637422592568,0.14818776790683158
337,B,1,19.17002869839418,2024-09-12,19.17002869839418,-0.9754574712102952
223,A,3,5.96875100278149,2024-07-16,17.90625300834447,-0.9946041006867226
648,B,5,41.51575701488984,2024-05-31,207.57878507444923,1.8789989618809833
768,A,3,15.033981019839834,2024-11-13,45.1019430595195,-0.5825801910124323
360,D,5,26.022021825517506,2024-06-18,130.11010912758752,0.7053222991136968
921,C,0,41.779452733881385,2024-09-04,0.0,-1.2658898948045423
329,C,6,14.726083040388083,2024-09-05,88.3564982423285,0.07274096112995554
962,B,2,19.035894325384568,2024-05-29,38.071788650769136,-0.6890894099238355
463,C,4,24.758599385200508,2024-07-28,99.03439754080205,0.2345147498364253
946,D,3,17.232118257444846,2024-08-15,51.69635477233454,-0.4826726214378706
963,C,1,25.759464035127287,2024-08-31,25.759464035127287,-0.8756252954178155
561,B,2,5.431849002253701,2024-05-20,10.863698004507402,-1.1013011928111347
804,D,4,14.548458773809728,2024-04-29,58.19383509523891,-0.38423359523051165
382,A,4,42.4649011848339,2024-10-19,169.8596047393356,1.3075406123359368
836,B,4,23.606688133085036,2024-06-28,94.42675253234012,0.16470736832835114
590,A,7,33.63825954838728,2024-05-04,235.46781683871097,2.3015272331959853
617,D,6,15.452956743599408,2024-08-29,92.71774046159643,0.13881525697749605
169,B,1,34.24453990018997,2024-07-30,34.24453990018997,-0.7470735239706691
378,D,2,31.787943772856224,2024-01-16,63.57588754571245,-0.3026936788487838
119,C,4,33.27613531888589,2024-12-06,133.10454127554357,0.7506889597328461
190,B,6,10.018392100789889,2024-09-13,60.11035260473932,-0.35519770624451136
767,B,2,23.152166224969307,2024-10-12,46.30433244993861,-0.5643635847538989
370,A,1,43.732620431730034,2024-10-06,43.732620431730034,-0.6033258923219275
778,C,4,42.54223881462495,2024-02-15,170.1689552584998,1.3122273774125341
149,A,3,28.507959966259484,2024-09-14,85.52387989877846,0.029825834419494598
676,A,2,45.65543673819976,2024-05-22,91.31087347639952,0.11750074594498526
652,C,2,11.43216581925731,2024-10-11,22.86433163851462,-0.9194875311923959
859,C,6,34.61852320976863,2024-12-20,207.7111392586118,1.8810041725712727
488,D,3,16.199760942598793,2024-11-13,48.59928282779638,-0.529594309717519
770,C,4,34.05026322973565,2024-01-13,136.2010529189426,0.7976021592605818
374,B,3,8.93298600973381,2024-11-16,26.79895802920143,-0.859876609551951
781,C,4,47.462409279722245,2024-02-14,189.84963711888895,1.6103963692606766
693,D,5,40.384941781572174,2024-02-16,201.9247089078609,1.79333779412351
160,D,2,14.043270420315086,2024-01-16,28.08654084063017,-0.8403692941282204
351,D,3,33.67744558574168,2024-04-16,101.03233675722504,0.2647842052425264
912,C,2,39.1615538241862,2024-01-03,78.3231076483724,-0.07926830254498567
288,C,3,14.42506198232124,2024-04-13,43.27518594696373,-0.610256179601956
288,A,3,9.19986384712897,2024-04-04,27.59959154138691,-0.8477467408379682
892,A,3,20.83008947430649,2024-05-12,62.49026842291947,-0.31914117602751446
226,B,100,11.10894535378544,2024-12-13,22.21789070757088,-0.929281330108317
523,A,4,30.45702672969032,2024-09-27,121.82810691876128,0.5798471622964106
522,B,2,24.08517093080368,2024-07-19,48.17034186160736,-0.536092910546404
783,D,5,25.809095214540744,2024-09-10,129.0454760727037,0.6891927479673099
273,A,3,29.428856480354334,2024-07-01,88.286569441063,0.07168151612076355
936,C,1,49.19234656741707,2024-05-29,49.19234656741707,-0.5206091933176498
402,A,3,40.6686049880499,2024-02-06,122.00581496414968,0.5825394993359829
183,B,1,33.326217274228284,2024-11-21,33.326217274228284,-0.760986422594646
969,A,3,21.366752651570128,2024-05-18,64.10025795471039,-0.2947492896596776
665,D,2,6.21812089116343,2024-04-09,12.43624178232686,-1.077476622290882
488,C,2,10.243742482343828,2024-08-23,20.487484964687656,-0.9554975628335752
827,B,4,37.88902627427227,2024-03-24,151.55610509708907,1.0302363972515123
846,C,0,21.614176770886527,2024-12-12,0.0,-1.2658898948045423
124,C,1,20.049684612919016,2024-02-02,20.049684612919016,-0.962130386352782
626,C,3,26.8029000731197,2024-01-30,80.4087002193591,-0.047670869147686416
790,C,2,45.48096758358994,2024-02-03,90.96193516717987,0.11221421244907921
414,A,3,44.89873296809898,2024-05-12,134.69619890429695,0.7748031115645457
980,C,2,8.608158127154951,2024-07-26,17.216316254309902,-1.0050568760452587
725,C,4,47.5413340295091,2024-05-19,190.1653361180364,1.6151793159579007
172,C,0,8.462969762340084,2024-03-16,0.0,-1.2658898948045423
288,C,1,48.35777518612457,2024-03-15,48.35777518612457,-0.5332532322361456
435,B,5,25.367671291972563,2024-11-03,126.8383564598628,0.6557541387505444
686,D,2,39.23873040895593,2024-11-02,78.47746081791186,-0.07692979977985653
113,A,6,36.7764965235434,2024-02-27,220.6589791412604,2.0771683294743286
888,C,4,28.332273844603783,2024-04-07,113.32909537841512,0.45108426065166873
917,C,3,32.875466847603946,2024-05-04,98.62640054281184,0.228333457215022
995,B,4,47.74631816746376,2024-12-14,190.98527266985505,1.627601632256162
122,D,1,46.73081707984581,2024-05-13,46.73081707984581,-0.5579021982511224
544,C,6,34.44467226165891,2024-08-13,206.66803356995345,1.8652007683099443
222,B,5,34.59734055205364,2024-07-18,172.9867027602682,1.3549172058364103
631,A,5,16.11224120263271,2024-02-06,80.56120601316354,-0.04536035475025636
39,A,4,42.28805726231557,2024-05-17,169.15222904926227,1.296823631193553
497,C,2,33.46714998509346,2024-07-26,66.93429997018691,-0.2518125938376353
233,D,4,34.60335846295895,2024-02-25,138.4134338518358,0.8311204792570301
943,D,2,18.469401171422675,2024-12-04,36.93880234284535,-0.7062545359904943
530,C,6,13.526663122886596,2024-11-22,81.15997873731958,-0.03628874530225725
149,B,2,8.463462990041995,2024-11-17,16.92692598008399,-1.0094412366547487
397,D,4,31.36977195170571,2024-10-27,125.47908780682285,0.6351607585616484
661,C,5,17.782311087893078,2024-03-27,88.91155543946539,0.0811502655464586
638,D,1,33.37292815658664,2024-04-04,33.37292815658664,-0.7602787369158708
904,C,2,7.6395400197697185,2024-07-14,15.279080039539435,-1.0344066604291215
302,A,0,21.90483792525322,2024-07-10,0.0,-1.2658898948045423
360,C,4,16.724894691639903,2024-05-23,66.89957876655961,-0.2523386318252796
238,A,0,21.665033510050087,2024-01-10,0.0,-1.2658898948045423
647,D,2,7.442754339046418,2024-08-28,14.885508678092837,-1.0403693997739927
663,C,1,37.58816384750509,2024-05-28,37.58816384750509,-0.6964164893941982
236,D,4,10.251379991433796,2024-05-19,41.00551996573519,-0.644642387470953
736,A,0,5.648118185666896,2024-01-13,0.0,-1.2658898948045423
203,C,3,47.58300956252001,2024-09-10,142.74902868756004,0.8968062085625669
256,D,1,13.679437206427243,2024-03-21,13.679437206427243,-1.0586417908097485
598,A,1,42.262758430045736,2024-07-28,42.262758430045736,-0.6255947991772428
662,D,2,48.40117698907059,2024-08-07,96.80235397814118,0.2006985343434441
235,B,1,29.035453980594287,2024-02-28,29.035453980594287,-0.8259929388626026
345,A,1,28.67531720213959,2024-05-07,28.67531720213959,-0.8314491329579605
534,A,3,21.533776024253434,2024-10-31,64.60132807276031,-0.28715790776528927
860,A,3,24.15176891489277,2024-09-18,72.45530674467831,-0.1681674724127461
797,C,7,26.693392862900307,2024-09-24,186.85375004030212,1.5650076659499952
781,C,2,11.844248167428317,2024-01-29,23.68849633485663,-0.9070011570734319
466,C,5,21.41315257731616,2024-11-28,107.0657628865808,0.3561926533411166
770,B,3,41.72487991742504,2024-10-08,125.17463975227513,0.6305482674834136
541,B,1,13.20791538116626,2024-03-08,13.20791538116626,-1.0657855060666588
213,A,1,37.84339611293519,2024-07-25,37.84339611293519,-0.6925496341800209
463,B,1,34.32139701206858,2024-09-28,34.32139701206858,-0.7459091127105426
436,D,3,7.5783998877196606,2024-11-04,22.73519966315898,-0.9214439243285831
283,A,4,6.009299079695619,2024-06-23,24.03719631878248,-0.901718234286397
562,A,5,20.863780816025702,2024-08-05,104.31890408012852,0.31457681264621123
607,D,1,36.14766247093285,2024-06-08,36.14766247093285,-0.7182405728408636
463,A,5,19.868806731229768,2024-11-21,99.34403365614884,0.23920584179185933
407,B,4,35.04799852702222,2024-08-31,140.1919941080889,0.8580662691595388
88,C,3,34.94561643625917,2024-09-09,104.83684930877752,0.32242385817818825
44,D,4,41.29495801809209,2024-07-07,165.17983207236836,1.2366404723872022
461,B,3,9.476852661673014,2024-09-17,28.430557985019043,-0.8351573179452529
278,D,3,30.970800103435867,2024-05-09,92.9124003103076,0.1417644195753804
683,D,6,7.812370380799152,2024-01-03,46.87422228479491,-0.5557295608552855
421,A,2,12.917621312300202,2024-12-16,25.835242624600404,-0.8744772241371984
701,A,4,19.64754062852641,2024-02-12,78.59016251410566,-0.07522233093441404
353,B,6,36.83251581932596,2024-05-12,220.99509491595575,2.082260597231925
515,A,1,20.413436647365977,2024-09-22,20.413436647365977,-0.9566194199054225
703,A,4,28.451501843120788,2024-01-24,113.80600737248317,0.45830963879051057
630,D,4,16.65750179400959,2024-01-22,66.63000717603836,-0.25642273266826904
19,B,1,35.39703292743266,2024-12-10,35.39703292743266,-0.7296128645035498
23,B,2,21.49636405777009,2024-01-03,42.99272811554018,-0.6145355113564457
413,D,1,26.67182780472249,2024-06-06,26.67182780472249,-0.8618026754847887
30,B,1,30.551579413278294,2024-01-04,30.551579413278294,-0.8030231253680522
807,A,0,35.880904845827445,2024-04-16,0.0,-1.2658898948045423
108,D,2,7.702324758038896,2024-10-22,15.404649516077791,-1.032504240355877
367,A,3,29.97054922039672,2024-09-28,89.91164766119014,0.09630200122422558
281,C,1,24.40238440164962,2024-08-19,24.40238440164962,-0.8961855112193874
128,C,5,11.01942889158502,2024-12-26,55.097144457925104,-0.43114950657664336
229,B,4,14.361650074911276,2024-08-25,57.44660029964511,-0.39555445531333655
111,C,2,44.775054099506185,2024-03-12,89.55010819901237,0.09082455599567214
136,A,4,44.229920409510655,2024-03-28,176.91968163804262,1.41450316709857
362,C,4,6.499861449065369,2024-01-16,25.99944579626148,-0.871989490505825
186,A,5,36.023067105631355,2024-03-31,180.11533552815678,1.462918405222443
656,B,4,29.938429091180936,2024-01-20,119.75371636472374,0.5484194432476331
584,B,3,47.29171294162619,2024-07-30,141.87513882487855,0.8835664813422164
129,A,2,45.86025699600871,2024-03-24,91.72051399201742,0.12370693841475804
876,C,3,31.08028607835629,2024-12-04,93.24085823506888,0.1467406683143897
261,B,2,11.252971459332665,2024-05-05,22.50594291866533,-0.9249172416081862
515,D,3,25.691676065118507,2024-02-20,77.07502819535551,-0.09817712871738676
449,B,2,37.63239651180526,2024-01-18,75.26479302361052,-0.1256028043111581
900,C,3,47.82814857904421,2024-12-02,143.48444573713263,0.9079480257930121
104,D,2,21.372323258866217,2024-12-18,42.744646517732434,-0.6182940315357334
483,C,3,40.31021641790984,2024-04-26,120.93064925372953,0.5662503748930491
224,A,4,35.750333897677564,2024-05-03,143.00133559071026,0.9006287435480056
832,D,2,8.523174971401795,2024-01-28,17.04634994280359,-1.0076319231960378
874,C,3,30.10895826288296,2024-12-10,90.32687478864888,0.10259283275438492
866,D,0,13.257897509272365,2024-05-20,0.0,-1.2658898948045423
491,C,2,35.75971814799941,2024-01-06,71.51943629599882,-0.18234622649061505
473,D,4,32.45381811232876,2024-06-05,129.81527244931505,0.7008554236393619
405,A,3,47.09221993061643,2024-04-28,141.27665979184928,0.8744993214141986
896,D,4,5.421777511949654,2024-05-16,21.687110047798612,-0.9373228367664436
302,D,2,8.601324357726483,2024-01-29,17.202648715452966,-1.0052639438852313
231,D,4,39.611044014330254,2024-06-14,158.44417605732102,1.1345930038244014
731,D,2,35.853938283923455,2024-03-05,71.70787656784691,-0.17949129258745478
923,A,2,41.042551933260114,2024-02-25,82.08510386652023,-0.02227278645164827
66,D,2,17.006671520074562,2024-10-12,34.013343040149124,-0.7505762346575168
937,B,2,43.21952459431144,2024-04-05,86.43904918862289,0.04369095893393041
112,A,3,24.90887623946612,2024-08-02,74.72662871839836,-0.13375617569697015
13,B,2,16.785881810349878,2024-08-18,33.571763620699755,-0.7572663123312536
393,D,3,5.477348641320156,2024-02-27,16.43204592396047,-1.016938837015694
500,C,0,44.21138156688172,2024-07-02,0.0,-1.2658898948045423
932,B,6,29.09047321580776,2024-10-08,174.54283929484654,1.3784932010679145
234,B,0,37.16066253052668,2024-07-27,0.0,-1.2658898948045423
602,D,4,8.618771457040037,2024-06-11,34.47508582816015,-0.7435806751250243
314,D,3,31.46860338809641,2024-03-29,94.40581016428922,0.16439008436365193
566,D,5,5.7706042920506375,2024-09-27,28.85302146025319,-0.8287568532968834
12,C,1,30.100183439581947,2024-04-06,30.100183439581947,-0.8098619271614108
209,B,1,20.759074839458638,2024-03-15,20.759074839458638,-0.9513828843010386
974,A,4,33.948312562344455,2024-03-28,135.79325024937782,0.7914238107806015
14,A,6,29.370839281082183,2024-01-06,176.2250356864931,1.403979045803678
633,A,2,16.760764553651978,2024-06-04,33.521529107303955,-0.7580273822129509
418,A,3,12.30577740976208,2024-03-03,36.91733222928624,-0.7065798154782782
437,D,1,23.21201688537873,2024-01-29,23.21201688537873,-0.9142199820153221
377,B,4,49.40763416823221,2024-10-30,197.63053667292883,1.728279631241004
20,B,3,24.606438824717223,2024-07-09,73.81931647415166,-0.14750226331108923
587,C,4,38.69542120200312,2024-07-22,154.78168480801247,1.0791050216901594
912,B,1,7.563808652241683,2024-10-04,7.563808652241683,-1.151295633468997
755,B,4,22.04895939878316,2024-01-27,88.19583759513264,0.07030689794333021
735,B,3,31.11453667395517,2024-03-25,93.34361002186552,0.14829739266454597
70,C,4,38.803843099781695,2024-11-30,155.21537239912678,1.0856755354933356
824,A,2,28.7772645792677,2024-07-28,57.5545291585354,-0.3939192965685876
211,B,2,28.18829956103516,2024-05-17,56.37659912207032,-0.41176533533553383
101,C,1,39.37581106687261,2024-10-04,39.37581106687261,-0.6693330289246834
698,C,1,19.097947279350517,2024-06-20,19.097947279350517,-0.9765495291074603
132,D,2,9.077473439212664,2024-12-05,18.154946878425328,-0.9908363043752506
623,C,2,20.621771195783257,2024-12-04,41.243542391566514,-0.6410362671520113
381,A,2,12.15483059522456,2024-06-04,24.30966119044912,-0.8975902992547157
20,C,2,30.988019636451124,2024-11-01,61.97603927290225,-0.3269319217103742
906,A,4,25.09701940974284,2024-06-27,100.38807763897135,0.25502346152737565
536,C,4,46.042334517045525,2024-09-03,184.1693380681821,1.5243379159326915
227,C,1,45.51626243151965,2024-06-10,45.51626243151965,-0.5763031122847343
154,C,3,23.706377558339437,2024-06-11,71.1191326750183,-0.18841096184621003
805,C,2,44.36273130124146,2024-08-05,88.72546260248292,0.07833089607608974
742,C,6,7.8811669914355535,2024-11-12,47.28700194861332,-0.5494758092277127
469,A,2,44.85736153996461,2024-10-12,89.71472307992921,0.09331852716162883
822,B,3,18.976258784994428,2024-03-16,56.928776354983285,-0.40339966335185484
871,B,2,30.43050279532796,2024-07-22,60.86100559065592,-0.34382505942128155
405,B,3,17.135986247257595,2024-08-03,51.40795874177279,-0.4870419189193097
202,B,3,49.31598007262028,2024-08-10,147.94794021786083,0.9755714780127799
38,A,1,8.23009925013261,2024-07-11,8.23009925013261,-1.141201105379963
942,D,5,25.112987905129295,2024-10-19,125.5649395256465,0.6364614411615536
772,D,5,32.94446696751026,2024-07-10,164.7223348375513,1.2297092344226646
188,A,1,32.70255135517807,2024-09-25,32.70255135517807,-0.7704351723713252
57,A,0,38.24412753941797,2024-10-27,0.0,-1.2658898948045423
941,C,3,37.59868968449194,2024-09-16,112.7960690534758,0.44300873140613206
20,C,4,40.69142173401366,2024-07-10,162.76568693605464,1.200065356414288
273,C,5,15.542933427036123,2024-09-27,77.71466713518062,-0.08848638226930129
119,B,2,21.67279220308525,2024-04-13,43.34558440617051,-0.6091896191159805
583,C,3,22.19149021911227,2024-07-22,66.57447065733682,-0.2572641297250104
516,D,1,48.01278474095639,2024-07-02,48.01278474095639,-0.5384799542553695
221,B,5,23.41903356883437,2024-08-04,117.09516784417184,0.5081415332760394
526,C,1,14.984114481710462,2024-03-31,14.984114481710462,-1.0388754884723614
515,B,1,33.45549918762878,2024-07-16,33.45549918762878,-0.7590277578463269
728,D,4,24.227011167135277,2024-02-08,96.9080446685411,0.20229978407797197
741,C,4,16.25360284020867,2024-07-15,65.01441136083469,-0.28089955612746564
336,D,1,37.18109635061905,2024-03-19,37.18109635061905,-0.702583699759249
698,D,3,13.63663789914778,2024-08-04,40.90991369744334,-0.6460908547970937
55,D,3,33.50093182967068,2024-11-11,100.50279548901204,0.2567614757860413
900,A,2,19.362522394880248,2024-06-20,38.725044789760496,-0.6791923582991306
888,C,2,47.56920203692855,2024-02-12,95.1384040738571,0.17548913006742844
766,D,2,19.598337851665093,2024-05-11,39.196675703330186,-0.6720469903174182
536,C,3,20.63783183674857,2024-03-17,61.91349551024571,-0.3278794808848977
162,D,2,44.1787263859927,2024-08-19,88.3574527719854,0.07275542257735378
670,A,1,10.806951329397195,2024-02-08,10.806951329397195,-1.10216092414709
594,B,5,9.863093734072748,2024-02-23,49.31546867036374,-0.5187438517827245
915,A,2,17.72185028380261,2024-05-30,35.44370056760522,-0.7289058339585264
159,A,5,31.62361654735069,2024-07-06,158.11808273675345,1.1296525796393158
188,B,1,22.29350720495621,2024-11-05,22.29350720495621,-0.9281357145776961
60,C,4,32.38495163760538,2024-07-04,129.53980655042153,0.6966820220293836
915,B,7,12.18877839699956,2024-11-13,85.32144877899691,0.026758934434416435
817,C,3,16.765288194530616,2024-05-14,50.29586458359185,-0.5038905218456344
319,C,3,30.432305021561223,2024-06-21,91.29691506468367,0.11728927128274338
878,D,1,14.771714101642957,2024-09-25,14.771714101642957,-1.042093426125241
211,D,4,24.026208372070023,2024-04-24,96.1048334882801,0.19013086282013683
406,B,7,30.769154464626038,2024-08-08,215.38408125238223,1.9972518409712419
664,A,2,48.81429060264115,2024-02-08,97.6285812052823,0.21321615650215534
109,B,10,8.594899604491694,2024-12-05,85.94899604491694,0.036266487929960484
76,C,2,25.71862903569072,2024-08-29,51.43725807138144,-0.48659802415828407
542,D,5,22.832193233395888,2024-08-08,114.16096616697943,0.463687384676216
314,B,0,42.09085622530301,2024-05-25,0.0,-1.2658898948045423
117,D,4,45.81559258391143,2024-12-26,183.2623703356457,1.5105970477875963
927,D,3,21.88126908687172,2024-11-23,65.64380726061515,-0.2713639952031967
868,D,2,18.70948161029669,2024-09-15,37.41896322059338,-0.6989799361641944
704,C,2,25.21117627047881,2024-07-08,50.42235254095762,-0.5019741864769606
19,D,3,20.479383768731136,2024-11-24,61.43815130619341,-0.33508110647432376
432,A,4,37.34829412556871,2024-09-20,149.39317650227483,0.9974672969159546
685,B,3,14.610697188331214,2024-08-09,43.83209156499364,-0.6018188709832565
740,D,1,34.64078378332466,2024-11-27,34.64078378332466,-0.7410702950176085
350,D,2,46.714438989702536,2024-06-22,93.42887797940509,0.14958923108340152
183,C,6,17.596110636324944,2024-04-01,105.57666381794968,0.33363229841005176
113,C,5,35.46007774649709,2024-04-15,177.30038873248546,1.4202710084439416
183,B,2,11.460250470082023,2024-09-01,22.920500940164047,-0.918636547259805
481,A,3,10.46227739437666,2024-10-31,31.38683218312998,-0.7903687631822431
146,B,2,10.20400151291897,2024-02-12,20.40800302583794,-0.9567017411107849
831,D,2,11.2337676430407,2024-09-14,22.4675352860814,-0.9254991302423332
628,A,3,14.727419163924887,2024-11-16,44.18225749177466,-0.5965137386657625
113,A,3,30.327372302080743,2024-03-26,90.98211690624224,0.11251997262713886
763,A,4,39.51435418769918,2024-04-06,158.05741675079673,1.1287334694173985
476,A,5,10.70856606699121,2024-09-22,53.54283033495605,-0.4546978916554035
763,B,1,44.15067232658261,2024-03-03,44.15067232658261,-0.5969922646096033
303,C,2,42.92223279936017,2024-04-12,85.84446559872033,0.03468281628784076
971,C,2,37.73246119263012,2024-09-10,75.46492238526024,-0.12257077674089345
825,D,0,24.168460975766287,2024-11-12,0.0,-1.2658898948045423
118,C,3,5.070075567148662,2024-01-01,15.210226701445986,-1.035449811807226
813,C,5,38.06442235851336,2024-06-02,190.3221117925668,1.61755452049363
401,C,1,20.087886927733788,2024-02-04,20.087886927733788,-0.9615516083523352
198,D,3,37.309440254950346,2024-01-27,111.92832076485104,0.42986205111158654
260,B,3,7.792142646257677,2024-12-15,23.37642793877303,-0.9117290989053249
660,A,4,36.92726921622392,2024-11-01,147.70907686489568,0.9719526173631176
752,C,4,8.073883438200188,2024-08-11,32.29553375280075,-0.7766016268176802
47,B,3,31.42338511499069,2024-07-05,94.27015534497208,0.16233486793354732
987,C,3,31.889897865288216,2024-06-07,95.66969359586464,0.1835383461606628
399,C,3,18.59704494907188,2024-03-09,55.79113484721564,-0.4206353172718747
710,A,0,8.56052271845292,2024-06-13,0.0,-1.2658898948045423
78,A,3,29.10098318074759,2024-04-11,87.30294954224277,0.05677934171067435
124,C,1,31.08911563057382,2024-07-11,31.08911563057382,-0.7948792697267771
75,C,4,32.67594000637132,2024-09-15,130.70376002548528,0.7143163111602093
871,C,4,45.09715671167698,2024-10-24,180.38862684670792,1.4670588612041666
137,A,3,7.711504004604091,2024-10-25,23.134512013812277,-0.9153942070539779
602,D,5,45.197949553363976,2024-01-21,225.98974776681987,2.157931278549679
400,B,4,15.785442887507337,2024-02-14,63.14177155002934,-0.30927068312618666
837,D,4,8.507761231835635,2024-10-02,34.03104492734254,-0.7503080450746704
505,C,2,34.57696334590992,2024-06-19,69.15392669181983,-0.21818449768917195
500,C,0,48.963903991550765,2024-06-26,0.0,-1.2658898948045423
573,D,3,7.575892983796815,2024-08-10,22.727678951390445,-0.9215578656575427
138,C,3,24.17548181168147,2024-10-25,72.52644543504441,-0.16708969717414787
50,B,2,28.84030364047036,2024-01-24,57.68060728094071,-0.39200917033828864
771,C,3,16.345353384657052,2024-12-03,49.03606015397116,-0.5229769853823404
973,B,4,49.22924671188356,2024-03-24,196.91698684753425,1.7174691098586359
619,D,3,33.84334465717224,2024-02-29,101.53003397151672,0.2723244865032918
625,D,4,42.99578027810201,2024-10-14,171.98312111240804,1.339712604171565
862,C,3,23.709995688727112,2024-05-01,71.12998706618134,-0.18824651414601518
254,B,1,20.9280149215168,2024-01-05,20.9280149215168,-0.9488233848737646
630,C,1,29.89210526964915,2024-06-02,29.89210526964915,-0.8130143818677358
710,A,5,24.587529918198783,2024-10-07,122.93764959099391,0.5966571093469727
849,A,1,37.17266248115576,2024-12-07,37.17266248115576,-0.7027114757363765
877,A,3,16.96181405953076,2024-03-26,50.88544217859228,-0.49495822171677833
563,A,5,25.231596399157983,2024-03-15,126.15798199578992,0.6454462353216428
757,C,2,45.28097362823269,2024-09-23,90.56194725646536,0.10615426021087797
915,A,4,39.02485551544982,2024-07-09,156.0994220617993,1.0990691871225144
426,B,3,12.563157425805247,2024-09-08,37.68947227741575,-0.6948816323894225
547,D,3,44.90891732262189,2024-03-08,134.72675196786565,0.7752660008194393
302,D,4,31.505746570033462,2024-12-18,126.02298628013384,0.6434010045351014
922,A,5,35.567923247261746,2024-05-25,177.83961623630873,1.4284404876485912
581,A,3,18.241545463216973,2024-12-29,54.72463638965092,-0.4367931299002926
349,A,3,24.869491863604587,2024-05-01,74.60847559081375,-0.13554623557322437
832,C,2,41.306561550781296,2024-02-11,82.61312310156259,-0.014273116312887323
933,D,3,19.880429844343197,2024-11-11,59.64128953302958,-0.36230417055286335
980,A,3,12.427772697958698,2024-05-29,37.28331809387609,-0.7010350057481305
49,B,1,22.023721084256625,2024-03-02,22.023721084256625,-0.9322230656255032
917,A,5,8.114840033422464,2024-09-11,40.57420016711232,-0.6511770284164157
74,D,6,37.30354063182195,2024-05-10,223.8212437909317,2.125077709303655
704,A,1,11.6485658948389,2024-11-22,11.6485658948389,-1.0894101786047046
261,D,2,17.830665817738012,2024-01-20,35.661331635476024,-0.7256086496149048
582,B,4,29.322394608054697,2024-11-22,117.2895784322188,0.5110869194904895
602,A,2,19.46022982684141,2024-08-08,38.92045965368281,-0.6762317569652343
260,B,6,29.64501005066986,2024-05-10,177.87006030401915,1.428901725579338
638,B,4,14.822494683435025,2024-06-19,59.28997873374009,-0.3676266480763855
743,A,4,6.132790836752457,2024-05-24,24.531163347009823,-0.8942344666071272
295,B,2,32.167961553371136,2024-12-05,64.33592310674227,-0.291178882836705
931,C,3,37.135666975312816,2024-12-19,111.40700092593843,0.4219638790918528
641,A,4,44.59017944506908,2024-06-29,178.3607177802763,1.4363353524260176
792,A,5,39.73475124791256,2024-06-09,198.6737562395628,1.7440847607922094
313,B,4,46.700496522298174,2024-02-29,186.8019860891927,1.564223424569241
612,B,3,49.36790639942916,2024-08-02,148.10371919828748,0.977931582295469
838,A,3,38.52209514856092,2024-03-08,115.56628544568277,0.48497844743146984
809,C,1,44.05654853736503,2024-12-26,44.05654853736503,-0.5984182718759682
182,B,5,35.31791764526831,2024-07-10,176.58958822634156,1.4095021401788312
686,B,1,12.692200604372111,2024-08-12,12.692200604372111,-1.073598759498055
828,D,2,13.176609184502825,2024-07-15,26.35321836900565,-0.8666297162811852
364,C,0,9.961675534186842,2024-06-09,0.0,-1.2658898948045423
188,C,5,47.43386239970856,2024-09-05,237.1693119985428,2.327305460802146
569,A,1,35.27382640277211,2024-04-20,35.27382640277211,-0.7314794850560159
543,C,5,40.54593877094861,2024-02-28,202.72969385474303,1.805533588546053
596,A,4,19.90208015709639,2024-02-02,79.60832062838556,-0.05979689086935927
664,D,2,25.718976953454103,2024-02-10,51.437953906908206,-0.48658748201452207
985,C,1,6.790078932651176,2024-06-09,6.790078932651176,-1.1630179006185706
548,B,3,45.00533301957938,2024-01-29,135.01599905873817,0.7796481921526598
725,D,4,43.385154323522364,2024-09-11,173.54061729408946,1.3633091985169044
926,A,4,40.31651006889324,2024-07-03,161.26604027557295,1.17734520189646
408,D,2,7.623593045653617,2024-12-26,15.247186091307237,-1.0348898645405396
876,A,3,12.841238100984516,2024-08-11,38.52371430295355,-0.6822425833220931
618,D,5,20.037679598950763,2024-12-22,100.1883979947538,0.2519982473284319
414,A,5,16.837820390375228,2024-08-08,84.18910195187614,0.009603496718379546
342,C,1,42.73069273389809,2024-11-15,42.73069273389809,-0.618505436084004
220,B,2,13.767609119027895,2024-03-26,27.535218238055798,-0.8487220181729881
903,A,5,28.94560094025385,2024-03-06,144.72800470126927,0.9267883650287488
163,D,3,30.71214940186905,2024-04-23,92.13644820560717,0.13000848253914205
951,A,1,24.125533122314177,2024-09-21,24.125533122314177,-0.9003799018119949
220,A,3,15.830956927870664,2024-10-11,47.49287078361199,-0.5463568266934719
270,A,4,48.21324308965092,2024-04-06,192.8529723586037,1.6558979147335546
632,D,3,23.60296590210601,2024-11-25,70.80889770631804,-0.19311112663265362
906,B,2,37.72894979914992,2024-05-03,75.45789959829983,-0.12267717434046864
848,C,2,13.2820919445303,2024-06-04,26.5641838890606,-0.8634335172431779
400,B,2,42.02650258413027,2024-04-19,84.05300516826054,0.007541584379553922
182,A,2,14.715132045515004,2024-02-22,29.430264091030008,-0.8200114320512452
991,D,4,35.38879806078618,2024-06-22,141.55519224314472,0.8787191823310555
618,B,3,27.79232006626348,2024-06-15,83.37696019879044,-0.002700725740636278
729,A,4,11.595071344164191,2024-03-16,46.380285376656765,-0.5632128722050086
205,C,1,6.122713827023477,2024-11-09,6.122713827023477,-1.1731287078635235
582,C,4,46.88367194218126,2024-08-01,187.53468776872504,1.575324103024458
556,C,1,10.656073110404291,2024-06-30,10.656073110404291,-1.1044467802352118
841,A,4,36.72281429091117,2024-02-14,146.89125716364467,0.9595623720674832
813,D,1,34.370823152614285,2024-05-30,34.370823152614285,-0.7451602899511482
228,B,2,20.377401910183693,2024-04-26,40.754803820367385,-0.6484408219375367
696,C,7,13.342230479962785,2024-05-01,93.39561335973949,0.14908526083581233
619,A,2,13.024771225493666,2024-06-18,26.04954245098733,-0.871230509229641
596,A,4,31.33975338726076,2024-06-14,125.35901354904304,0.6333415929126585
850,B,3,29.611458258082045,2024-11-25,88.83437477424613,0.07998095234370249
250,C,2,44.41707591576044,2024-05-28,88.83415183152088,0.07997757468595174
875,A,2,33.80013852853713,2024-03-14,67.60027705707427,-0.24172281554642536
441,B,2,41.86737392362361,2024-05-28,83.73474784724722,0.0027198782401023115
533,D,3,6.458587810367395,2024-01-25,19.375763431102182,-0.9723405203711498
196,D,3,35.19469161628678,2024-03-01,105.58407484886035,0.33374457803688923
690,D,1,15.516888729332944,2024-12-19,15.516888729332944,-1.0308037782834998
929,C,4,16.377753198456958,2024-02-23,65.51101279382783,-0.2733758763242811
987,B,4,37.425943809020346,2024-08-10,149.70377523608138,1.0021729728668884
519,B,4,40.70448314712234,2024-08-06,162.81793258848936,1.2008568957331702
70,A,3,21.72809638123487,2024-11-11,65.1842891437046,-0.2783258502154938
639,A,1,40.55345675907378,2024-06-18,40.55345675907378,-0.6514912980695823
399,A,7,24.968510390856004,2024-07-07,174.77957273599202,1.3820797928325603
978,B,2,43.594040676667134,2024-02-01,87.18808135333427,0.055039049767273515
672,A,3,6.1206697480366685,2024-02-22,18.36200924411001,-0.9876992394471216
760,B,2,8.757278186668279,2024-05-18,17.514556373336557,-1.000538437291476
203,B,3,39.93583132704567,2024-02-16,119.807493981137,0.5492341923393407
148,D,2,33.084033252364954,2024-03-30,66.16806650472991,-0.2634212901996986
472,A,5,30.155911413598325,2024-11-11,150.77955706799162,1.0184714317589463
655,D,1,32.6290463302358,2024-02-05,32.6290463302358,-0.7715487983797269
944,C,3,46.85857823399678,2024-08-12,140.57573470199034,0.8638800690485097
199,C,2,34.499166414712974,2024-02-11,68.99833282942595,-0.22054179737100452
917,C,3,34.13642524969262,2024-08-15,102.40927574907786,0.2856452970456249
426,B,1,39.17618958678025,2024-09-25,39.17618958678025,-0.6723573619174426
666,B,2,43.9979317537922,2024-07-04,87.9958635075844,0.0672772228282612
492,B,2,16.786061520725973,2024-12-22,33.572123041451945,-0.7572608669851986
888,A,3,32.75369866549868,2024-08-22,98.26109599649604,0.2227989696873439
896,D,3,31.278873359861382,2024-05-01,93.83662007958416,0.15576666191668648
142,B,2,11.068226667425414,2024-11-16,22.136453334850827,-0.9305151338705522
313,D,3,28.41426382598204,2024-04-26,85.24279147794613,0.025567249698990106
165,D,2,8.129773163320941,2024-12-22,16.259546326641882,-1.0195522643040145
314,D,1,13.323181433105283,2024-02-08,13.323181433105283,-1.064039186363674
21,A,4,46.08333868631812,2024-06-10,184.3333547452725,1.526822824108193
82,A,3,10.365943169405456,2024-04-18,31.09782950821637,-0.7947472515309544
581,C,1,31.05123349310575,2024-01-14,31.05123349310575,-0.7954531969320452
131,C,6,19.556631319688314,2024-06-14,117.33978791812989,0.5118476101973217
599,D,0,29.989098082697563,2024-12-27,0.0,-1.2658898948045423
730,C,3,15.57380941035814,2024-11-26,46.72142823107442,-0.5580444424880161
933,D,3,24.997075460494703,2024-11-30,74.99122638148413,-0.12974743153824023
984,A,4,44.030004491671725,2024-04-21,176.1200179666869,1.402387991801437
305,A,3,21.929764001871035,2024-08-21,65.7892920056131,-0.2691598520717215
915,A,5,20.886392210042104,2024-07-20,104.43196105021052,0.31628966401131575
371,B,6,25.075313567134938,2024-11-18,150.45188140280962,1.013507034517348
857,D,3,9.522177990994187,2024-05-18,28.56653397298256,-0.8330972357014443
853,A,5,22.430616106462477,2024-09-23,112.15308053231236,0.4332672376669796
384,D,2,5.310511278267451,2024-09-28,10.621022556534902,-1.1049778079905046
908,C,5,27.652871531702832,2024-06-14,138.26435765851417,0.8288619244677912
445,C,3,43.15734856181432,2024-06-17,129.47204568544296,0.6956554219887577
425,A,2,29.843289677643437,2024-09-13,59.68657935528687,-0.3616180144156303
161,D,3,32.34763301927087,2024-05-03,97.04289905781262,0.20434287372194998
178,A,1,6.375351706689488,2024-02-07,6.375351706689488,-1.1693011584718391
629,C,0,43.67817410522338,2024-09-05,0.0,-1.2658898948045423
708,A,1,22.32515987601164,2024-08-24,22.32515987601164,-0.9276561658971754
490,C,1,10.4209416288617,2024-02-29,10.4209416288617,-1.1080091017696307
327,B,5,47.51023481533569,2024-01-19,237.55117407667848,2.3330908005414117
598,C,2,33.54309078513454,2024-05-03,67.08618157026908,-0.24951153618637945
289,B,0,7.355313513076735,2024-08-13,0.0,-1.2658898948045423
664,A,1,5.624288066536885,2024-11-19,5.624288066536885,-1.1806800268457456
573,D,1,37.8815075910946,2024-01-17,37.8815075910946,-0.6919722323856499
573,B,3,45.028847677464256,2024-09-04,135.08654303239277,0.7807169572317747
354,A,8,12.91151994035708,2024-03-20,103.29215952285664,0.29902128506342496
28,B,0,20.45107358140138,2024-03-25,0.0,-1.2658898948045423
954,A,7,30.255320324248707,2024-12-13,211.78724226974091,1.9427585128994749
43,C,5,35.59141786302334,2024-01-29,177.9570893151167,1.4302202445556913
681,A,2,44.23441405075674,2024-05-13,88.46882810151348,0.07444279651885236
423,D,2,39.24817118952377,2024-07-12,78.49634237904753,-0.07664373773748018
598,C,1,21.3499014718522,2024-04-28,21.3499014718522,-0.942431660832893
177,D,2,41.97739153040008,2024-07-09,83.95478306080015,0.006053486204581215
610,B,2,15.214378155873622,2024-12-08,30.428756311747243,-0.8048839369303225
966,D,3,8.334301705449324,2024-09-28,25.00290511634797,-0.8870874191229994
494,A,4,24.19788793738532,2024-05-11,96.79155174954128,0.20053487692373712
198,B,2,44.66286967808979,2024-12-28,89.32573935617958,0.08742529208072443
610,A,0,11.763117719563764,2024-01-08,0.0,-1.2658898948045423
577,C,3,44.86091845469045,2024-05-13,134.58275536407135,0.7730844035309166
842,C,4,49.6495860681275,2024-11-04,198.59834427251,1.742942243965357
853,A,1,7.430100389742036,2024-07-10,7.430100389742036,-1.1533213589044313
517,A,4,27.28653682349678,2024-03-31,109.14614729398711,0.38771118129727505
514,B,3,19.79984726209626,2024-09-05,59.39954178628878,-0.36596673074455777
22,A,2,22.715593471908992,2024-09-08,45.431186943817984,-0.577592034720397
112,D,5,25.323563855583885,2024-03-03,126.61781927791942,0.6524129257950404
57,D,5,38.28667804030354,2024-08-03,191.4333902015177,1.6343907645429987
66,A,1,31.608486642702932,2024-05-13,31.608486642702932,-0.7870106230924666
842,D,0,48.25404896975511,2024-04-16,0.0,-1.2658898948045423
98,A,3,19.974406965779032,2024-06-09,59.923220897337096,-0.35803281495338407
144,B,2,29.367683711723423,2024-09-14,58.735367423446846,-0.37602919715628025
435,D,4,21.786278764715608,2024-12-23,87.14511505886243,0.05438809586247495
637,A,3,25.93846402749093,2024-02-28,77.81539208247278,-0.08696036522369736
679,D,2,35.823854870835206,2024-01-09,71.64770974167041,-0.18040284036974255
86,C,2,43.73348983719379,2024-07-15,87.46697967438757,0.059264453734804504
588,B,6,23.70566616907229,2024-04-26,142.23399701443378,0.8890033043829613
344,B,1,28.937771246603305,2024-01-10,28.937771246603305,-0.8274728653469426
936,D,2,48.88050283808776,2024-12-15,97.76100567617551,0.21522243206020514
294,D,5,6.911112287615181,2024-01-07,34.555561438075905,-0.7423614423948189
956,C,0,25.170292249679505,2024-12-14,0.0,-1.2658898948045423
571,C,4,33.61918330081402,2024-07-12,134.4767332032561,0.7714781319073976
650,D,2,5.379235590295632,2024-05-02,10.758471180591265,-1.1028954148114203
611,D,6,31.85539257048865,2024-03-03,191.13235542293197,1.6298299857509388
704,C,0,7.528997959835404,2024-01-04,0.0,-1.2658898948045423
243,A,2,43.59012784916825,2024-10-10,87.1802556983365,0.054920488445171466
831,C,2,41.318874297885465,2024-11-23,82.63774859577093,-0.013900031740210993
561,A,3,6.451481155936832,2024-09-06,19.35444346781049,-0.9726635250315585
960,B,3,7.196181105081925,2024-05-09,21.58854331524577,-0.9388161561282182
32,B,6,38.91262692027211,2024-03-15,233.47576152163265,2.271346920856582
391,C,3,21.62952016602397,2024-11-24,64.8885604980719,-0.28280623929725585
277,A,0,30.876160457224618,2024-12-23,0.0,-1.2658898948045423
532,C,3,17.164772139442277,2024-09-10,51.49431641832683,-0.4857335708885287
154,C,2,12.783599424684487,2024-11-18,25.56719884936897,-0.8785381780614009
383,A,3,18.32347028964027,2024-06-15,54.97041086892081,-0.4330695633477842
68,C,3,16.102116510079462,2024-07-19,48.30634953023839,-0.5340323483297589
878,B,3,25.17383472077005,2024-06-16,75.52150416231014,-0.12171354366636768
884,D,3,38.60042743794588,2024-10-10,115.80128231383765,0.4885387295275001
214,D,2,29.935823356713048,2024-12-13,59.871646713426095,-0.3588141812968482
655,C,2,32.41302385728733,2024-12-03,64.82604771457466,-0.2837533291270299
376,A,1,26.153536840613796,2024-02-20,26.153536840613796,-0.8696549590260073
744,A,3,19.61301380912673,2024-02-25,58.8390414273802,-0.3744585009043437
213,B,3,11.457897141221956,2024-03-13,34.37369142366587,-0.7451168346738432
79,A,0,20.95544566013004,2024-10-08,0.0,-1.2658898948045423
726,A,3,34.933937729623935,2024-03-28,104.8018131888718,0.32189304910233085
628,B,1,38.01998403157192,2024-02-21,38.01998403157192,-0.6898742674398852
604,C,3,26.113169475869608,2024-05-04,78.33950842760882,-0.07901982518809643
782,D,2,34.024877356237056,2024-09-18,68.04975471247411,-0.2349130769245853
923,B,4,14.474348684791352,2024-09-24,57.89739473916541,-0.3887247669663569
381,C,2,43.70298443257804,2024-03-03,87.40596886515607,0.05834011932355574
58,C,6,19.41475672726364,2024-01-09,116.48854036358183,0.4989509216093294
796,B,6,29.64705076827172,2024-11-25,177.88230460963032,1.4290872309538907
26,C,2,32.299791278684864,2024-11-18,64.59958255736973,-0.28718435291429156
881,B,2,26.2593517453088,2024-08-28,52.5187034906176,-0.4702137600011854
447,C,2,46.001396910100425,2024-10-11,92.00279382020084,0.1279835733599079
66,B,0,38.28726260569319,2024-11-22,0.0,-1.2658898948045423
921,D,3,35.262972167392974,2024-03-30,105.78891650217892,0.33684799842098845
760,D,3,28.404194969106825,2024-09-20,85.21258490732048,0.025109609929467296
254,A,2,8.818129847243405,2024-10-25,17.63625969448681,-0.9986945907810064
899,C,4,9.851961992904346,2024-07-23,39.407847971617386,-0.6688476589737107
968,B,1,18.455398800980863,2024-10-17,18.455398800980863,-0.9862843560493381
44,C,3,14.518502076601104,2024-07-29,43.55550622980331,-0.6060092324320467
97,D,3,47.86389373585974,2024-10-04,143.59168120757923,0.9095726794681359
554,C,5,23.441563339327946,2024-07-25,117.20781669663972,0.5098482015211474
227,B,4,44.44724473964384,2024-11-17,177.78897895857534,1.4276733157508488
774,C,4,41.81358576498042,2024-12-23,167.25434305992167,1.2680700160445089
679,B,3,41.56566227316927,2024-04-03,124.69698681950784,0.6233116638724799
436,D,2,14.70683863160832,2024-07-17,29.41367726321664,-0.8202627281070504
791,D,4,25.129481585036693,2024-12-16,100.51792634014676,0.25699071330233497
601,D,5,19.30783962412128,2024-06-17,96.5391981206064,0.19671163402684458
379,A,3,48.66849517275139,2024-10-23,146.00548551825418,0.9461426318172573
178,D,2,44.45349355830516,2024-08-14,88.90698711661031,0.08108105390888433
427,C,1,16.246564743789186,2024-01-04,16.246564743789186,-1.0197489396783355
915,A,2,19.10841623645727,2024-04-07,38.21683247291454,-0.6868919469228234
709,D,2,28.800915691002103,2024-07-11,57.60183138200421,-0.39320265187182757
307,C,0,17.53726033091222,2024-09-22,0.0,-1.2658898948045423
504,C,2,41.8654075057165,2024-08-11,83.73081501143301,0.002660294446301556
268,B,3,37.59531970231694,2024-03-07,112.78595910695084,0.44285556229418915
586,A,3,36.01895921402194,2024-05-17,108.0568776420658,0.3712083773665919
8,C,1,29.628567837272364,2024-11-24,29.628567837272364,-0.81700706317235
920,B,1,20.62005156987428,2024-08-26,20.62005156987428,-0.9534891338928696
508,D,1,42.66223037479591,2024-11-04,42.66223037479591,-0.6195426639980494
476,C,1,43.64744770632976,2024-01-04,43.64744770632976,-0.6046162879416379
297,B,1,7.227926098887533,2024-11-19,7.227926098887533,-1.1563843678443315
164,C,7,22.937873626583567,2024-12-17,160.56511538608498,1.166725952566459
485,A,5,6.198241120260103,2024-04-11,30.991205601300518,-0.7963626398115808
597,A,3,42.77648276148356,2024-02-13,128.32944828445068,0.6783446846088771
72,D,4,12.969196093491885,2024-04-28,51.87678437396753,-0.4799390518999802
567,C,1,35.324004416743975,2024-07-06,35.324004416743975,-0.7307192711597156
905,B,2,21.08191179624665,2024-08-18,42.1638235924933,-0.6270936954543602
559,D,3,41.72294539544743,2024-07-08,125.16883618634228,0.6304603414950969
911,C,4,27.935910511419404,2024-04-19,111.74364204567762,0.42706410600468586
944,D,0,19.598086600320052,2024-10-28,0.0,-1.2658898948045423
238,B,3,19.57418002628332,2024-10-05,58.72254007884996,-0.3762235357688179
104,D,3,19.711725908971005,2024-04-15,59.13517772691301,-0.3699719357280094
210,D,1,40.48606476136864,2024-06-13,40.48606476136864,-0.6525123096461587
554,D,2,37.00020194720031,2024-05-05,74.00040389440062,-0.14475872759850367
828,C,6,19.364634830593985,2024-12-11,116.18780898356393,0.49439473940826884
468,B,1,27.059364002462136,2024-04-07,27.059364002462136,-0.855931370912905
454,A,3,8.426902348819642,2024-11-26,25.280707046458925,-0.8828786258493595
268,C,4,42.23751207617404,2024-04-29,168.95004830469617,1.2937605244777377
386,A,3,16.967966424968566,2024-12-06,50.9038992749057,-0.4946785904601351
775,A,4,45.01513138274136,2024-10-25,180.06052553096544,1.4620880152124998
848,C,1,31.85585118558167,2024-12-09,31.85585118558167,-0.7832629665380675
387,C,1,30.551907299721908,2024-05-22,30.551907299721908,-0.803018157777446
877,B,3,12.322343404139971,2024-07-13,36.96703021241992,-0.7058268742116608
259,B,5,8.12909118155074,2024-05-09,40.6454559077537,-0.650097479826527
283,D,6,29.867746144182203,2024-04-13,179.2064768650932,1.4491488888398052
626,A,2,26.05951054648508,2024-04-02,52.11902109297016,-0.4762690836130081
875,B,4,10.385736510976818,2024-10-23,41.54294604390727,-0.6365002004746788
40,D,2,42.6014475133184,2024-08-09,85.2028950266368,0.024962804957206815
486,B,2,23.77580536290717,2024-07-18,47.55161072581435,-0.5454668966863746
929,C,1,16.720601017589914,2024-10-14,16.720601017589914,-1.0125671296749386
220,B,3,40.47224419158748,2024-12-27,121.41673257476243,0.5736147017397873
520,B,6,18.76832164350681,2024-01-10,112.60992986104084,0.44018865963496717
613,A,2,39.917744843074125,2024-06-19,79.83548968614825,-0.056355202750385955
928,C,2,34.3633845653831,2024-04-10,68.7267691307662,-0.2246560793265957
892,A,1,49.53775026893413,2024-04-19,49.53775026893413,-0.5153762103248581
688,B,2,14.17967183350524,2024-09-03,28.35934366701048,-0.8362362389682336
619,D,2,48.23055475279045,2024-11-18,96.4611095055809,0.19552856507719424
613,C,5,19.187242551945037,2024-08-31,95.93621275972517,0.18757620170653416
260,B,2,23.53794341319375,2024-01-23,47.0758868263875,-0.5526742747892471
990,C,6,21.147161636549068,2024-12-19,126.8829698192944,0.6564300462469943
966,C,2,17.080281368976912,2024-08-12,34.160562737953825,-0.7483458064037598
366,B,3,36.19501616436321,2024-12-18,108.58504849308964,0.3792103445387924
758,B,5,31.511539432663007,2024-09-18,157.55769716331503,1.1211625485182561
787,D,6,18.75613755614434,2024-09-25,112.53682533686604,0.43908110134875716
544,C,2,10.949560543322434,2024-01-21,21.89912108664487,-0.9341107977648531
649,C,2,19.281903697994306,2024-11-09,38.56380739598861,-0.6816351593916042
524,B,3,22.15540902577324,2024-04-29,66.46622707731973,-0.2589040566013595
907,A,3,22.129404940448158,2024-04-29,66.38821482134446,-0.26008596868555217
814,B,2,21.07667901931657,2024-07-16,42.15335803863314,-0.6272522521378001
887,C,1,7.19251278004116,2024-05-15,7.19251278004116,-1.156920891611817
16,B,2,25.881489855568265,2024-03-17,51.76297971113653,-0.48166323106331665
129,D,4,42.629364376038815,2024-12-19,170.51745750415526,1.3175073043978405
575,A,1,13.116483133633333,2024-02-27,13.116483133633333,-1.0671707355654483
109,B,3,11.554580454235374,2024-03-26,34.66374136270612,-0.7407224799191275
887,D,6,26.233297486016504,2024-01-01,157.399784916099,1.1187701245216242
533,C,5,21.67713554675052,2024-03-17,108.3856777337526,0.376189810050342
670,B,7,30.25762883210979,2024-01-10,211.8034018247685,1.943003335627949
162,D,3,39.23988126497621,2024-05-27,117.71964379492864,0.5176025553072591
260,C,4,35.9176168931584,2024-03-02,143.6704675726336,0.9107663195669033
924,D,1,23.71716249771554,2024-01-13,23.71716249771554,-0.9065668550029838
102,D,2,17.931192637173567,2024-07-04,35.86238527434713,-0.7225626189318798
506,D,2,29.31188464831464,2024-06-13,58.62376929662928,-0.3777199465521286
247,C,2,25.04817269371477,2024-06-10,50.09634538742954,-0.5069133052022317
640,A,5,16.079915895644145,2024-10-16,80.39957947822073,-0.047809051463188944
795,A,4,15.140500261289406,2024-07-14,60.56200104515762,-0.3483550794948582
837,A,5,6.529478754171896,2024-02-03,32.64739377085948,-0.7712708284439003
537,A,2,42.9198910833176,2024-06-08,85.83978216663519,0.034611860706467976
131,C,2,16.91771152249796,2024-03-25,33.83542304499592,-0.7532717828077682
353,D,0,21.154961345277503,2024-02-27,0.0,-1.2658898948045423
196,D,3,41.4147263420329,2024-12-26,124.24417902609868,0.6164514725325889
793,B,3,10.40108232978097,2024-09-21,31.203246989342908,-0.7931501410093961
916,D,3,25.75553354664348,2024-10-23,77.26660063993043,-0.09527474133721407
930,C,5,10.50536209645998,2024-01-25,52.52681048229989,-0.470090936333084
666,C,4,24.88318562800961,2024-02-05,99.53274251203842,0.24206484483416052
382,C,3,7.121280813292975,2024-09-20,21.363842439878923,-0.9422204504484458
645,B,3,28.29302717060548,2024-04-23,84.87908151181644,0.020056920600876865
227,A,4,40.806937358212494,2024-04-14,163.22774943284998,1.2070657596430805
701,D,4,35.43335036560177,2024-04-02,141.73340146240707,0.8814191123244592
476,C,2,27.912605430983024,2024-03-29,55.82521086196605,-0.4201190541141036
477,C,3,42.29414204671199,2024-06-11,126.88242614013598,0.6564218093237156
265,A,6,15.250458873163684,2024-02-07,91.50275323898212,0.12040778929699765
372,C,3,42.38583282429254,2024-04-01,127.15749847287762,0.660589248273276
486,D,1,17.436356581467926,2024-04-28,17.436356581467926,-1.0017231906079318
434,B,3,21.31188535403428,2024-07-29,63.93565606210285,-0.2972430640483519
646,C,3,10.77935907472216,2024-06-08,32.33807722416648,-0.7759570788260594
211,D,2,9.57896403629985,2024-04-10,19.1579280725997,-0.9756407997869911
572,C,4,46.9450183453511,2024-06-27,187.7800733814044,1.5790417781164936
940,A,3,13.549021123323982,2024-10-10,40.647063369971946,-0.6500731262298148
377,C,1,19.998326977787645,2024-12-20,19.998326977787645,-0.9629084719089358
395,C,1,28.811826452746992,2024-10-23,28.811826452746992,-0.8293809716045942
450,B,2,20.65402096714078,2024-01-23,41.30804193428156,-0.6400590772475946
943,A,4,44.15599775204506,2024-10-05,176.62399100818024,1.4100233539685962
364,A,2,45.532164355104754,2024-02-01,91.06432871020952,0.1137655092849047
876,B,4,19.669570582708428,2024-05-17,78.67828233083371,-0.07388728588353453
457,C,2,9.141246327502106,2024-03-21,18.28249265500421,-0.9889039426874398
725,D,5,14.457120530322968,2024-12-20,72.28560265161484,-0.17073854686535853
728,A,5,26.347681433077877,2024-11-14,131.73840716538936,0.7299915655447982
226,A,1,17.981646900517752,2024-07-13,17.981646900517752,-0.9934618577004132
982,C,4,25.406250688919524,2024-10-18,101.6250027556781,0.27376329572907554
131,C,1,39.14165748743927,2024-04-02,39.14165748743927,-0.6728805349111396
588,A,4,23.928729519905986,2024-02-15,95.71491807962394,0.18422351239753507
476,C,5,13.864885529357238,2024-01-27,69.32442764678619,-0.21560135050900311
798,D,2,21.10854382632196,2024-06-10,42.21708765264391,-0.6262867269138641
986,A,2,38.43415481668399,2024-11-27,76.86830963336799,-0.10130898490313074
277,D,4,24.082795409620005,2024-04-10,96.33118163848002,0.19356011391166733
156,D,4,16.229203383696735,2024-07-05,64.91681353478694,-0.2823781962277254
760,C,4,24.23352376432993,2024-07-12,96.93409505731972,0.2026944562856971
218,D,1,25.466300945719688,2024-06-06,25.466300945719688,-0.8800668154543587
190,C,4,18.33697421496717,2024-01-09,73.34789685986868,-0.15464443003708583
417,B,3,49.80582901368675,2024-07-30,149.41748704106024,0.9978356098073652
981,C,4,39.54317084998958,2024-11-07,158.17268339995832,1.130479798168507
675,D,3,36.16047441293419,2024-06-15,108.48142323880258,0.3776403868604982
692,B,2,43.469014305656486,2024-12-08,86.93802861131297,0.051250666085943114
546,C,4,34.98886380944507,2024-09-30,139.95545523778028,0.8544826252089311
307,A,4,23.56365400334253,2024-04-20,94.25461601337014,0.16209944179990962
943,A,4,27.51672964591975,2024-11-24,110.066918583679,0.40166117800560636
338,C,0,7.114837248628223,2024-07-21,0.0,-1.2658898948045423
314,C,0,17.62908761339671,2024-09-04,0.0,-1.2658898948045423
75,A,5,21.56055841549922,2024-03-05,107.8027920774961,0.36735889505859337
953,D,5,33.146160143869835,2024-07-21,165.7308007193492,1.244987833884918
279,D,3,25.88950781572565,2024-06-09,77.66852344717697,-0.08918547476161459
176,D,4,32.352721809048475,2024-05-12,129.4108872361939,0.6947288507812687
896,C,4,37.09973005312468,2024-06-26,148.39892021249872,0.9824039775825993
662,B,3,6.922340045045173,2024-07-11,20.76702013513552,-0.951262510382151
273,B,1,16.62249861516265,2024-09-22,16.62249861516265,-1.0140534142781408
837,B,5,12.690674264512957,2024-02-29,63.453371322564784,-0.3045498410996713
620,B,1,13.435480362693706,2024-07-23,13.435480362693706,-1.0623378195686342
651,B,3,27.64064280343962,2024-06-03,82.92192841031886,-0.00959461135851738
862,C,3,38.29904494249664,2024-03-12,114.89713482748992,0.47484058906678117
783,C,4,17.274966526641983,2024-06-04,69.09986610656793,-0.21900353385456636
931,C,1,45.16054327438582,2024-11-03,45.16054327438582,-0.5816923779217719
289,C,2,20.774024240915857,2024-03-02,41.548048481831714,-0.6364228968130125
724,B,3,35.66104425294013,2024-07-23,106.9831327588204,0.3549407789362878
893,D,1,10.267218233829864,2024-02-29,10.267218233829864,-1.1103380632377986
272,C,4,38.481272846861984,2024-03-26,153.92509138744794,1.066127341422509
930,D,2,12.426074396447843,2024-05-22,24.85214879289569,-0.8893714284524206
66,C,3,35.93371116969594,2024-12-16,107.80113350908782,0.36733376718580346
483,C,3,23.985500155708294,2024-01-07,71.9565004671249,-0.17572455635733078
936,B,4,46.78053447283433,2024-10-21,187.12213789133733,1.56907383273909
248,C,2,25.90072618245788,2024-06-27,51.80145236491576,-0.481080357336052
156,A,3,6.3906267860417625,2024-08-14,19.17188035812529,-0.9754294179386054
47,A,6,26.630106631065363,2024-01-07,159.7806397863922,1.1548408816959908
935,B,1,40.79744347369969,2024-05-19,40.79744347369969,-0.647794816756566
454,D,2,34.118794889908244,2024-01-14,68.23758977981649,-0.23206731207454076
201,D,4,48.48418384766033,2024-02-03,193.93673539064133,1.6723172915090787
660,D,3,42.94726205291356,2024-08-27,128.84178615874066,0.6861067768242961
124,A,2,28.69482483039033,2024-11-24,57.38964966078066,-0.39641727676920785
1,D,2,14.293425452242914,2024-11-15,28.58685090448583,-0.832789427312144
968,D,2,5.169858341995538,2024-04-06,10.339716683991076,-1.109239687178043
759,B,1,49.12260786506157,2024-09-24,49.12260786506157,-0.5216657582640091
855,D,3,47.22438642362015,2024-05-05,141.67315927086045,0.8805064227313039
640,A,3,17.336479733383676,2024-02-03,52.00943920015103,-0.4779292863813102
191,A,5,33.719710380067724,2024-10-09,168.59855190033863,1.2884352349746095
579,A,4,37.81578032987692,2024-01-18,151.26312131950766,1.0257975938498307
516,B,2,31.010605746466773,2024-10-19,62.021211492933546,-0.32624754728667177
442,B,1,42.9332753677144,2024-03-08,42.9332753677144,-0.6154362406100136
921,C,3,8.50210917944062,2024-08-24,25.50632753832186,-0.8794603990279378
815,D,5,45.342231536759606,2024-03-20,226.71115768379804,2.16886088298008
806,B,6,22.640855502492144,2024-03-26,135.84513301495286,0.7922098522407269
143,A,3,26.631050970865616,2024-02-29,79.89315291259685,-0.055481585351412906
191,A,5,25.013014268975244,2024-02-17,125.06507134487622,0.6288882690237925
533,B,7,28.90788003362097,2024-06-27,202.3551602353468,1.7998592774372812
227,B,1,31.917581234858908,2024-12-21,31.917581234858908,-0.7823277353966721
313,B,3,36.96545448406364,2024-03-24,110.89636345219093,0.4142275485202165
629,C,5,28.622315258384184,2024-04-04,143.11157629192093,0.9022989274864379
949,A,3,35.814796520400066,2024-11-03,107.4443895612002,0.36192897562196713
302,C,2,20.223384961581527,2024-09-08,40.44676992316305,-0.6531076397457818
996,D,2,7.903895890989612,2024-06-28,15.807791781979224,-1.0263964985688847
460,A,5,29.54932738524921,2024-03-24,147.74663692624603,0.9725216650061836
401,A,3,8.93282792097716,2024-11-05,26.79848376293148,-0.8598837948464739
551,B,3,24.924516621661866,2024-05-29,74.7735498649856,-0.1330453044439556
393,B,4,16.591206094377345,2024-02-08,66.36482437750938,-0.2604403418270247
867,D,3,47.16065523121914,2024-10-05,141.4819656936574,0.8776097753200568
764,C,4,5.5883923873674535,2024-10-30,22.35356954946981,-0.927225749727967
845,B,6,22.604163401365568,2024-04-22,135.6249804081934,0.7888744657294331
207,B,1,40.19192373681295,2024-05-06,40.19192373681295,-0.6569686457312142
210,A,3,13.48076356931596,2024-02-10,40.44229070794788,-0.6531755013724496
115,A,1,41.70146920998138,2024-06-06,41.70146920998138,-0.6340985208505583
737,B,2,43.68762895211707,2024-07-24,87.37525790423415,0.05787483787031465
646,A,5,36.860134984059655,2024-02-16,184.30067492029823,1.5263277136981233
251,D,6,14.408113209177683,2024-07-03,86.44867925506611,0.04383685770020158
219,B,3,17.241739546170308,2024-03-12,51.72521863851093,-0.4822353240952426
407,A,1,12.512062791291289,2024-02-26,12.512062791291289,-1.0763279083406132
443,D,7,13.282868174062983,2024-08-26,92.9800772184409,0.14278974764138191
603,A,4,6.642153341391889,2024-03-02,26.56861336556756,-0.8633664091747754
354,A,4,43.57917865392199,2024-12-07,174.31671461568797,1.3750673356383025
888,A,0,28.78260293425261,2024-02-26,0.0,-1.2658898948045423
558,B,2,19.74916507491732,2024-08-30,39.49833014983464,-0.66747682334664
550,C,3,18.030964822853363,2024-11-23,54.09289446856009,-0.4463642338415123
142,A,2,29.51133334014139,2024-05-03,59.02266668028278,-0.3716765161680313
612,D,3,19.700816980547707,2024-06-01,59.10245094164312,-0.3704677576024533
501,B,0,43.86730887546566,2024-09-11,0.0,-1.2658898948045423
840,B,3,14.493084576660983,2024-08-04,43.47925372998296,-0.6071644836148372
702,D,3,44.70358061357837,2024-08-19,134.11074184073513,0.7659332388817326
547,A,5,34.88416038515431,2024-01-17,174.42080192577154,1.3766442936183139
659,C,2,48.04831492047366,2024-03-20,96.09662984094732,0.19000657478621383
542,A,0,5.679825873606204,2024-06-24,0.0,-1.2658898948045423
846,D,1,7.6593004570020415,2024-02-08,7.6593004570020415,-1.1498489003041026
507,B,3,27.540256727145795,2024-05-22,82.6207701814374,-0.014157260464343749
596,C,2,46.05704735144217,2024-01-17,92.11409470288434,0.1296698194065118
881,B,5,37.88577281885653,2024-09-05,189.42886409428263,1.604021515511515
281,D,3,32.99611696337,2024-02-04,98.98835089011,0.23381712749222874
424,A,3,6.422097004708269,2024-10-15,19.266291014124807,-0.9739990645433932
856,C,5,20.93737047856742,2024-05-25,104.6868523928371,0.32015135412962165
270,B,2,20.563380180628577,2024-08-02,41.12676036125716,-0.6428055544404463
154,B,2,29.39385570169576,2024-06-13,58.78771140339151,-0.3752361681423398
614,B,2,16.60225007060428,2024-04-20,33.20450014120856,-0.7628304783596132
727,A,2,17.022007182999204,2024-05-14,34.04401436599841,-0.7501115536890421
662,C,3,32.93873600345417,2024-03-14,98.8162080103625,0.23120910459585475
944,A,2,47.505539449137046,2024-06-04,95.01107889827408,0.1735601105593753
83,A,5,34.708059663651284,2024-08-02,173.54029831825642,1.3633043659250645
622,A,4,35.06585557914658,2024-12-19,140.26342231658631,0.8591484306958248
947,D,1,49.3796666024652,2024-09-30,49.3796666024652,-0.517771231381195
899,D,3,11.906517518140555,2024-10-05,35.71955255442167,-0.7247265829858296
426,D,3,6.522564839016218,2024-05-27,19.56769451704865,-0.9694326994528026
275,C,3,38.54812778358342,2024-01-31,115.64438335075025,0.48616165712840065
713,A,1,24.745434493544245,2024-01-14,24.745434493544245,-0.890988186209043
284,A,3,24.29705096384028,2024-01-23,72.89115289152085,-0.16156425575964348
980,D,2,15.138651936336457,2024-01-02,30.27730387267291,-0.8071784926470441
173,A,6,27.80883682335673,2024-06-26,166.85302094014042,1.2619898500873337
327,A,4,24.89775546761929,2024-11-24,99.59102187047718,0.24294779684133738
718,B,3,20.54525035308479,2024-02-28,61.63575105925437,-0.3320874033304194
63,A,1,24.92353217022885,2024-10-15,24.92353217022885,-0.8882899461234479
73,B,5,22.27256468253004,2024-06-24,111.36282341265022,0.4212945748120037
763,A,5,47.29533611402915,2024-06-20,236.47668057014573,2.3168118602149046
375,D,5,42.79554196302893,2024-08-10,213.97770981514464,1.9759448376580515
508,D,2,16.9573743063131,2024-10-23,33.9147486126262,-0.7520699736074626
787,B,4,42.93162994635228,2024-04-19,171.72651978540912,1.3358250072112101
943,B,4,23.298305535617946,2024-08-22,93.19322214247178,0.14601896538732545
398,B,2,38.576137899998905,2024-02-08,77.15227579999781,-0.09700680135971351
120,C,3,14.062668828371296,2024-08-06,42.18800648511389,-0.6267273164455534
934,A,5,41.53802403835883,2024-08-04,207.6901201917941,1.880685726594295
437,B,0,8.755899177061378,2024-07-12,0.0,-1.2658898948045423
829,C,3,17.175096802238166,2024-06-11,51.5252904067145,-0.4852643044801502
676,B,1,41.987867758122,2024-04-25,41.987867758122,-0.6297594859039221
936,A,3,38.62216498198332,2024-11-23,115.86649494594997,0.4895267229776574
465,B,1,27.55610397460801,2024-06-09,27.55610397460801,-0.8484055921946629
286,C,2,35.2756748430594,2024-03-29,70.5513496861188,-0.19701306631543722
265,A,4,13.350831102316834,2024-05-20,53.40332440926733,-0.4568114536505887
320,C,3,35.0493630055826,2024-11-07,105.1480890167478,0.3271392451046642
673,A,3,5.358927530367164,2024-06-22,16.07678259110149,-1.022321196760677
376,A,2,42.49471403216778,2024-07-19,84.98942806433556,0.021728708222461486
820,D,2,28.23294235995246,2024-12-20,56.46588471990492,-0.41041262830628783
89,D,4,47.47453032243118,2024-10-28,189.8981212897247,1.6111309208601203
654,D,1,26.517392029525183,2024-12-21,26.517392029525183,-0.8641424297535952
203,A,4,24.48892770468535,2024-04-22,97.9557108187414,0.21817228087531979
821,B,2,25.25237655790163,2024-06-22,50.50475311580326,-0.5007257898764911
739,C,2,21.187787912388323,2024-03-14,42.37557582477665,-0.6238855774598006
955,C,3,12.500378772919428,2024-11-20,37.501136318758284,-0.6977349859124361
334,C,2,42.89282271254776,2024-10-13,85.78564542509551,0.03379167074753581
222,D,4,22.508843349123268,2024-05-04,90.03537339649307,0.09817648799366997
41,A,0,28.809879268498637,2024-01-24,0.0,-1.2658898948045423
708,D,1,5.89491124085464,2024-02-01,5.89491124085464,-1.1765799941522912
68,B,5,7.711424272129959,2024-09-10,38.5571213606498,-0.6817364550901261
988,A,3,31.873245326503003,2024-04-22,95.61973597950902,0.18278147136285033
776,C,3,44.5652637131124,2024-07-13,133.6957911393372,0.759646595299961
514,D,1,27.202812261173356,2024-01-16,27.202812261173356,-0.8537580812379989
873,D,1,12.42385612722785,2024-07-30,12.42385612722785,-1.0776642691580205
637,B,4,10.2257291464686,2024-04-17,40.9029165858744,-0.6461968634057974
622,B,4,45.49046006268158,2024-01-24,181.9618402507263,1.4908935767879932
598,D,6,36.57370343068656,2024-10-16,219.44222058411935,2.0587340254761757
937,B,1,48.47879995301557,2024-11-03,48.47879995301557,-0.5314196660523858
632,C,2,8.705687960475483,2024-10-30,17.411375920950967,-1.002101656070403
255,B,2,43.05345406370672,2024-04-28,86.10690812741343,0.038658909431035934
695,D,4,45.19333323158692,2024-06-29,180.77333292634768,1.4728872885288777
16,D,5,5.259333047321279,2024-02-07,26.296665236606398,-0.8674865153795577
477,A,3,38.38565662372376,2024-08-20,115.15696987117128,0.4787771779294477
62,A,4,29.702215137273758,2024-03-09,118.80886054909502,0.5341045578190496
881,D,2,30.793074519128886,2024-03-22,61.58614903825777,-0.332838890738178
432,B,1,26.114089430874003,2024-04-27,26.114089430874003,-0.8702526006360172
670,B,2,38.42046129866987,2024-11-04,76.84092259733974,-0.10172390776912585
268,A,1,49.992768071438206,2024-02-19,49.992768071438206,-0.5084825365991189
35,A,3,36.97422616733735,2024-06-05,110.92267850201203,0.4146262304323196
779,A,0,35.51226872176953,2024-03-14,0.0,-1.2658898948045423
576,C,6,34.44969720560364,2024-07-01,206.69818323362185,1.8656575459198024
494,C,3,36.28452514313109,2024-04-15,108.85357542939327,0.3832786185167825
562,A,2,20.39506103438746,2024-07-07,40.79012206877492,-0.6479057385193797
469,B,5,19.40988846498884,2024-11-01,97.0494423249442,0.204442006433807
661,C,2,7.388960780883449,2024-03-27,14.7779215617669,-1.041999381003216
325,B,2,39.16614821915228,2024-12-15,78.33229643830455,-0.07912908926722373
304,C,4,41.62287133263058,2024-11-21,166.49148533052232,1.2565124632263633
276,B,3,28.471908181382048,2024-06-20,85.41572454414614,0.028187244187587945
869,C,2,45.95666429358568,2024-09-08,91.91332858717136,0.1266281447966554
963,B,3,26.288934671623306,2024-12-21,78.8668040148699,-0.07103111855816763
684,B,4,13.013900064312995,2024-05-23,52.05560025725199,-0.4772299307412935
929,B,1,21.26293919180028,2024-10-10,21.26293919180028,-0.9437491688113174
201,B,1,45.76403776689888,2024-07-03,45.76403776689888,-0.5725492320849047
445,D,2,49.71822297459742,2024-06-02,99.43644594919483,0.24060591931190492
905,C,8,23.983428514526757,2024-12-07,191.86742811621403,1.6409665858670224
324,C,6,12.508094551714604,2024-04-27,75.04856731028761,-0.12887869705768432
35,D,3,17.884817610536203,2024-09-23,53.65445283160861,-0.4530067730483062
977,B,7,29.89833541312838,2024-11-20,209.28834789189864,1.9048994172308509
482,B,4,30.744316322471597,2024-09-11,122.97726528988638,0.5972573005946092
728,C,3,33.3526733012111,2024-08-28,100.0580199036333,0.2500229751166124
480,D,5,42.59090176576461,2024-06-19,212.95450882882307,1.9604429963746166
65,B,6,37.00463682596125,2024-04-14,222.02782095576748,2.0979067462998464
8,B,3,16.737810192612812,2024-02-05,50.21343057783844,-0.5051394249356727
301,B,3,22.776982731320015,2024-03-06,68.33094819396005,-0.2306529004996169
343,A,3,42.79174627118061,2024-07-03,128.3752388135418,0.679038426624126
431,D,3,33.502220177257,2024-07-08,100.506660531771,0.2568200324921079
424,B,2,12.488812171012558,2024-06-03,24.97762434202512,-0.8874704314112146
332,A,2,19.64924618361433,2024-08-14,39.29849236722867,-0.6705044333956962
438,D,2,40.59909105939056,2024-05-20,81.19818211878112,-0.035709951141750816
588,B,2,12.744235549552126,2024-03-16,25.48847109910425,-0.8797309301262646
174,C,1,36.09727937243508,2024-05-25,36.09727937243508,-0.7190038938371498
559,A,6,30.359144130420788,2024-02-07,182.15486478252475,1.4938179637811155
527,A,4,11.636370788051533,2024-09-18,46.54548315220613,-0.5607100699880667
873,B,2,35.99955158139214,2024-05-05,71.99910316278428,-0.17507911109761456
659,B,2,11.405703679482638,2024-04-01,22.81140735896528,-0.9202893519417712
26,A,1,22.929601059935653,2024-10-10,22.929601059935653,-0.9184986773649891
820,C,3,18.88519660360341,2024-12-10,56.65558981081024,-0.40753853196628526
605,C,3,36.05044787091309,2024-09-17,108.15134361273928,0.37263956879783794
406,D,3,40.20630604729936,2024-04-17,120.61891814189806,0.5615275430317423
232,B,4,12.574246188016106,2024-02-14,50.296984752064425,-0.503873550914112
819,D,2,5.324632519755102,2024-07-19,10.649265039510205,-1.1045499248137036
550,C,2,28.852634630413984,2024-03-30,57.70526926082797,-0.39163553299522674
788,B,2,28.255500044360325,2024-08-02,56.51100008872065,-0.4097291151977447
505,D,4,33.07196438383188,2024-04-24,132.28785753532753,0.7383159246314002
669,D,1,15.786523865060374,2024-11-14,15.786523865060374,-1.0267187147091275
179,D,3,5.443557346859064,2024-04-01,16.33067204057719,-1.0184746856627351
132,C,4,25.46433122636297,2024-11-21,101.85732490545188,0.27728305493627364
823,B,4,8.213279506621454,2024-07-04,32.85311802648582,-0.7681540363360886
455,D,5,45.14872490630907,2024-09-16,225.74362453154532,2.1542024282256502
348,A,3,12.814984656012804,2024-06-06,38.44495396803841,-0.6834358290554401
540,B,2,24.135483537439725,2024-02-26,48.27096707487945,-0.5345684045049629
772,A,2,24.530017560817267,2024-02-16,49.060035121634535,-0.5226137565070152
406,A,4,29.878909152719213,2024-08-09,119.51563661087684,0.5448124543898507
76,D,2,40.213955694667874,2024-04-17,80.42791138933575,-0.047379813419800895
941,D,4,26.24666677289508,2024-12-16,104.98666709158032,0.3246936482990856
579,C,0,6.1588970249212895,2024-10-26,0.0,-1.2658898948045423
854,C,2,39.699968502879024,2024-06-28,79.39993700575805,-0.06295397328740103
492,C,2,8.697799157940118,2024-06-25,17.395598315880235,-1.0023406921277456
194,B,3,33.86989815164888,2024-06-28,101.60969445494663,0.27353136979132664
984,C,0,41.15432788933529,2024-02-06,0.0,-1.2658898948045423
162,A,3,17.721057761646968,2024-03-03,53.1631732849409,-0.4604498244722687
347,C,4,25.209791675781403,2024-09-24,100.8391667031256,0.2618576135372864
951,D,3,5.645112898361749,2024-09-29,16.935338695085246,-1.0093137811748816
769,B,2,36.64674904643687,2024-12-19,73.29349809287373,-0.15546858977035766
584,B,5,15.412432747452938,2024-10-28,77.06216373726468,-0.0983720296119201
87,A,4,22.56017890396052,2024-09-26,90.24071561584206,0.10128749212256545
934,B,1,36.28924258105001,2024-09-25,36.28924258105001,-0.7160955862495022
262,C,6,21.1173404833043,2024-10-31,126.7040428998258,0.6537192428525334
214,D,4,12.30866490009649,2024-09-02,49.23465960038596,-0.5199681365457416
665,B,5,28.33274879950587,2024-06-26,141.66374399752937,0.8803637781533864
722,A,3,37.56054066288979,2024-03-07,112.68162198866938,0.44127481963542287
913,C,3,19.436427815132564,2024-10-03,58.309283445397696,-0.38248451364779174
573,A,2,10.479752224000602,2024-07-26,20.959504448001205,-0.9483463078887173
780,B,3,42.32948728153895,2024-11-02,126.98846184461686,0.6580282861383532
262,B,3,16.37608399012054,2024-02-07,49.128251970361625,-0.5215802481582545
730,A,1,28.07667293479729,2024-04-28,28.07667293479729,-0.8405187962417506
283,C,6,36.11044172701594,2024-01-26,216.66265036209563,2.0166225957629607
648,B,1,19.268384017739933,2024-01-06,19.268384017739933,-0.9739673548301687
467,D,2,34.188644181758825,2024-09-30,68.37728836351765,-0.22995083124525484
380,B,5,25.68692778986877,2024-08-20,128.43463894934385,0.6799383587877256
362,C,2,30.669649480573074,2024-04-23,61.33929896114615,-0.33657875296206513
449,B,5,31.57592466276242,2024-05-13,157.87962331381212,1.1260398386662396
441,A,2,42.08678091035988,2024-11-08,84.17356182071975,0.009368058471221397
93,B,2,34.53468230459014,2024-06-26,69.06936460918028,-0.2194656418643624
621,B,2,16.893801148298472,2024-01-25,33.787602296596944,-0.7539962833327345
753,C,2,7.682195351230082,2024-02-17,15.364390702460163,-1.0331141750092863
867,A,2,5.089349483380973,2024-10-06,10.178698966761946,-1.1116791600965361
424,C,2,45.6987823145148,2024-12-08,91.3975646290296,0.11881414625119567
142,B,2,47.39495233109928,2024-10-27,94.78990466219857,0.17020924601813453
291,D,2,9.235016944910058,2024-10-25,18.470033889820115,-0.9860626294996298
432,B,3,26.91741282270116,2024-03-12,80.75223846810349,-0.042466148395833216
749,C,2,11.82178415572405,2024-07-19,23.6435683114481,-0.9076818318356419
852,D,1,47.693708901683806,2024-11-21,47.693708901683806,-0.5433140612235072
824,C,1,16.107463257013567,2024-02-02,16.107463257013567,-1.0218563742870896
689,C,1,27.574119301864958,2024-04-06,27.574119301864958,-0.8481326538887586
653,A,6,12.452908627981254,2024-02-14,74.71745176788752,-0.1338952096034916
701,D,3,19.974248802637803,2024-09-19,59.92274640791341,-0.3580400036287616
998,B,1,17.00628624172314,2024-12-27,17.00628624172314,-1.0082389018284657
49,C,4,26.394171933748357,2024-03-10,105.5766877349934,0.3336326607613597
302,B,4,23.89018829099668,2024-10-27,95.56075316398672,0.1818878617427464
881,A,2,19.885900757016888,2024-10-19,39.771801514033776,-0.6633336396124064
190,A,6,9.764492794178544,2024-08-05,58.586956765071264,-0.3782776688658113
136,D,4,26.80191599031267,2024-07-25,107.20766396125067,0.358342502654094
555,A,1,43.25936081411985,2024-06-20,43.25936081411985,-0.6104959357211492
404,A,6,37.86005014635048,2024-09-02,227.16030087810284,2.17566555440312
892,B,3,37.42586978732013,2024-09-12,112.27760936196036,0.43515389158758916
865,A,2,21.47412815353889,2024-09-20,42.94825630707778,-0.6152092743077989
602,A,2,36.87885863069232,2024-09-20,73.75771726138463,-0.14843551223506848
807,C,2,25.94891666299634,2024-01-05,51.89783332599268,-0.47962015315199374
341,A,4,11.762424087717616,2024-01-10,47.04969635087047,-0.5530710693584767
757,C,4,23.857238749012296,2024-09-27,95.4289549960492,0.17989107488647105
945,A,3,10.973238396421884,2024-08-17,32.91971518926565,-0.7671450667776722
704,A,5,10.151726850794116,2024-11-07,50.75863425397058,-0.4968794046976845
318,D,2,6.0376688805924825,2024-02-24,12.075337761184963,-1.0829444403726531
618,D,2,17.728443543623747,2024-02-10,35.456887087247495,-0.7287060537224749
363,C,4,19.88936529088752,2024-05-17,79.55746116355007,-0.060567428976905924
822,A,3,36.47496708223217,2024-04-24,109.4249012466965,0.39193439803552893
382,B,3,29.210215319815266,2024-03-03,87.6306459594458,0.06174405335241538
233,D,3,43.63023704239904,2024-12-09,130.8907111271971,0.7171486836317398
777,B,3,12.941178201754544,2024-02-03,38.82353460526363,-0.6777002042566945
344,D,3,16.96804906369163,2024-09-08,50.90414719107489,-0.4946748344462553
549,D,3,47.348425001453705,2024-07-15,142.04527500436112,0.8861441020503339
817,A,3,24.982036150091645,2024-12-21,74.94610845027493,-0.13043098346791163
553,D,2,40.50729243718951,2024-12-28,81.01458487437901,-0.038491511539800516
529,B,2,27.147544189227013,2024-09-08,54.295088378454025,-0.44330092766652407
856,D,2,26.19885456615864,2024-03-02,52.39770913231728,-0.4720468654845035
789,C,3,11.665232961333906,2024-08-12,34.99569888400172,-0.7356932111080539
819,A,3,43.30398249268638,2024-12-21,129.91194747805915,0.7023200830481162
571,A,5,8.525987624643559,2024-02-23,42.6299381232178,-0.6200319025399788
935,C,3,18.96174925938687,2024-06-07,56.88524777816061,-0.40405913602459403
183,C,2,35.306063227408075,2024-10-20,70.61212645481615,-0.19609227769750065
41,C,5,27.826589786361343,2024-01-25,139.1329489318067,0.8420213762653932
551,D,1,44.66202471371913,2024-08-24,44.66202471371913,-0.5892451028581343
397,A,2,6.768407875456217,2024-11-16,13.536815750912432,-1.0608025541363664
704,C,5,34.22333837748786,2024-04-09,171.11669188743932,1.326585908137895
779,D,3,26.48594617822062,2024-08-15,79.45783853466186,-0.06207674552556908
494,C,2,11.944032056044293,2024-06-26,23.888064112088585,-0.9039776376971855
659,B,3,38.44633582006671,2024-06-03,115.33900746020012,0.4815351090206686
907,B,2,23.50880849327108,2024-08-26,47.01761698654216,-0.5535570825865119
333,A,2,28.92118569065076,2024-05-22,57.84237138130152,-0.38955838946270926
127,D,3,48.52697298633987,2024-01-17,145.5809189590196,0.9397103047344141
558,B,2,26.88035364613349,2024-10-11,53.76070729226697,-0.4513969820035337
1,D,2,39.630988550356,2024-01-11,79.26197710071199,-0.0650441125465413
168,C,4,34.82395661812096,2024-07-26,139.29582647248384,0.8444890261386504
620,D,2,45.356546450765016,2024-03-21,90.71309290153005,0.10844416789450759
19,C,5,16.32207411217314,2024-02-02,81.6103705608657,-0.02946515672356662
332,B,0,41.93470541604484,2024-10-31,0.0,-1.2658898948045423
584,B,3,22.000436977880412,2024-06-07,66.00131093364125,-0.26594769354635495
456,B,2,41.56209005365496,2024-09-30,83.12418010730993,-0.006530429689447362
957,A,2,27.220490804548,2024-04-24,54.44098160909599,-0.4410905958392749
109,A,2,43.59691638244561,2024-08-04,87.19383276489123,0.05512618559914188
268,A,2,45.26795919618439,2024-09-17,90.53591839236876,0.10575991410937137
445,D,2,31.8939744057852,2024-06-06,63.7879488115704,-0.2994808788909648
240,B,2,27.84321305740602,2024-02-14,55.68642611481204,-0.42222169001037796
929,B,3,40.24760644995504,2024-04-29,120.7428193498651,0.5634046882714433
301,D,2,17.014379143062797,2024-08-02,34.028758286125594,-0.7503426884631065
602,A,3,5.690690656201149,2024-05-07,17.072071968603446,-1.0072422257985878
103,D,5,23.31925622396463,2024-09-10,116.59628111982316,0.5005832305352762
988,A,3,27.84983598035496,2024-02-07,83.54950794106489,-8.656903993813276e-05
250,B,0,18.37682237474404,2024-12-30,0.0,-1.2658898948045423
453,C,3,22.25128467819953,2024-07-28,66.75385403459859,-0.2545464108404778
520,A,3,10.987620481224258,2024-12-17,32.96286144367278,-0.7664913864189399
153,B,4,17.47804565155073,2024-04-03,69.91218260620292,-0.20669666392617927
859,B,5,15.804290656155809,2024-01-29,79.02145328077904,-0.06868812983281293
174,C,2,18.544408422204658,2024-06-12,37.08881684440932,-0.7039817655137783
343,B,1,18.45743497432936,2024-05-16,18.45743497432936,-0.9862535073338892
670,B,2,30.153576697142604,2024-01-23,60.30715339428521,-0.3522161076682994
431,A,0,16.276862308823272,2024-05-10,0.0,-1.2658898948045423
727,A,3,47.343256850294985,2024-03-26,142.02977055088496,0.8859092043321077
689,C,1,28.00736736635007,2024-07-02,28.00736736635007,-0.8415687990627891
687,C,5,10.803470288439534,2024-08-24,54.01735144219767,-0.44750873626126714
852,B,3,17.582282173592773,2024-07-02,52.74684652077832,-0.46675731587070457
850,A,2,37.839087326104426,2024-11-09,75.67817465220885,-0.11933993271341206
658,C,2,5.614656727132736,2024-06-07,11.229313454265473,-1.095761994991069
324,D,4,25.03296147766128,2024-02-11,100.13184591064513,0.2511414641120164
990,C,4,28.44855603279485,2024-08-22,113.7942241311794,0.45813111869627965
673,B,3,49.47855061277876,2024-05-10,148.4356518383363,0.9829604741472319
639,A,3,27.65313886996992,2024-07-03,82.95941660990977,-0.009026652445431086
420,C,1,47.648479750788766,2024-01-14,47.648479750788766,-0.5439992981690657
594,D,1,46.18540021069194,2024-10-28,46.18540021069194,-0.5661654484355529
485,A,1,47.35919878997957,2024-09-10,47.35919878997957,-0.5483820026432914
659,C,0,41.55678758715637,2024-05-26,0.0,-1.2658898948045423
751,D,3,18.337913805097905,2024-02-29,55.01374141529372,-0.43241309090338964
412,C,2,20.58721177036917,2024-10-18,41.17442354073833,-0.6420834411379199
936,A,2,21.42428306812884,2024-06-08,42.84856613625768,-0.6167196141395922
84,A,1,49.06313778254878,2024-01-26,49.06313778254878,-0.5225667501439527
113,A,3,21.23399767874669,2024-03-05,63.70199303624007,-0.30078313798216805
737,B,2,9.89101891482712,2024-03-10,19.782037829654243,-0.9661853257143128
332,C,1,40.02480025858183,2024-06-21,40.02480025858183,-0.6595006229956109
378,B,3,21.472848121192364,2024-08-12,64.4185443635771,-0.28992714282940124
755,A,7,32.94211602766295,2024-06-01,230.59481219364065,2.2276995633723953
655,D,1,46.59621855187852,2024-02-09,46.59621855187852,-0.5599414115097354
41,C,2,30.897750955011997,2024-05-25,61.79550191002399,-0.3296671238676062
935,B,2,33.69650802610496,2024-04-07,67.39301605220992,-0.24486288992536326
770,C,4,33.92881540093112,2024-09-04,135.71526160372449,0.7902422564007779
959,D,3,32.55796335913318,2024-01-12,97.67389007739956,0.2139026012512151
797,B,3,12.189621986642932,2024-01-24,36.5688659599288,-0.7118591974104922
105,A,2,25.538693663693994,2024-08-12,51.07738732738799,-0.49205018774150494
202,B,4,5.344880898967631,2024-09-01,21.379523595870523,-0.941982875627299
450,C,6,33.18191618338999,2024-06-19,199.09149710033992,1.7504136762330094
819,C,3,30.89112327618075,2024-02-01,92.67336982854223,0.13814302686782376
843,C,5,19.31617486583695,2024-04-23,96.58087432918477,0.19734304269367917
973,C,3,28.57529764265917,2024-07-27,85.7258929279775,0.032886400190729276
266,A,3,27.18760018586345,2024-10-29,81.56280055759035,-0.030185858375035957
910,B,1,16.291184717401304,2024-02-04,16.291184717401304,-1.019072931974812
210,A,4,18.19793966416668,2024-07-23,72.79175865666673,-0.16307011206138156
563,A,2,39.31434484829378,2024-09-22,78.62868969658756,-0.07463863107884662
713,C,4,26.140196760792907,2024-04-07,104.56078704317164,0.3182414214106549
377,C,2,37.28790285871908,2024-07-03,74.57580571743816,-0.13604119521320585
551,C,0,25.286057610392128,2024-08-25,0.0,-1.2658898948045423
540,B,4,43.31183157032594,2024-09-22,173.24732628130377,1.3588657403978825
771,D,4,19.9763006993876,2024-08-19,79.9052027975504,-0.055299025515632066
84,C,3,46.72816249304305,2024-04-18,140.18448747912916,0.8579525411898993
454,B,3,29.40276427541019,2024-06-26,88.20829282623056,0.0704955989104027
667,C,3,29.105953748588785,2024-09-05,87.31786124576635,0.057005259066480664
629,C,4,35.186467294671964,2024-11-19,140.74586917868783,0.8664576639588568
514,A,1,20.3385204866608,2024-12-25,20.3385204866608,-0.9577544250982841
605,A,3,37.59483069082105,2024-01-05,112.78449207246314,0.4428333362251277
678,A,1,19.4191296185354,2024-06-05,19.4191296185354,-0.9716835079526276
387,B,2,22.889247348145357,2024-08-17,45.77849469629071,-0.5723302047111297
912,D,1,35.36165465568756,2024-04-25,35.36165465568756,-0.730148857295588
350,D,4,22.030209558562163,2024-09-17,88.12083823424865,0.06917063223959748
296,B,2,13.998835520962732,2024-11-11,27.997671041925464,-0.8417157016599057
258,C,2,44.23556564489781,2024-11-16,88.47113128979561,0.07447769060092684
81,B,2,46.49699213572488,2024-05-06,92.99398427144976,0.1430004442018287
937,C,4,33.20289724133518,2024-01-28,132.81158896534072,0.746250633072601
268,B,5,41.50178470390341,2024-12-04,207.50892351951703,1.8779405356765029
419,B,4,49.39935596486389,2024-08-15,197.59742385945555,1.727777960908613
235,B,6,32.66486383189216,2024-05-08,195.98918299135295,1.7034125673875549
833,D,200,45.89566894625061,2024-01-29,183.58267578500244,1.5154497837647163
311,A,3,21.166463737415643,2024-06-27,63.49939121224693,-0.3038526241938331
975,D,2,7.511245983358085,2024-06-08,15.02249196671617,-1.038294056584229
986,A,5,40.50372000245652,2024-11-15,202.5186000122826,1.8023354453801672
357,A,4,42.34114151283053,2024-10-14,169.36456605132213,1.300040608648164
213,B,6,23.05289464132964,2024-09-21,138.31736784797783,0.829665046781448
574,C,5,33.75297571447983,2024-10-23,168.76487857239914,1.2909551403558126
49,C,4,43.62624960765614,2024-01-25,174.50499843062457,1.377919899166295
127,C,3,44.76236740290726,2024-05-24,134.28710220872176,0.7686051581524962
223,B,2,9.793918594247042,2024-06-23,19.587837188494085,-0.9691275311623634
921,C,2,42.23694859398038,2024-01-08,84.47389718796076,0.013918240944666512
279,D,4,17.340950836674512,2024-11-09,69.36380334669805,-0.21500479532715935
408,D,2,37.72881033519845,2024-04-18,75.4576206703969,-0.12268140019261155
505,D,1,19.632386907164992,2024-05-08,19.632386907164992,-0.9684525878449798
294,D,2,7.534835178375971,2024-01-02,15.069670356751942,-1.0375792880058954
796,A,2,14.44418194329984,2024-01-10,28.88836388659968,-0.8282214035747675
277,D,5,23.390229912218786,2024-12-12,116.95114956109391,0.5059596075390316
438,C,6,38.35528790274692,2024-04-26,230.1317274164815,2.220683672250062
107,B,6,9.531663229056091,2024-11-14,57.18997937433656,-0.39944234919471633
658,C,1,41.58203562050719,2024-01-11,41.58203562050719,-0.63590798015786
420,D,1,49.86279913830848,2024-04-05,49.86279913830848,-0.5104516099288832
611,A,4,40.47159394306064,2024-04-02,161.88637577224256,1.186743494646767
429,D,6,26.318143401299665,2024-04-11,157.908860407798,1.126482790536514
375,B,2,30.567209488067583,2024-04-07,61.13441897613517,-0.3396827540842791
73,C,6,5.277222873620355,2024-10-08,31.66333724172213,-0.7861796179510878
949,B,300,14.417322703492884,2024-10-21,86.5039362209573,0.04467401943724097
634,B,1,5.977823123083364,2024-06-04,5.977823123083364,-1.1753238510718969
30,C,4,45.715772880364185,2024-05-24,182.86309152145677,1.5045478386017779
188,D,5,10.096367365767533,2024-12-29,50.48183682883767,-0.5010729793808946
364,B,2,10.988335848147544,2024-07-29,21.976671696295085,-0.9329358797787464
866,C,1,12.890745988561507,2024-06-03,12.890745988561507,-1.0705907297224706
800,A,1,40.97233962298383,2024-08-29,40.97233962298383,-0.6451450808947647
451,C,3,26.518395890407074,2024-03-16,79.55518767122122,-0.060601873155236616
195,A,2,11.533848360351907,2024-11-18,23.06769672070381,-0.9164064813607075
156,C,5,35.906081884939624,2024-06-23,179.53040942469812,1.4540565767649163
172,D,2,47.33097648465998,2024-04-20,94.66195296931996,0.16827073456098504
847,B,4,30.760316341136235,2024-01-18,123.04126536454494,0.5982269233889067
41,D,4,9.441500257424233,2024-10-17,37.76600102969693,-0.6937221958883427
63,C,3,7.463777277989291,2024-09-30,22.39133183396787,-0.9266536383357632
23,B,3,40.81425619440923,2024-08-25,122.44276858322768,0.5891594945683182
360,A,4,33.173764356849574,2024-07-16,132.6950574273983,0.7444851408283135
75,C,3,46.51958026060706,2024-06-10,139.55874078182117,0.8484722669182975
560,B,2,29.626256797159456,2024-07-18,59.25251359431891,-0.3681942576200948
672,A,3,7.807793145937402,2024-08-21,23.423379437812205,-0.9110177678023897
825,A,4,23.16590824993926,2024-12-05,92.66363299975704,0.13799551061593401
118,D,0,34.60958098661381,2024-02-12,0.0,-1.2658898948045423
612,C,1,22.31984079217684,2024-03-22,22.31984079217684,-0.9277367518177155
380,A,0,49.98161285331049,2024-01-27,0.0,-1.2658898948045423
929,B,3,23.242037615318527,2024-10-30,69.72611284595558,-0.20951568377619967
920,A,1,29.58062569013976,2024-03-09,29.58062569013976,-0.8177334029292226
679,A,5,15.142641468065577,2024-07-17,75.71320734032787,-0.1188091756302847
290,D,3,11.846219193598628,2024-08-03,35.538657580795885,-0.7274672030669332
440,D,1,34.03874923534629,2024-05-03,34.03874923534629,-0.7501913222006023
668,B,4,31.487573611205693,2024-01-16,125.95029444482276,0.6422996986248668
933,D,4,5.195248583282791,2024-05-05,20.780994333131165,-0.9510507965524269
7,A,4,17.815169065898395,2024-01-14,71.26067626359358,-0.18626652856857037
196,A,4,33.961080785581146,2024-02-08,135.84432314232458,0.7921975823962768
421,D,5,41.55122055796024,2024-07-17,207.7561027898012,1.8816853852883817
568,A,3,19.056589386792997,2024-04-17,57.16976816037898,-0.39974855592741537
833,A,4,34.134636617998424,2024-09-24,136.5385464719937,0.8027153008266283
193,B,5,16.936606856788078,2024-12-18,84.68303428394039,0.017086738739034133
559,D,3,36.06709525831563,2024-11-06,108.2012857749469,0.373396209460077
148,A,3,36.40765993981081,2024-02-09,109.22297981943244,0.38887522006461517
787,D,3,10.860055948381554,2024-12-12,32.58016784514466,-0.7722893239736102
669,B,5,34.92904027896522,2024-09-25,174.64520139482607,1.3800440215308876
202,D,5,20.01052317561664,2024-03-09,100.0526158780832,0.24994110230033384
444,A,2,12.766771921668234,2024-05-31,25.533543843336467,-0.8790480627945895
914,D,3,27.51625547481984,2024-07-05,82.54876642445952,-0.015248141754924607
988,A,4,25.35335077589245,2024-12-17,101.41340310356982,0.27055748937581464
419,A,1,39.82436649778986,2024-08-28,39.82436649778986,-0.6625372623159159
427,A,7,8.803197912254834,2024-08-14,61.62238538578384,-0.3322898978076102
479,B,2,40.53889709743014,2024-07-22,81.07779419486027,-0.0375338689389495
475,D,1,9.773706294918306,2024-09-23,9.773706294918306,-1.1178149361598924
126,B,1,14.335656263557786,2024-04-27,14.335656263557786,-1.0486998499723243
395,D,1,28.214695324835198,2024-11-12,28.214695324835198,-0.8384277103138333
817,B,3,25.8428570010091,2024-10-18,77.52857100302731,-0.09130580166262377
881,C,4,49.49865386303217,2024-08-09,197.99461545212867,1.7337955479819687
806,A,5,31.52631709680977,2024-03-03,157.63158548404886,1.1222819815876408
576,A,5,19.734601786111128,2024-01-05,98.67300893055564,0.22903959006569355
325,B,5,45.50669908447935,2024-11-29,227.53349542239675,2.1813195780708314
392,C,2,19.049673055212665,2024-10-18,38.09934611042533,-0.6886719050821907
930,A,5,17.319903583473053,2024-05-24,86.59951791736526,0.046122114491023505
688,D,5,27.246730783948674,2024-05-29,136.23365391974338,0.7980960754577422
628,B,2,46.09286530128856,2024-06-07,92.18573060257712,0.13075512753470833
440,A,1,36.88314148664774,2024-09-25,36.88314148664774,-0.7070978168023878
204,A,5,35.486744696029874,2024-11-14,177.43372348014935,1.4222910750031845
833,B,3,34.68382748491497,2024-03-09,104.05148245474491,0.3105252845027933
31,D,2,39.19083618505756,2024-07-10,78.38167237011513,-0.07838102718716174
388,D,7,13.674290977811006,2024-04-11,95.72003684467704,0.18430106342072708
625,A,2,12.976622904272066,2024-02-01,25.95324580854413,-0.8726894359578576
877,A,2,21.29735047061317,2024-07-20,42.59470094122634,-0.6205657577744921
434,B,1,43.29319004581247,2024-09-22,43.29319004581247,-0.6099834114102366
837,A,5,37.150439697351935,2024-04-17,185.75219848675968,1.5483187870524828
926,A,1,30.49130042792461,2024-02-23,30.49130042792461,-0.8039363723998387
376,B,0,5.875134686515392,2024-12-03,0.0,-1.2658898948045423
344,A,2,15.611102777113995,2024-07-08,31.22220555422799,-0.7928629123341513
443,A,3,41.15812741474545,2024-08-26,123.47438224423637,0.6047887907208475
579,C,2,15.91190118878984,2024-12-08,31.82380237757968,-0.783748516827416
75,D,4,37.86305887359263,2024-12-03,151.4522354943705,1.0286627376117723
557,B,2,13.30854192184478,2024-10-17,26.61708384368956,-0.8626320650245799
772,C,5,32.28654011897114,2024-11-18,161.4327005948557,1.1798701621460155
666,D,1,33.26951150152257,2024-11-16,33.26951150152257,-0.7618455342453283
155,D,3,38.83848015589167,2024-09-29,116.51544046767502,0.49935846729168804
430,D,1,24.7254080403038,2024-02-11,24.7254080403038,-0.8912915937543382
363,C,2,33.47036145884626,2024-07-16,66.94072291769253,-0.25171528400883836
448,C,2,26.913640492412824,2024-04-30,53.82728098482565,-0.4503883680269122
987,D,5,47.63021204292408,2024-11-29,238.1510602146204,2.3421792785851436
234,A,2,28.484632715832834,2024-10-10,56.96926543166567,-0.4027862401350736
563,A,5,14.431904740768452,2024-10-21,72.15952370384227,-0.17264868560025082
818,C,2,35.05516471123863,2024-06-30,70.11032942247726,-0.20369467258941812
262,C,2,29.681029769378608,2024-04-09,59.362059538757215,-0.3665345994819303
827,C,2,41.1723273749066,2024-01-11,82.3446547498132,-0.018340502715050604
125,D,1,12.961021891695962,2024-08-20,12.961021891695962,-1.0695260260024744
911,A,3,16.74228212032572,2024-04-26,50.22684636097716,-0.5049361712800472
245,C,5,46.47330983289749,2024-03-04,232.36654916448745,2.2545419781914022
938,B,2,24.901554491370096,2024-03-23,49.80310898274019,-0.5113559359901096
485,D,3,7.148803195329345,2024-01-02,21.44640958598804,-0.9409695302369524
122,B,0,18.794978088168182,2024-10-25,0.0,-1.2658898948045423
125,A,3,16.120519448957516,2024-08-04,48.36155834687255,-0.5331959160702614
549,B,1,23.66045833977148,2024-08-29,23.66045833977148,-0.9074259421894805
170,B,1,19.30102784953644,2024-10-23,19.30102784953644,-0.9734727897289251
124,B,2,42.30465547336044,2024-02-29,84.60931094672088,0.01596980522573635
869,D,3,5.136620860645432,2024-07-21,15.409862581936297,-1.0324252606435635
35,A,5,34.008433408017424,2024-02-09,170.04216704008712,1.310306492987365
87,B,2,34.89216013202195,2024-11-10,69.7843202640439,-0.20863382168968286
646,D,3,34.72819588800693,2024-02-14,104.1845876640208,0.31254187347776197
708,A,1,28.42676062315564,2024-10-24,28.42676062315564,-0.8352148492628427
786,C,1,32.49968328994113,2024-04-28,32.49968328994113,-0.773508692227953
201,B,5,41.47224401916906,2024-05-10,207.3612200958453,1.8757027788121254
369,A,0,40.28885504097716,2024-10-06,0.0,-1.2658898948045423
797,B,4,6.5581419730284685,2024-02-19,26.232567892113877,-0.8684576118447642
77,C,5,6.369644108178899,2024-03-28,31.84822054089449,-0.7833785733879556
59,A,5,42.75251657467211,2024-01-21,213.76258287336051,1.9726855916722583
431,D,4,30.862835938875328,2024-08-19,123.45134375550133,0.604439749818273
638,A,4,48.08423008711365,2024-02-12,192.3369203484546,1.648079552102682
500,D,2,24.42162186124141,2024-01-23,48.84324372248282,-0.5258982195853253
913,A,4,12.953381962808471,2024-08-03,51.813527851233886,-0.4808974096309322
109,D,1,26.29557105745141,2024-10-03,26.29557105745141,-0.8675030925641216
736,C,4,24.64449385826854,2024-07-12,98.57797543307416,0.22759980041120564
278,C,2,28.27298216473324,2024-08-02,56.54596432946647,-0.4091993951154898
68,C,4,41.35762552446275,2024-06-27,165.430502097851,1.2404382081219145
69,A,7,34.50127945715492,2024-05-22,241.50895620008447,2.3930525393704762
165,C,5,13.337389732971866,2024-11-09,66.68694866485933,-0.25556004983865366
489,B,2,38.05147653597776,2024-01-26,76.10295307195553,-0.11290439587209816
305,C,2,31.63532959752942,2024-08-05,63.27065919505884,-0.3073179916771432
909,D,2,31.02398287419566,2024-02-28,62.04796574839132,-0.32584221126050755
674,D,4,35.52155970960358,2024-12-11,142.08623883841432,0.8867647180019824
365,D,2,30.378445639543926,2024-02-14,60.75689127908785,-0.3454024264829226
854,A,1,25.5881181352142,2024-08-11,25.5881181352142,-0.8782212437999305
821,B,1,33.81711272663432,2024-12-15,33.81711272663432,-0.7535491903287588
379,C,1,37.56771812977588,2024-09-12,37.56771812977588,-0.696726248938414
343,B,3,15.159512427403577,2024-04-19,45.47853728221073,-0.576874661066253
947,B,3,27.367245240715064,2024-11-15,82.1017357221452,-0.022020808209256133
899,D,2,25.61776084693056,2024-12-05,51.23552169386112,-0.48965439856294307
554,D,6,6.795647177507973,2024-09-06,40.77388306504784,-0.6481517649225434
354,D,3,42.54973953908026,2024-03-17,127.6492186172408,0.6680389749014618
416,A,2,21.982191077229096,2024-10-09,43.96438215445819,-0.599814623774168
109,B,4,8.271015494054396,2024-03-27,33.08406197621758,-0.7646551573260304
563,B,2,25.60545936844166,2024-09-06,51.21091873688332,-0.49002714168894823
762,A,2,12.26663627412188,2024-07-26,24.53327254824376,-0.894202511494495
497,A,4,36.69864865855992,2024-06-07,146.79459463423967,0.9580979020279472
341,A,2,30.72972088254432,2024-01-12,61.45944176508864,-0.3347585488155085
942,B,5,17.155121314007083,2024-08-12,85.77560657003542,0.03363957869534931
383,B,3,47.77132366179383,2024-12-23,143.3139709853815,0.9053652756004235
533,D,4,18.12854067150113,2024-10-27,72.51416268600454,-0.16727578497965795
300,D,6,29.97486081396143,2024-02-01,179.8491648837686,1.4588858298645473
139,B,3,41.07055209309721,2024-02-23,123.21165627929165,0.6008084034225006
359,D,1,28.12515340795196,2024-08-29,28.12515340795196,-0.839784300663427
836,A,3,48.23850540988783,2024-04-24,144.71551622966348,0.9265991604567306
499,C,2,42.97345551407815,2024-10-14,85.9469110281563,0.036234899220284764
385,D,4,46.44585563004031,2024-04-13,185.78342252016125,1.548791841727459
604,B,0,21.771616268949757,2024-11-06,0.0,-1.2658898948045423
959,D,4,29.67599378350664,2024-10-23,118.70397513402656,0.5325155082783689
280,D,3,42.80748329720303,2024-05-06,128.4224498916091,0.6797536904372012
637,D,2,45.65750154362356,2024-02-09,91.31500308724712,0.11756331094714771
483,C,2,47.49636100858346,2024-03-12,94.99272201716693,0.17328199759702861
909,A,3,44.56183969758901,2024-08-22,133.68551909276704,0.7594909703174647
111,B,3,37.88397068338554,2024-09-03,113.65191205015662,0.45597504249793525
866,C,4,6.08966624893685,2024-10-20,24.3586649957474,-0.8968478750172749
139,B,4,19.17290522639584,2024-09-03,76.69162090558336,-0.10398587893597956
996,B,1,10.80213282020437,2024-11-07,10.80213282020437,-1.102233926192366
435,B,5,11.964137060306673,2024-02-03,59.82068530153336,-0.35958626393682
509,C,2,18.090823432230135,2024-05-08,36.18164686446028,-0.7177256977756332
273,A,1,8.363320573484867,2024-01-10,8.363320573484867,-1.1391827572374342
99,B,3,15.9364315545897,2024-06-16,47.80929466376909,-0.5415628978035887
764,A,4,48.06404764426134,2024-09-28,192.25619057704537,1.64685646873982
850,A,0,19.03746103646881,2024-08-03,0.0,-1.2658898948045423
104,D,4,12.18708814658106,2024-08-27,48.748352586324245,-0.5273358524175836
214,C,2,37.32350811889135,2024-01-14,74.6470162377827,-0.13496233172612074
761,C,5,42.28273175235124,2024-03-30,211.4136587617562,1.9370985963001883
664,D,4,19.13170323184176,2024-01-18,76.52681292736703,-0.10648277559138448
762,D,3,17.532378976026692,2024-12-05,52.59713692808008,-0.46902546687489677
787,A,11,15.879179655726508,2024-06-17,174.6709762129916,1.3804345187505471
165,B,1,22.6967557579868,2024-02-25,22.6967557579868,-0.9220263625047199
999,C,1,8.925429102750131,2024-06-12,8.925429102750131,-1.1306666227523992
853,B,3,35.11081519502929,2024-05-31,105.33244558508788,0.3299323095173957
520,B,2,42.00018463654065,2024-03-30,84.0003692730813,0.006744132751000082
284,D,5,34.86570258826481,2024-10-11,174.32851294132405,1.375246084265274
517,B,1,23.95398604518718,2024-01-22,23.95398604518718,-0.9029788980969967
657,A,1,18.00330113049077,2024-09-23,18.00330113049077,-0.9931337887866374
613,D,3,23.42507740302081,2024-10-23,70.27523220906244,-0.20119633955513377
164,B,2,24.0726868199262,2024-09-02,48.1453736398524,-0.5364711875574206
886,D,4,34.97093728126282,2024-05-18,139.88374912505128,0.8533962533294696
659,A,2,46.76271600427542,2024-02-21,93.52543200855084,0.15105205730728394
64,A,2,8.176392025157249,2024-03-07,16.352784050314497,-1.0181396812305779
91,B,3,47.90091167976299,2024-03-25,143.70273503928897,0.9112551826088635
117,D,5,45.95905776029155,2024-09-06,229.79528880145776,2.2155865133522132
866,B,3,10.29795351543,2024-11-26,30.89386054629,-0.7978374503450668
267,B,5,13.261326398840025,2024-05-02,66.30663199420012,-0.2613219761315497
822,D,1,19.02180206511153,2024-07-20,19.02180206511153,-0.9777031548773782
685,B,4,30.18497184343364,2024-01-06,120.73988737373456,0.5633602678406285
559,A,2,11.0514288235376,2024-12-02,22.1028576470752,-0.9310241199120707
140,D,3,14.015072897234916,2024-07-17,42.04521869170475,-0.6288905998475738
246,D,0,45.62038822728556,2024-08-11,0.0,-1.2658898948045423
661,D,1,9.91852838469166,2024-01-13,9.91852838469166,-1.1156208324793704
758,D,3,22.94952193127028,2024-01-06,68.84856579381082,-0.22281081865483135
395,B,2,39.335079994641895,2024-04-30,78.67015998928379,-0.07401034210732628
487,B,4,44.986240260083214,2024-02-14,179.94496104033286,1.46033717406229
476,A,2,20.121915316850952,2024-12-27,40.243830633701904,-0.6561822386735149
517,C,2,12.399687741090478,2024-01-26,24.79937548218096,-0.8901709619728506
977,C,3,38.16552465930027,2024-01-04,114.4965739779008,0.468771956610697
184,A,4,39.76509914029295,2024-10-19,159.0603965611718,1.1439289530406302
937,A,0,11.279383314953192,2024-10-10,0.0,-1.2658898948045423
558,B,0,36.9239397201208,2024-07-28,0.0,-1.2658898948045423
524,D,2,23.77816419805949,2024-10-14,47.55632839611897,-0.5453954223843875
582,D,4,46.15832469053544,2024-12-24,184.63329876214175,1.5313670774910388
529,B,1,23.35238979500236,2024-06-29,23.35238979500236,-0.9120932849200599
883,D,2,25.06821690031997,2024-09-09,50.13643380063995,-0.5063059521726703
147,D,0,10.705846918403036,2024-10-08,0.0,-1.2658898948045423
666,C,2,19.442155329089594,2024-05-24,38.88431065817919,-0.6767794264830944
304,B,4,23.03782116765279,2024-04-25,92.15128467061116,0.13023326000590935
620,C,4,5.787893947003292,2024-12-14,23.15157578801317,-0.9151356850989615
748,C,2,24.690851079927302,2024-01-30,49.38170215985461,-0.5177403919977348
820,D,6,20.13433480702878,2024-08-29,120.80600884217267,0.5643620304687513
864,D,1,41.172788111022136,2024-01-05,41.172788111022136,-0.6421082184516926
582,B,2,9.820067605060682,2024-09-18,19.640135210121365,-0.9683351984324876
695,D,4,39.2095007115301,2024-04-15,156.83800284612042,1.1102589360052844
762,D,6,37.13051944745303,2024-05-03,222.7831166847182,2.1093497322515535
228,B,3,15.880204750239766,2024-11-21,47.640614250719295,-0.544118463157491
102,D,0,8.74722507538087,2024-05-17,0.0,-1.2658898948045423
587,C,2,42.88250505900632,2024-04-15,85.76501011801264,0.03347903886043845
417,B,1,16.224351923521105,2024-07-31,16.224351923521105,-1.020085471424157
958,D,3,11.55020538681942,2024-10-26,34.65061616045826,-0.7409213311758984
216,A,3,21.15664708609365,2024-02-25,63.46994125828094,-0.30429880096485673
407,B,3,23.03972706465734,2024-05-11,69.11918119397203,-0.2187109037424802
399,B,4,19.673959090103963,2024-09-25,78.69583636041585,-0.07362133639354686
715,D,2,44.63693011833576,2024-07-20,89.27386023667151,0.08663930585974777
704,D,1,44.28389734065899,2024-07-26,44.28389734065899,-0.5949738605513547
761,B,1,22.94454157343465,2024-10-01,22.94454157343465,-0.9182723235283035
499,B,4,48.329133788232205,2024-03-30,193.3165351529288,1.6629210479777548
754,D,2,35.78068833312639,2024-07-08,71.56137666625278,-0.18171081568497965
465,D,1,42.43976009172845,2024-09-21,42.43976009172845,-0.6229131640899137
691,C,2,27.53938062744629,2024-02-15,55.07876125489258,-0.43142801832506916
949,B,6,12.227778193970856,2024-11-07,73.36666916382514,-0.1543600232779568
974,B,4,44.909847724310445,2024-11-25,179.63939089724178,1.4557076829628104
731,A,3,26.88920327174785,2024-02-09,80.66760981524355,-0.04374830113239566
604,D,4,16.468745513113603,2024-04-22,65.87498205245441,-0.2678616188570727
687,D,4,15.009110688746707,2024-03-02,60.03644275498683,-0.356317465485816
751,D,2,21.567504111056124,2024-08-14,43.13500822211225,-0.6123799195818526
772,C,0,31.73074353162167,2024-06-22,0.0,-1.2658898948045423
163,C,1,26.431358401749765,2024-10-01,26.431358401749765,-0.8654458683356937
48,A,3,8.457213058884586,2024-04-23,25.37163917665376,-0.8815009732975256
511,C,3,27.32216682722456,2024-04-17,81.96650048167368,-0.024069667877827383
329,A,4,20.060957864137837,2024-05-22,80.24383145655133,-0.05016868671022648
116,C,3,13.20240128745702,2024-10-20,39.60720386237106,-0.6658273497493312
941,C,4,22.72605461381088,2024-10-03,90.90421845524352,0.11133978472686253
849,A,4,48.47536193002399,2024-02-20,193.901447720096,1.6717826713558843
337,C,3,8.999032965363607,2024-10-02,26.997098896090822,-0.8568747083503857
881,C,3,32.10503710735222,2024-08-21,96.31511132205664,0.19331664317825314
737,D,6,9.079170307184109,2024-08-29,54.475021843104656,-0.4405748747718526
864,C,5,12.06480451729819,2024-09-14,60.32402258649096,-0.35196053369637287
840,B,3,32.222047487587574,2024-08-24,96.66614246276272,0.19863488377957583
147,A,4,24.97979851600039,2024-02-01,99.91919406400156,0.2479197166553912
575,C,4,29.68245486275767,2024-12-13,118.72981945103068,0.5329070584289575
806,A,3,44.59424767677917,2024-09-04,133.7827430303375,0.7609639458807373
323,A,2,41.77581091299376,2024-05-11,83.55162182598752,-5.45429678367402e-05
443,A,4,44.95916522428308,2024-09-19,179.8366608971323,1.4586963902345653
837,C,3,32.73147143771956,2024-09-15,98.19441431315866,0.22178871961387156
13,C,3,27.03394263713064,2024-10-07,81.10182791139192,-0.037169749998384315
943,A,2,25.663891180100983,2024-09-06,51.32778236020197,-0.4882566182388042
494,B,6,38.291385030009984,2024-09-21,229.7483101800599,2.2148747713363632
701,A,2,28.458494524623333,2024-08-02,56.916989049246666,-0.40357824502361933
287,B,1,9.759595831799846,2024-08-02,9.759595831799846,-1.1180287144523513
720,A,3,11.38725608262176,2024-10-08,34.161768247865275,-0.7483275425205513
114,D,0,21.068724547125612,2024-11-15,0.0,-1.2658898948045423
480,A,1,8.052051738703492,2024-01-18,8.052051738703492,-1.1438985854449573
22,A,2,15.76540487569686,2024-12-12,31.53080975139372,-0.7881874542884517
349,C,2,34.538038394609586,2024-01-02,69.07607678921917,-0.21936395006478474
726,B,5,5.559364053376095,2024-01-01,27.796820266880477,-0.8447586588872982
683,D,6,32.18417895116741,2024-10-30,193.1050737070045,1.6597173354949621
835,B,5,39.75606154408236,2024-12-28,198.78030772041177,1.7456990517934072
566,D,1,12.65691881889938,2024-08-03,12.65691881889938,-1.0741332904904073
906,A,2,13.143585344108388,2024-06-12,26.287170688216776,-0.8676303610014457
810,C,3,6.29853649310663,2024-07-09,18.895609479319887,-0.9796150152667246
320,C,5,28.060251747505767,2024-03-15,140.30125873752883,0.8597216652802564
126,B,3,34.456440059272275,2024-01-26,103.36932017781685,0.30019029510398326
277,C,4,25.56093119380785,2024-09-18,102.2437247752314,0.2831371437549288
976,B,6,22.52519643317953,2024-10-08,135.15117859907718,0.7816962079453699
204,B,3,25.448576778215024,2024-08-08,76.34573033464507,-0.10922623816530205
194,D,3,40.168769842609485,2024-02-12,120.50630952782844,0.5598214844119881
681,B,3,6.5081438305411545,2024-05-01,19.524431491623464,-0.9700881489319841
664,D,5,40.27183523746738,2024-05-08,201.35917618733689,1.7847697819818593
547,C,6,34.9853952050056,2024-09-21,209.9123712300336,1.9143535820276463
696,B,2,15.864194937083894,2024-10-09,31.72838987416779,-0.7851940485500384
286,B,6,28.6132876808082,2024-03-11,171.6797260848492,1.3351160668086481
57,A,8,7.218080179360004,2024-09-15,57.74464143488003,-0.39103903123135236
734,B,4,22.081490165268555,2024-07-19,88.32596066107422,0.07227830643736609
303,B,3,12.83191155847107,2024-05-09,38.49573467541321,-0.6826664841500812
163,A,1,6.00351737092943,2024-11-25,6.00351737092943,-1.1749345745198494
19,A,1,21.069027399468464,2024-03-21,21.069027399468464,-0.9466869981018469
370,C,6,37.6750587827496,2024-09-10,226.0503526964976,2.158849463748303
264,B,3,46.44598403112819,2024-03-05,139.33795209338456,0.845127243554289
794,C,3,34.80185808907924,2024-05-25,104.40557426723772,0.31588989531768386
113,C,3,23.08865576586757,2024-05-13,69.26596729760271,-0.21648704458722562
488,A,1,49.977325058084496,2024-04-11,49.977325058084496,-0.5087165034786933
327,D,5,17.732457864509463,2024-02-11,88.66228932254731,0.07737379950170463
542,C,4,13.420914471868125,2024-07-14,53.6836578874725,-0.4525643065664242
647,D,2,25.86570211516631,2024-12-25,51.73140423033262,-0.482141610285399
579,B,2,27.721013694881343,2024-09-16,55.44202738976269,-0.42592441342076975
65,A,4,20.967052101949683,2024-04-08,83.86820840779873,0.004741850907178672
292,B,3,36.297458557039405,2024-03-05,108.89237567111822,0.3838664553123091
25,B,3,13.27389853676977,2024-10-23,39.82169561030931,-0.662577727165308
549,A,6,27.965289188786272,2024-08-10,167.79173513271763,1.2762116878478245
1,B,4,27.505713132535472,2024-09-01,110.02285253014188,0.40099356237871414
911,A,0,42.070389020673765,2024-07-01,0.0,-1.2658898948045423
549,D,3,46.713568944236215,2024-05-28,140.14070683270864,0.8572892495774304
141,B,4,34.84696431697968,2024-04-25,139.38785726791872,0.8458833238407554
744,A,2,18.74172156505885,2024-11-15,37.4834431301177,-0.6980030437092627
648,C,3,36.03249589407309,2024-09-14,108.09748768221928,0.3718236332209049
901,B,4,16.311700815822544,2024-03-19,65.24680326329018,-0.2773787401435292
188,D,2,48.49449757157919,2024-08-18,96.98899514315838,0.20352621116914116
128,A,3,42.00629535872208,2024-12-22,126.01888607616624,0.6433388850571249
201,B,3,24.403561495971708,2024-04-28,73.21068448791513,-0.15672324391684406
257,B,1,23.389504041285864,2024-01-09,23.389504041285864,-0.9115309915261594
676,D,4,8.357457145088654,2024-10-05,33.42982858035462,-0.7594166762357082
547,A,2,36.80459928502725,2024-09-26,73.60919857005449,-0.1506856206804289
194,C,2,23.207622486279824,2024-02-23,46.41524497255965,-0.5626832224936964
703,C,2,46.86439175527378,2024-02-14,93.72878351054756,0.15413290139445973
104,C,2,18.7952546448179,2024-08-12,37.5905092896358,-0.6963809551520154
535,A,3,42.9499769654567,2024-01-16,128.8499308963701,0.6862301723562734
802,D,2,43.399607725755104,2024-07-18,86.79921545151021,0.049147599728422746
942,A,1,18.13468446921,2024-08-28,18.13468446921,-0.9911432867334335
974,B,2,25.760543149338982,2024-04-11,51.52108629867797,-0.4853279981399412
384,D,2,42.04080550559436,2024-04-04,84.08161101118871,0.007974972582633732
260,B,3,33.97184686330401,2024-12-30,101.91554058991204,0.27816504226112204
414,C,2,21.196485477290057,2024-07-03,42.39297095458012,-0.6236220353552453
991,D,3,28.039803156918502,2024-05-15,84.1194094707555,0.00854763203937365
358,A,1,49.8244142463474,2024-01-25,49.8244142463474,-0.5110331540348967
75,D,2,38.383159793624685,2024-11-13,76.76631958724937,-0.10285416862417546
355,B,0,32.65351937510131,2024-11-28,0.0,-1.2658898948045423
584,A,4,42.256012119508206,2024-02-19,169.02404847803282,1.294881652151916
771,D,1,24.891365244747657,2024-06-17,24.891365244747657,-0.8887772859325876
910,D,1,47.75288020910085,2024-10-16,47.75288020910085,-0.5424175958873957
188,D,4,29.840955291306148,2024-04-09,119.3638211652246,0.5425123990006007
973,D,2,19.709246733182983,2024-03-21,39.418493466365966,-0.6686863761249037
685,A,2,8.870898990723452,2024-01-12,17.741797981446904,-0.9970956500101784
992,B,5,21.906284866125056,2024-07-26,109.53142433062528,0.3935482588137739
290,D,4,30.588726966645662,2024-03-17,122.35490786658266,0.5878283749713988
45,A,3,36.64616624299599,2024-03-15,109.93849872898797,0.3997155737385318
573,B,0,44.3802511809983,2024-06-18,0.0,-1.2658898948045423
83,D,4,47.47823758957167,2024-11-06,189.91295035828668,1.6113555862682873
123,B,0,9.610423078150747,2024-12-13,0.0,-1.2658898948045423
358,B,2,32.04072436990167,2024-06-27,64.08144873980334,-0.2950342556322021
528,A,1,34.99653421233617,2024-03-28,34.99653421233617,-0.7356805556010387
66,B,7,12.742871764701146,2024-09-21,89.20010235290802,0.08552184895461502
936,A,4,29.55203061185368,2024-08-09,118.20812244741472,0.5250031722363024
657,D,3,20.06751360111238,2024-01-03,60.20254080333714,-0.3538010238312087
375,B,5,8.483779939366102,2024-04-27,42.41889969683051,-0.6232292061335989
162,B,0,7.963969602521399,2024-05-15,0.0,-1.2658898948045423
746,C,6,39.164584119946255,2024-07-05,234.98750471967756,2.2942503420130187
380,D,4,32.695495334240974,2024-01-30,130.7819813369639,0.7155013905060403
656,D,1,37.180475520366585,2024-03-07,37.180475520366585,-0.702593105547717
358,C,1,35.8375169541377,2024-11-06,35.8375169541377,-0.7229393824006662
188,C,4,11.0440534900634,2024-10-25,44.176213960253605,-0.596605300213966
322,A,1,11.82043654356774,2024-08-04,11.82043654356774,-1.08680628010041
450,A,4,16.361767589320245,2024-06-06,65.44707035728098,-0.2743446258816764
474,B,3,22.95952641341104,2024-03-11,68.87857924023311,-0.22235610478235962
13,B,4,47.26293012219344,2024-11-13,189.05172048877373,1.5983076622296886
184,B,2,35.3251562622325,2024-04-19,70.650312524465,-0.1955137458168164
111,B,1,16.482737050251558,2024-10-11,16.482737050251558,-1.0161708492940755
927,A,2,7.519284582230297,2024-09-14,15.038569164460592,-1.0380504815964717
508,D,5,35.79007688628679,2024-03-30,178.95038443143395,1.4452690017857999
290,B,3,33.139331186722345,2024-12-26,99.41799356016703,0.24032635937223218
295,D,3,35.40935382629616,2024-02-26,106.22806147888848,0.34350119346318886
451,B,3,16.75308443263609,2024-10-24,50.25925329790827,-0.5044451952162003
904,C,3,28.26334477514135,2024-02-18,84.79003432542405,0.01870782558567965
215,B,3,21.276626062617005,2024-07-03,63.829878187851016,-0.29884563464774705
974,B,0,41.79645225255853,2024-07-17,0.0,-1.2658898948045423
